Rows (pixels): 200
Columns (features): 200

Covariance Matrix:
194.992 202.43 207.609 210.396 221.04 215.622 215.624 220.789 212.446 220.601 222.788 220.692 221.314 225.16 217.448 209.588 202.978 195.297 188.488 182.434 176.738 170.962 165.622 159.925 155.142 148.552 143.133 136.98 131.303 126.857 122.013 116.972 112.128 106.829 106.908 132.315 141.783 145.932 148.254 148.512 147.659 147.539 133.724 126.916 120.941 116.793 112.049 110.362 107.702 105.003 100.735 99.3058 96.3681 95.9314 89.5201 86.9992 98.7593 -62.5902 -150.462 -150.646 -143.074 -104.277 -50.2636 20.2126 88.7686 119.933 114.748 113.974 109.826 107.404 107.206 105.796 106.71 104.367 101.985 98.8889 96.1497 95.8322 94.145 92.7754 94.4626 94.5269 55.3018 -11.0015 -73.4789 -116.306 -156.267 -185.449 -162.427 51.5857 35.8676 35.7485 35.0339 34.0415 33.704 33.6842 33.6048 33.5849 33.4261 33.2475 34.0018 33.6643 33.6445 34.0018 34.1804 34.2796 34.0018 35.3912 36.6417 36.999 38.6068 23.8987 -180.725 -191.388 -184.083 -143.28 -94.7201 -26.0224 47.7186 93.0558 96.2291 98.4324 98.1148 100.477 102.144 104.288 106.829 105.896 106.829 105.916 109.548 113.002 112.903 115.423 117.369 122.731 97.0724 31.2216 -26.3781 -75.7952 -108.116 -143.222 -131.791 106.575 88.4681 94.3038 95.4749 96.6658 99.6432 103.613 105.618 107.384 109.766 113.339 118.56 121.279 126.598 135.352 142.557 143.709 142.895 141.585 138.865 133.268 123.78 98.6111 104.367 109.151 114.153 118.302 123.204 128.782 133.506 139.282 145.058 150.993 157.345 162.585 168.004 172.986 178.901 185.094 190.97 198.135 205.162 212.486 220.763 228.329 223.902 221.602 225.954 222.063 218.273 224.547 219.988 221.398 221.14 210.317 197.274 190.354 
202.43 442.351 470.541 487.408 507.223 507.896 500.357 510.679 501.274 510.78 518.651 514.334 514.258 521.094 514.216 496.379 480.725 462.532 446.407 432.069 418.577 404.898 392.252 378.76 367.431 351.823 338.989 324.768 313.022 302.763 291.564 280.98 270.052 259.254 257.432 258.952 245.567 248.909 252.274 250.684 251.301 262.104 253.938 240.527 225.895 231.572 242.181 242.959 235.353 232.598 226.737 224.709 218.314 216.858 206.317 203.934 219.355 -2.92967 -341.702 -323.412 -303.228 -251.556 -186.845 -111.481 -40.4299 3.01729 29.7953 60.2734 80.2624 75.9241 103.354 99.3977 96.6507 91.1035 88.7788 83.3799 65.0081 46.6932 22.6822 5.47874 -19.1586 -56.1183 -109.223 -179.579 -257.011 -311.425 -374.004 -434.018 -282.813 112.462 84.9472 84.6651 82.9727 80.6222 79.8231 79.7761 79.588 79.541 79.1649 78.7418 80.5282 79.729 79.682 80.5282 80.9513 81.1864 80.5282 83.8189 86.7806 87.6267 91.4345 90.1315 -389.469 -436.954 -393.82 -336.627 -273.896 -193.034 -110.363 -54.2985 -17.2159 21.9218 46.3204 54.8493 86.9439 95.6139 97.4855 95.5373 100.099 100.022 102.82 84.98 82.2072 64.4891 37.5835 7.72611 -30.4319 -95.7423 -161.722 -219.852 -259.209 -320.423 -264.643 243.561 206.71 214.691 216.128 219.09 225.146 231.357 231.03 236.4 237.202 219.648 220.665 228.04 238.72 241.225 245.491 244.418 244.662 242.102 250.048 260.671 260.577 245.501 253.671 263.82 275.395 285.773 295.47 307.866 317.943 329.94 343.549 357.605 372.649 385.059 397.893 409.693 423.702 438.369 452.284 469.254 485.896 503.243 521.73 526.523 519.018 519.31 520.884 515.378 514.006 515.312 510.839 516.084 498.805 472.002 446.02 346.148 
207.609 470.541 630.11 656.08 684.706 691.564 687.697 697.721 687.568 699.713 707.671 705.593 706.632 712.034 708.995 690.292 669.058 643.738 621.296 601.341 582.563 563.524 545.924 527.146 511.378 490.762 478.152 459.553 443.177 428.823 413.171 398.075 382.713 373.154 306.868 176.866 168.286 174.739 178.349 177.541 177.758 189.837 171.029 151.321 130.205 131.084 137.361 134.845 126.676 128.29 135.028 139.392 131.488 128.023 125.453 130.581 151.961 -78.8775 -430.83 -517.371 -538.664 -456.89 -371.141 -292.041 -216.284 -161.821 -115.756 -68.8149 -41.5444 -43.2954 -13.2662 -21.5598 -21.6205 -22.5268 -20.9962 -23.6501 -35.8549 -40.1731 -68.9655 -89.882 -118.135 -164.846 -223.876 -304.354 -385.624 -455.116 -537.652 -489.915 -269.604 139.826 110.749 109.854 113.891 110.459 108.422 111.251 112.075 112.009 110.4 109.812 113.383 112.271 111.12 112.298 111.078 111.244 108.76 108.636 113.301 113.514 116.241 111.063 -384.215 -524.743 -559.057 -482.628 -404.083 -313.002 -224.393 -160.743 -114.935 -68.3157 -48.056 -52.1294 -25.9301 -16.472 -19.5294 -24.4487 -18.6601 -19.4838 -15.0534 -43.8298 -53.554 -80.8276 -123.17 -161.32 -199.35 -277.322 -355.286 -437.158 -507.137 -504.708 -342.295 178.958 137.202 133.437 131.684 134.419 141.118 136.685 121.093 130.348 132.852 118.046 124.048 133.911 150.44 159.123 168.707 165.532 166.412 164.31 171.331 179.413 170.989 355.751 361.458 373.809 389.995 404.282 418.317 435.788 449.867 466.017 481.182 498.257 518.641 535.914 553.775 570.197 589.695 610.108 629.474 653.094 676.255 699.689 716.706 718.836 713.293 710.893 712.158 705.678 705.363 704.63 700.526 696.95 667.735 632.239 553.286 361.24 
210.396 487.408 656.08 788.796 828.261 843.953 842.184 859.889 847.09 860.247 870.732 866.654 870.977 876.828 874.746 856.787 833.635 804.919 776.859 751.907 728.428 704.621 682.615 659.135 639.972 617.947 603.91 580.388 559.488 541.505 521.845 502.714 483.436 470.457 402.222 119.535 114.397 123.671 127.469 126.738 128.075 138.916 126.534 136.177 115.156 129.239 123.104 115.165 101.172 99.6844 93.6583 82.4716 64.9367 55.6092 50.4663 56.0665 73.4987 -164.154 -534.071 -625.081 -681.258 -675.457 -625.916 -533.993 -454.513 -397.116 -346.806 -293.931 -264.119 -266.08 -229.913 -240.365 -238.33 -242.391 -243.489 -246.628 -260.431 -267.88 -301.075 -328.449 -362.284 -414.305 -479.633 -567.607 -658.82 -677.487 -675.658 -619.444 -390.954 31.7604 1.45709 2.16724 8.85528 5.88543 4.09769 8.80985 10.2163 7.67216 7.15839 5.48744 9.71176 10.5823 8.66633 11.2997 7.37769 6.6209 3.25447 -0.385729 4.80844 7.38151 8.33467 2.22332 -510.713 -654.87 -699.437 -699.522 -672.908 -576.205 -477.532 -407.32 -358.294 -300.661 -277.09 -276.978 -244.835 -235.1 -238.447 -242.82 -234.784 -238.271 -227.536 -261.618 -271.524 -307.798 -355.55 -393.586 -434.999 -522.309 -609.571 -650.291 -641.27 -611.1 -443.202 96.1218 55.7134 54.318 55.6372 64.5508 72.2141 72.8975 66.7079 99.9688 108.133 94.7276 111.163 131.813 135.989 109.715 114.407 112.197 112.727 109.097 114.874 119.768 126.83 454.005 456.187 472.174 492.449 510.2 528.06 550.064 567.951 588.652 607.901 627.683 648.5 670.098 692.432 712.966 737.345 762.869 787.085 816.618 843.624 866.927 882.83 885.483 878.976 874.099 876.01 869.286 868.285 865.741 852.699 843.785 804.855 722.425 574.275 373.619 
221.04 507.223 684.706 828.261 973.049 999.107 1004.64 1028.05 1020.62 1032.6 1042.69 1041.55 1045.24 1051.63 1053.78 1033.17 1009.21 982.145 949.361 918.869 890.176 861.084 834.19 805.498 781.997 759.081 741.924 713.213 687.188 665.14 641.093 617.639 593.733 577.316 502.108 158.312 36.4924 46.8645 52.1998 53.4844 55.2659 62.3193 183.295 205.757 185.941 192.885 185.192 181.74 165.021 162.5 154.513 142.29 123.534 113.641 107.887 119.622 127.437 -136.471 -525.179 -630.254 -686.543 -681.088 -646.018 -598.442 -565.303 -532.912 -484.096 -425.788 -391.311 -389.609 -357.588 -375.501 -383.686 -393.87 -403.52 -413.573 -428.35 -437.115 -474.382 -505.823 -548.948 -618.782 -661.878 -719.247 -777.173 -798.961 -803.04 -754.935 -515.368 -72.2952 -104.28 -103.935 -98.0167 -99.7039 -102.876 -97.4833 -94.7626 -97.933 -101.642 -103.045 -99.0697 -100.739 -99.2763 -97.7129 -103.18 -105.047 -105.607 -107.368 -105.477 -101.049 -100.082 -103.741 -638.469 -790.504 -834.989 -831.531 -805.8 -754.598 -693.205 -644.443 -584.749 -515.953 -483.704 -471.852 -431.283 -411.189 -409.287 -412.483 -399.212 -404.212 -392.41 -427.009 -435.941 -461.922 -502.914 -538.529 -557.337 -613.341 -665.337 -679.292 -663.627 -622.015 -437.797 122.726 86.1157 90.2068 97.9394 127.38 131.844 133.753 127.228 163.975 173.967 161.329 168.828 203.806 202.142 110.101 38.6125 34.5266 34.3674 28.6484 35.2182 56.362 199.79 554.349 560 579.993 604.634 626.654 648.479 675.944 697.592 723.217 747.31 770.609 792.501 818.894 846.187 871.281 901.074 932.266 961.858 995.738 1019.89 1045.48 1062.01 1063.92 1057.41 1050.79 1050.77 1043.67 1043.25 1029.58 1008.65 993.039 907 754.407 598.65 389.312 
215.622 507.896 691.564 843.953 999.107 1104.26 1116.51 1147.05 1143.84 1161.37 1169.04 1167.82 1173.92 1179.6 1184.06 1164.73 1138.71 1112.34 1079.4 1047.73 1015.01 981.839 951.174 918.458 891.628 868.902 851.576 819.307 790.021 764.577 737.169 710.119 682.752 663.295 584.233 217.715 57.2108 11.3976 16.9059 18.8149 20.084 27.8121 151.024 216.025 242.536 250.631 238.999 238.139 219.205 215.471 204.037 188.714 167.134 159.556 150.992 163.293 168.109 -89.1017 -481.979 -596.476 -659.985 -660.334 -629.663 -589.099 -557.139 -538.333 -523.342 -501.21 -489.748 -495.555 -467.494 -480.301 -486.56 -499.047 -509.485 -525.715 -539.678 -544.054 -549.091 -568.976 -589.458 -621.945 -656.409 -713.657 -767.256 -785.515 -781.149 -723.776 -471.214 -35.1871 -67.7146 -66.7654 -60.5325 -62.3931 -65.4416 -59.7063 -56.71 -60.1155 -65.1129 -66.0232 -62.6462 -64.0615 -62.3363 -60.6512 -66.9318 -69.0453 -68.8321 -72.0585 -69.6959 -64.3877 -63.4054 -67.2625 -600.382 -760.738 -810.531 -812.005 -794.094 -747.302 -688.146 -650.021 -624.568 -590.925 -573.402 -584.746 -540.754 -517.07 -514.067 -519.199 -506.112 -511.602 -507.083 -539.74 -512.441 -536.27 -543.877 -549.225 -550.207 -605.484 -653.573 -659.756 -637.785 -588.356 -393.456 159.35 127.407 136.836 143.095 172.442 176.752 182.521 176.703 217.376 230.071 215.243 220.56 211.635 160.98 70.2413 0.139045 -2.66131 -4.22455 -9.94922 4.52392 105.553 261.27 637.247 643.677 667.336 695.962 720.305 744.984 777.278 801.368 831.31 857.357 881.084 903.638 933.733 964.853 993.466 1027.44 1063 1092.83 1126.66 1150.92 1179.37 1194.11 1194.16 1187.4 1177.18 1179.05 1170.79 1165.67 1142.15 1116.27 1053.58 926.775 766.828 603.156 384.845 
215.624 500.357 687.697 842.184 1004.64 1116.51 1205.07 1244.36 1249.43 1271.96 1281.82 1280.96 1287.9 1294.17 1298.04 1280.72 1255.07 1229.23 1197.2 1166.06 1132.3 1095.45 1061.24 1024.74 994.779 971.347 954.434 920.233 887.646 859.051 828.666 797.818 767.669 745.419 659.099 278.555 109.861 19.1916 -29.2995 -27.822 -24.8789 -18.5918 107.942 164.664 192.662 241.302 265.759 276.023 271.121 266.472 252.7 236.065 215.096 206.514 198.674 212.556 214.141 -41.8724 -428.814 -538.306 -606.902 -604.722 -578.044 -544.833 -518.52 -501.519 -486.904 -468.065 -457.14 -460.817 -469.722 -485.039 -488.55 -499 -498.247 -492.505 -500.087 -505.665 -513.777 -529.061 -550.024 -577.624 -610.219 -667.382 -711.953 -726.959 -725.809 -665.853 -410.978 14.8864 -16.1951 -14.903 -9.13995 -10.9163 -14.5257 -8.47704 -5.35764 -8.92201 -14.3465 -15.642 -11.5627 -13.353 -11.6812 -9.46216 -16.222 -18.2594 -18.1004 -20.8908 -17.9987 -12.5787 -10.5681 -17.4968 -540.291 -698.221 -754.091 -756.132 -741.542 -701.04 -647.36 -613.97 -589.644 -559.084 -540.571 -545.527 -527.456 -520.393 -517.536 -523.76 -502.546 -481.24 -474.533 -500.011 -479.185 -507.67 -509.316 -514.058 -511.591 -564.234 -609.032 -607.529 -587.227 -538.145 -336.396 205.479 171.134 180.959 189.815 220.551 222.986 230.207 224.53 243.332 232.102 189.312 158.4 145.312 107.046 22.6226 -49.0582 -50.9528 -52.5945 -44.5566 44.7676 156.876 322.734 714.603 723.316 749.948 782.105 809.385 836.971 873.067 900.176 933.73 960.53 984.503 1008.2 1041.78 1076.5 1108.43 1144.88 1182.55 1210.28 1245.29 1270.43 1295.57 1310.16 1310.63 1303.31 1291.95 1290.89 1277.94 1264.75 1235.54 1169.15 1061.19 929.884 762.693 597.981 379.512 
220.789 510.679 697.721 859.889 1028.05 1147.05 1244.36 1348.14 1359.94 1388.04 1400.86 1402.47 1409.63 1415.95 1420.88 1403.69 1378.05 1352.06 1319.37 1288.46 1255.17 1216.31 1178.64 1138.1 1104.82 1078.18 1062.09 1026.93 992.179 960.141 926.333 892.177 858.786 833.317 744.218 350.921 168.783 71.1895 -6.13271 -47.9647 -43.6016 -37.2029 93.9752 153.414 178.644 218.227 224.613 235.35 239.321 254.015 262.961 261.469 270.292 259.008 252.654 265.739 267.349 2.08839 -396.084 -500.849 -572.048 -573.619 -549.491 -513.566 -486.486 -470.643 -457.679 -444.59 -433.479 -436.069 -450.2 -465.913 -468.29 -477.842 -476.657 -473.98 -478.202 -483.683 -490.906 -505.1 -522.209 -551.683 -579.439 -638.88 -691.472 -703.951 -693.655 -636.963 -377.124 61.3095 28.9436 30.5634 36.051 34.6113 30.6069 36.722 40.1419 36.875 30.3228 28.7048 33.6353 31.4651 33.0676 36.1479 28.5348 26.0652 26.5951 23.7594 27.0305 32.8243 32.9796 23.3795 -511.19 -672.355 -726.61 -732.784 -718.327 -678.919 -623.581 -590.636 -565.747 -539.289 -520.896 -525.684 -508.326 -505.578 -500.779 -509.443 -485.392 -462.307 -456.633 -478.114 -456.69 -481.218 -481.636 -483.168 -477.88 -532.634 -583.902 -576.443 -551.095 -500.716 -301.135 256.45 224.303 232.732 244.076 253.612 233.428 214.393 188.404 193.212 188.027 156.895 137.136 130.83 91.9929 3.11101 -72.2411 -73.2442 -58.3624 2.03834 96.5254 218.209 394.125 797.992 809.268 838.929 874.988 905.063 936.29 976.189 1006.09 1041.96 1068.07 1092.92 1119.74 1157.03 1195.59 1230.72 1266.89 1305.06 1334.27 1369.95 1395.26 1419.67 1433.06 1434.42 1426.79 1411.39 1408.7 1389.72 1370.34 1307.6 1202.06 1088.26 949.32 777.384 607.017 387.673 
212.446 501.274 687.568 847.09 1020.62 1143.84 1249.43 1359.94 1437.18 1470.24 1487.12 1493.28 1503.94 1509.48 1515.51 1499.2 1473.58 1448.91 1418.02 1386.98 1354.93 1315.61 1278.02 1234.26 1198.11 1168.69 1151.08 1118.01 1084.27 1049.92 1013.25 976.036 939.793 911.413 820.614 423.859 229.379 119.989 32.7008 -31.3579 -60.3019 -54.6985 82.3389 146.845 173.724 214.798 218.964 223.882 222.385 229.089 233.982 226.143 235.018 228.563 258.394 274.647 278.131 58.7938 -325.611 -435.586 -502.683 -503.021 -481.893 -454.082 -435.346 -422.557 -410.046 -394.991 -387.274 -385.129 -407.902 -419.779 -423.737 -431.738 -430.237 -425.773 -430.054 -436.284 -441.842 -456.382 -474.763 -502.491 -526.318 -579.075 -623.805 -635.226 -626.281 -571.212 -311.872 116.407 85.012 86.3693 91.8092 90.2401 85.7615 92.3821 96.1664 92.7921 85.3806 83.4893 88.9136 86.3546 88.0959 91.6473 83.8602 81.2593 81.7226 79.0691 82.6749 88.0002 88.4991 79.8802 -442.256 -603.862 -657.774 -664.361 -651.311 -622.14 -573.578 -545.683 -522.305 -492.195 -474.27 -479.809 -464.478 -461.622 -458.757 -466.802 -442.526 -416.638 -414.218 -433.025 -410.444 -435.255 -437.73 -435.5 -426.38 -474.834 -522.744 -508.881 -483.657 -440.566 -253.606 261.714 230.139 205.74 207.693 217.457 198.973 183.792 167.953 178.361 178.322 151.891 126.15 117.72 79.665 -12.7477 -92.1594 -80.8774 -22.9572 42.5855 148.437 280.705 467.756 872.264 885.729 918.136 957.298 989.827 1024.36 1067.23 1098.17 1133.2 1157.32 1184.66 1214.34 1254.79 1295.78 1329.09 1365.98 1404.73 1433.55 1467.79 1492.26 1515.69 1528.9 1529.83 1518.82 1500.43 1492 1468.25 1411.05 1315.08 1203.1 1082.07 939.784 764.866 598.097 379.177 
220.601 510.78 699.713 860.247 1032.6 1161.37 1271.96 1388.04 1470.24 1565.08 1589.4 1599.76 1613.85 1623.25 1628.87 1611.34 1587.89 1561.59 1531.96 1500.29 1468.17 1428.31 1391.4 1346.2 1307.34 1274.2 1254.43 1219.27 1186.86 1152.24 1113.4 1072.74 1033.14 1001.51 906.79 507.239 310.859 192.268 96.5743 26.7072 -22.7571 -53.2023 80.6096 144.062 175.234 215.71 220.633 224.248 221.793 224.828 223.271 206.909 210.013 197.18 222.312 234.133 233.826 4.72756 -386.76 -494.044 -533.205 -519.536 -491.631 -447.126 -404.188 -378.734 -360.95 -351.62 -341.818 -336.056 -354.551 -364.108 -369.459 -376.661 -374.585 -371.717 -376.856 -381.38 -383.588 -395.771 -410.778 -439.005 -464.274 -516.124 -567.961 -580.63 -570.745 -516.799 -259.148 182.522 148.477 152.911 157.838 156.972 152.734 159.888 163.34 159.525 152.338 149.904 155.291 153.208 155.182 159.15 150.916 148.219 148.211 146.229 150.021 152.97 153.655 145.99 -386.584 -554.71 -607.171 -610.34 -600.3 -562.032 -512.221 -486.727 -462.313 -433.557 -418.056 -425.279 -410.052 -406.858 -406.124 -413.046 -390.913 -369.512 -368.671 -390.725 -364.998 -391.392 -398.699 -413.808 -426.917 -477.445 -533.885 -545.286 -542.472 -502.454 -311.813 218.134 190.292 166.663 178.139 194.681 182.228 175.373 163.699 174.742 175.002 147.709 124.07 111.493 73.1466 -17.1506 -74.3004 -24.2231 35.5565 106.971 221.683 361.483 546.877 957.249 974.037 1009.67 1052.45 1087.61 1125.87 1170.82 1200.82 1235.04 1261.45 1291.76 1325.08 1367.72 1408.18 1443.01 1480.3 1520.15 1548.19 1582.23 1607.98 1628.77 1643.6 1641.48 1628.69 1602.75 1589.57 1537.68 1440.69 1340.91 1222.8 1095.94 951.245 776.801 608.249 388.394 
222.788 518.651 707.671 870.732 1042.69 1169.04 1281.82 1400.86 1487.12 1589.4 1673.71 1688.81 1708.42 1721.3 1730.9 1712.63 1687.69 1662.65 1632.96 1601.08 1569.17 1530.37 1491.98 1446.7 1408.72 1373.48 1351.26 1313.28 1279.88 1246.82 1207.6 1164.2 1121.71 1086.53 989.325 584.407 390.165 271.25 172.391 96.3375 42.7102 -5.49729 89.8671 141.587 167.456 208.522 215.475 216.572 212.12 214.423 213.111 195.305 199.886 183.181 204.11 210.875 206.854 -31.4285 -435.24 -548.157 -592.314 -587.157 -562.562 -521.489 -479.178 -454.288 -435.903 -425.764 -404.859 -387.569 -392.619 -399.882 -404.9 -409.97 -395.792 -383.361 -376.725 -375.635 -373.946 -385.522 -402.201 -434.015 -459.721 -510.187 -554.359 -565.425 -549.625 -487.658 -223.22 231.159 201.689 208.462 211.056 212.619 209.107 215.831 219.668 215.171 208.743 203.613 204.841 202.028 204.31 208.098 200.66 197.441 197.173 185.267 191.329 194.037 184.923 175.333 -369.743 -539.449 -594.944 -606.068 -597.398 -560.218 -508.351 -479.176 -452.371 -431.699 -420.006 -439.178 -431.224 -438.661 -444.607 -450.488 -426.828 -415.539 -420.901 -455.292 -437.219 -465.552 -473.757 -490.931 -503.918 -550.692 -603.817 -611.106 -600.537 -552.063 -355.428 191.488 170.177 148.728 164.728 181.606 170.993 164.48 151.621 162.788 164.987 136.507 116.946 106.738 72.1439 18.8478 -11.7228 40.9357 106.111 180.809 298.409 435.479 623.501 1037.63 1057.49 1095.5 1142.4 1180.07 1220.49 1265.73 1294.21 1330.27 1359.15 1392.51 1427.71 1469.72 1509.75 1545.66 1583.4 1621.75 1649.8 1684.2 1709.43 1730.49 1743.08 1736.68 1719.21 1689.47 1647.62 1557.56 1455.46 1352.46 1231.4 1104.78 961.782 786.843 617.071 394.574 
220.692 514.334 705.593 866.654 1041.55 1167.82 1280.96 1402.47 1493.28 1599.76 1688.81 1751.29 1775.46 1792.52 1804.74 1787.96 1764.74 1738.87 1710.57 1678.3 1647.47 1610.46 1571.27 1524.97 1487.65 1452.37 1428.76 1388.34 1353.07 1319.93 1283.38 1240.69 1195.71 1157.97 1057.82 649.697 446.614 326.708 222.35 139.499 80.0815 27.4741 125.655 152.986 171.141 207.389 215.156 215.049 211.017 211.162 208.274 189.934 196.336 178.715 201.808 208.047 203.597 -27.414 -428.411 -545.72 -591.195 -586.663 -564.874 -527.718 -489.771 -468.887 -454.405 -447.833 -425.978 -409.981 -418.493 -426.913 -435.651 -440.815 -425.23 -416.471 -408.723 -406.852 -406.371 -418.997 -435.282 -467.214 -491.164 -537.666 -579.346 -591.462 -574.946 -510.799 -241.26 205.033 177.663 184.739 188.828 189.23 185.588 192.488 196.473 191.87 185.338 180.354 180.903 177.257 179.207 182.858 175.772 172.349 171.371 157.233 164.613 166.571 154.126 143.797 -393.253 -567.473 -626.315 -634.709 -625.952 -592.219 -541.577 -514.574 -488.593 -467.157 -455.004 -473.443 -463.09 -470.357 -475.646 -480.943 -456.531 -445.456 -450.057 -479.442 -459.15 -485.961 -491.956 -506.705 -514.515 -555.683 -605.397 -609.852 -597.34 -548.794 -347.755 185.74 166.336 142.93 159.074 176.098 165.018 159.963 148.661 158.351 161.042 133.969 116.711 112.19 103.595 51.978 22.0521 78.9307 151.226 231.298 352.603 493.205 688.072 1105.69 1127.47 1167.92 1217.56 1256.58 1297.05 1339.53 1368.21 1406.27 1437.39 1469.97 1507.47 1548.74 1589.94 1622.93 1662.09 1700.49 1728.75 1761.85 1787.45 1805.35 1816.45 1804.99 1783.35 1729.3 1659.89 1565.7 1458.5 1352.32 1229.2 1104.26 960.069 783.842 612.623 389.112 
221.314 514.258 706.632 870.977 1045.24 1173.92 1287.9 1409.63 1503.94 1613.85 1708.42 1775.46 1852.88 1875.04 1889.51 1877.5 1856.35 1831.87 1803.84 1771.71 1740.18 1704.15 1665.21 1619.14 1579.71 1545.03 1522.17 1480.35 1442.63 1407.47 1371.2 1329.45 1284.22 1244.82 1141.16 727.211 521.467 395.642 290.335 203.662 140.745 83.6783 174.707 200.848 196.943 221.652 227.249 222.036 218.614 215.211 213.341 192.526 194.497 175.613 200.186 203.26 199.134 -40.507 -435.921 -553.694 -603.272 -598.309 -577.049 -541.17 -502.294 -485.122 -471.906 -465.641 -444.183 -430.945 -442.078 -452.8 -463.322 -470.716 -456.22 -447.934 -441.839 -442.667 -442.915 -458.963 -478.811 -512.833 -538.083 -585.017 -629.66 -642.8 -623.554 -556.524 -295.147 156.312 129.738 135.726 141.256 139.275 135.801 142.421 146.792 142.237 135.044 132.396 132.415 129.122 131.692 133.671 127.796 123.72 121.762 108.451 115.769 118.492 104.895 95.2238 -443.297 -613.781 -674.076 -684.515 -674.082 -637.589 -583.385 -556.434 -528.788 -504.69 -489.598 -506.634 -495.359 -502.752 -505.301 -510.309 -480.989 -469.18 -472.066 -496.288 -475.136 -502.466 -507.379 -522.766 -529.479 -569.272 -621.637 -623.281 -614.848 -558.745 -359.975 180.593 161.729 139.001 157.927 176.654 166.231 162.371 150.08 163.977 170.854 146.301 131.74 149.216 151.513 103.288 78.9055 139.542 214.711 296.143 420.894 567.307 763.415 1187.76 1211.63 1255 1307.53 1345.94 1384.63 1428.22 1458.8 1499.42 1532.29 1563.67 1600.86 1644.31 1683.77 1717.7 1756.62 1794.78 1821.95 1855.2 1878.94 1892.1 1897.75 1884.17 1835.14 1750.49 1677.7 1578.36 1467.4 1359.02 1236.86 1108.8 963.707 786.326 613.287 391.867 
225.16 521.094 712.034 876.828 1051.63 1179.6 1294.17 1415.95 1509.48 1623.25 1721.3 1792.52 1875.04 1948.78 1967.61 1959.8 1942.31 1919.91 1891.47 1859.02 1826.91 1792.81 1752.94 1708.83 1668.09 1632.71 1608.41 1568.92 1529.48 1492.7 1454.57 1412.19 1369.04 1329.78 1225.28 807.743 604.798 479.123 369.669 281.347 213.236 151.229 238.097 256.495 246.437 257.605 243.942 236.256 232.13 227.099 224.023 200.87 200.538 180.545 202.348 203.536 198.655 -43.8408 -450.073 -569.476 -615.316 -611.326 -589.115 -555.844 -511.992 -491.183 -481.57 -480.816 -459.709 -447.267 -458.035 -470.046 -481.306 -489.476 -474.737 -466.962 -463.677 -466.638 -468.423 -484.947 -502.247 -535.19 -565.048 -615.294 -657.794 -674.742 -654.743 -589.429 -324.623 133.184 106.42 112.171 115.65 112.581 109.208 115.594 120.477 115.698 109.182 106.486 106.369 104.875 108.488 108.902 103.569 99.3946 96.9421 84.8629 92.7058 95.808 80.0546 72.9082 -477.124 -648.712 -706.106 -714.804 -701.571 -666.17 -609.987 -578.335 -551.761 -530.186 -513.147 -528.549 -514.814 -522.13 -523.992 -529.256 -498.786 -486.25 -487.885 -511.181 -489.123 -516.175 -516.435 -530.406 -540.598 -583.041 -631.95 -636.31 -626.195 -573.609 -372.928 177.274 159.65 139.539 161.325 183.685 175.008 172.781 160.92 175.27 181.964 167.83 178.824 200.966 210.751 167.565 146.239 213.156 289.854 373.764 502.029 646.133 843.803 1269.22 1296.01 1340.88 1393.46 1429.59 1468.72 1514.61 1546.81 1586.1 1622.48 1652.28 1690.25 1734.24 1772.59 1807.17 1843.82 1882.75 1910.88 1941.89 1961.67 1969.67 1972.99 1932.14 1854.77 1766.04 1687.73 1586.77 1472.61 1365.95 1242.73 1115.36 970.523 792.411 619.473 396.77 
217.448 514.216 708.995 874.746 1053.78 1184.06 1298.04 1420.88 1515.51 1628.87 1730.9 1804.74 1889.51 1967.61 2029.72 2024.58 2009.87 1990.63 1963.05 1931.82 1898.47 1865.16 1826.49 1780.94 1741.15 1706.49 1680.89 1640.75 1601.95 1565.43 1525.72 1481.59 1438.53 1400.15 1291.94 866.06 649.348 520.906 409.651 318.083 248.908 184.696 271.195 291.516 279.819 287.778 269.674 240.759 226.818 220.705 216.713 194.099 194.173 173.711 196.964 198.644 192.201 -43.216 -443.808 -566.926 -617.742 -615.921 -596.088 -567.386 -531.459 -513.825 -504.027 -502.116 -481.317 -467.234 -477.074 -489.114 -501.369 -510.648 -496.07 -489.618 -485.87 -487.958 -488.592 -505.258 -523.755 -558.554 -584.029 -629.3 -669.966 -685.936 -663.411 -595.573 -327.794 116.935 91.2441 97.3378 100.503 97.3662 93.9249 100.336 105.497 100.571 93.6427 90.6677 90.4946 88.7467 92.7406 92.982 87.3188 82.9979 80.6856 67.9506 76.0922 79.4744 62.8021 56.3476 -480.321 -656.072 -715.157 -726.19 -714.702 -681.51 -630.761 -603.527 -576.096 -553.398 -537.074 -553.121 -538.554 -545.21 -547.045 -552.244 -520.804 -510.896 -512.956 -537.031 -515.328 -540.883 -540.661 -553.605 -559.554 -595.53 -640.736 -642.019 -629.007 -572.043 -365.499 170.128 155.2 133.266 154.303 176.567 167.736 166.535 154.654 167.363 194.172 195.461 209.758 233.391 240.759 198.298 179.96 246.387 326.939 412.643 542.443 694.918 900.794 1338.17 1366.85 1411.49 1464.11 1499.78 1540.47 1587.04 1619.95 1659.9 1696.1 1727.19 1762.68 1807.16 1847.1 1880.4 1916.44 1956.63 1982.51 2010.97 2027.51 2031.76 2013.08 1948.24 1868.04 1776.61 1695.73 1591.53 1479.54 1369.8 1245.95 1118.54 969.187 790.665 615.877 388.104 
209.588 496.379 690.292 856.787 1033.17 1164.73 1280.72 1403.69 1499.2 1611.34 1712.63 1787.96 1877.5 1959.8 2024.58 2067.02 2057.45 2042.99 2018 1989.95 1956.84 1923.85 1885.28 1841.51 1801.76 1769.19 1744.72 1703.73 1665.79 1629.19 1590.05 1544.85 1500.43 1463.69 1358.94 931.616 714.343 581.745 465.277 370.522 298.583 233.722 319 337.878 321.593 327.267 304.433 273.692 248.801 230.651 224.761 200.239 199.614 178.547 201.038 202.123 195.276 -32.3686 -419.882 -543.324 -594.902 -598.252 -581.6 -555.592 -522.3 -505.878 -499.276 -501.266 -483.838 -471.29 -485.532 -498.962 -512.025 -522.111 -507.908 -501.968 -497.965 -499.469 -497.144 -513.969 -530.349 -564.452 -588.971 -633.207 -672.915 -685.805 -658.779 -588.693 -326.512 101.084 76.4595 82.2674 86.2102 82.2642 78.5884 85.4316 91.1561 86.5571 78.6795 75.9165 75.9104 74.3853 78.4245 78.4983 72.8995 68.3519 65.8149 52.4448 61.2735 64.9554 47.677 41.3152 -476.403 -650.042 -710.1 -724.417 -716.267 -684.643 -634.71 -607.94 -581.307 -561.796 -547.179 -564.519 -551.518 -558.819 -559.531 -565.102 -532.431 -519.94 -521.43 -542.412 -517.728 -541.562 -536.929 -545.748 -548.501 -583.545 -627.48 -625.67 -607.578 -549.013 -344.058 170.743 158.129 137.819 158.875 181.127 172.272 171.965 162.984 195.262 225.405 230.686 247.877 275.259 287.374 246.14 226.469 296.051 378.587 468.841 603.524 756.891 965.243 1407.47 1434.78 1475.3 1527.06 1563.63 1604.07 1649.42 1683 1723.27 1760.2 1789.36 1823.58 1868.53 1907.19 1939.61 1975.97 2012.53 2036.1 2060.23 2072.38 2057.07 2006.45 1938.23 1852.61 1759.1 1677.02 1574.55 1461.99 1352.21 1227.94 1097.66 950.266 771.788 597.194 374.075 
202.978 480.725 669.058 833.635 1009.21 1138.71 1255.07 1378.05 1473.58 1587.89 1687.69 1764.74 1856.35 1942.31 2009.87 2057.45 2087.82 2077.92 2055.85 2031.81 2000.98 1970.04 1931.73 1889.2 1849.18 1818.16 1792.94 1754.16 1716.26 1679.56 1640.18 1596.32 1552.35 1514.47 1412.65 994.851 780.103 645.232 527.221 429.293 354.472 285.089 366.664 379.185 361.256 364.654 340.443 306.016 277.475 247.499 224.479 197.45 195.999 174.23 194.461 193.036 185.59 -35.437 -410.709 -531.132 -583.891 -588.611 -572.434 -551.076 -520.873 -504.727 -499.003 -502.068 -485.79 -473.404 -490.553 -503.834 -517.271 -527.47 -513.708 -507.652 -504.039 -506.28 -504.395 -521.32 -537.707 -572.798 -595.951 -635.273 -672.352 -684.47 -655.437 -586.429 -332.649 80.5529 56.302 62.3461 66.0731 61.1862 57.5038 64.5346 70.2408 66.3067 57.6989 54.8907 55.2227 54.3493 58.2143 58.1423 52.463 48.314 45.489 33.0312 42.2916 45.4507 29.1616 23.4222 -477.148 -646.384 -705.332 -721.387 -714.504 -686.336 -641.519 -616.314 -588.695 -568.305 -553.485 -569.312 -557.432 -565.508 -565.39 -570.661 -537.023 -522.817 -523.485 -542.257 -518.037 -540.683 -536.044 -546.864 -550.374 -580.964 -619.018 -617.087 -597.652 -537.736 -337.459 160.23 149.953 132.253 154.903 177.125 169.565 173.103 186.765 226.436 257.593 263.948 285.405 314.813 330.723 293.153 278.781 353.235 435.885 527.396 665.937 820.524 1027.21 1461.28 1487.19 1526.89 1579.78 1616.96 1656.19 1699.71 1734.03 1774.66 1810.03 1838.34 1872.58 1916.62 1954.31 1984.9 2018.29 2052.18 2072.01 2092.35 2084.95 2044.19 1989.5 1917.9 1830.79 1734.04 1652.79 1549.75 1435.12 1326.76 1202.37 1071.88 926.543 751.02 578.36 362.278 
195.297 462.532 643.738 804.919 982.145 1112.34 1229.23 1352.06 1448.91 1561.59 1662.65 1738.87 1831.87 1919.91 1990.63 2042.99 2077.92 2112.18 2095.51 2075.58 2048.66 2020.95 1983.35 1941.08 1902.26 1872.5 1846.84 1809.36 1770.8 1736.31 1696.19 1653.04 1609.74 1571.9 1471.62 1063.27 846.227 708.911 589.757 487.915 411.721 340.842 423.348 437.358 422.653 420.375 391.272 354.039 324.181 291.007 265.54 225.922 211.363 186.355 207.937 204.966 194.581 -19.9093 -382.292 -499.806 -553.214 -558.334 -549.593 -533.399 -508.598 -495.226 -493.434 -498.647 -482.653 -470.056 -486.282 -499.766 -512.755 -523.338 -510.758 -504.867 -501.742 -503.555 -500.2 -518.073 -533.955 -567.152 -588.969 -625.445 -657.927 -666.497 -639.374 -572.46 -328.567 69.8495 46.3851 52.3558 55.376 50.3948 47.2256 53.4728 59.0747 55.1511 45.988 43.7908 42.7184 42.4788 46.0225 46.8089 41.0865 35.8253 34.442 20.7654 31.0956 33.7112 17.4358 11.8719 -469.89 -632.304 -689.712 -703.51 -700.591 -677.968 -636.529 -611.986 -587.077 -567.945 -552.748 -568.593 -556.359 -562.932 -562.982 -567.444 -534.399 -520.917 -522.423 -540.408 -515.91 -537.286 -529.88 -536.982 -538.611 -565.48 -598.706 -587.71 -567.483 -507.072 -312.932 166.576 159.698 141.154 165.598 189.203 191.604 212.443 228.932 269.799 305.842 318.395 342.343 371.807 387.097 347.71 334.194 408.504 494.73 588.819 728.336 888.346 1100.25 1520.11 1544.68 1585.24 1638.29 1674.4 1713.11 1756.45 1789.89 1830.31 1865.08 1893.26 1924.99 1969.32 2006.08 2032.76 2063.16 2093.58 2109.85 2107.31 2072.56 2027.84 1968.27 1894.24 1804.69 1709.04 1626.87 1523.12 1409.65 1300.35 1174.78 1044.88 899.531 722.598 556.472 348.568 
188.488 446.407 621.296 776.859 949.361 1079.4 1197.2 1319.37 1418.02 1531.96 1632.96 1710.57 1803.84 1891.47 1963.05 2018 2055.85 2095.51 2120.19 2106.09 2082.53 2059.32 2022.73 1983.61 1945.18 1915.07 1891.26 1854.76 1818.16 1782.96 1744.68 1700.78 1659.41 1622.03 1523.39 1126.94 914.097 780.739 662.457 558.832 478.564 404.538 480.474 490.723 470.419 468.672 440.922 398.428 366.626 329.22 300.01 258.671 237.933 200.981 210.323 207.091 195.523 -9.34734 -360.19 -472.873 -524.279 -528.556 -521.344 -505.95 -481.277 -472.475 -471.834 -483.805 -470.034 -459.032 -478.857 -493.912 -506.595 -517.416 -504.453 -497.183 -495.131 -496.62 -492.476 -508.415 -520.911 -553.944 -571.432 -606.198 -637.734 -646.968 -619.881 -556.797 -320.232 64.1803 41.566 46.48 49.7578 44.3156 40.9495 48.0424 52.9767 49.5319 39.5311 38.2814 36.6772 36.5725 39.208 40.5315 35.6253 29.7339 29.039 14.4179 26.2358 28.5391 12.8965 6.26613 -458.066 -615.429 -670.263 -682.497 -680.153 -658.145 -617.976 -598.386 -574.493 -558.836 -545.596 -561.215 -549.312 -557.598 -556.097 -561.934 -527.092 -510.841 -511.237 -527.355 -500.062 -520.579 -508.725 -514.518 -513.887 -537.417 -569.419 -558.538 -539.914 -481.985 -294.647 166.453 161.923 144.224 171.639 212.957 224.701 247.987 269.186 312.483 349.671 364.061 386.402 422.308 439.51 406.231 397.315 476.396 565.887 660.599 803.12 958.976 1162.42 1569.1 1594.57 1634.79 1686.36 1722.81 1761.64 1802.39 1837.9 1876.14 1909.15 1935.91 1968.09 2011.3 2045.14 2067.73 2093.68 2121.61 2116.95 2086.7 2048.99 2000.98 1940.29 1865.01 1776.52 1679.84 1596.41 1493.32 1376.9 1266.5 1142.96 1012.46 868.24 697.407 537.073 336.416 
182.434 432.069 601.341 751.907 918.869 1047.73 1166.06 1288.46 1386.98 1500.29 1601.08 1678.3 1771.71 1859.02 1931.82 1989.95 2031.81 2075.58 2106.09 2127.17 2107.24 2086.76 2054.53 2016.77 1981.11 1950.58 1927.92 1892.22 1856.52 1821.3 1784.52 1742.15 1700.29 1662.87 1568.39 1184.16 975.505 840.22 725.659 622.596 542.34 465.309 534.332 541.878 523.679 519.044 485.804 442.021 408.443 370.362 338.841 295.453 272.932 234.585 238.246 218.559 202.571 3.97289 -336.376 -445.98 -495.933 -499.724 -493.474 -479.26 -455.643 -447.584 -447.909 -461.656 -448.08 -436.51 -457.457 -472.619 -484.503 -495.771 -483.18 -475.894 -474.442 -475.622 -471.068 -486.888 -498.316 -531.323 -548.673 -581.333 -612.495 -622.571 -595.692 -535.411 -306.297 65.6563 43.1674 47.6987 51.0423 45.2572 41.6754 48.9365 53.5587 50.5886 40.1697 39.1024 37.8044 37.7102 39.9361 41.8145 37.0577 30.7825 30.4326 15.961 28.7039 30.9441 15.5052 9.21626 -439.686 -592.658 -645.518 -656.355 -653.876 -632.491 -593.707 -574.55 -550.864 -535.793 -523.505 -538.725 -527.64 -536.656 -534.321 -540.437 -504.788 -488.778 -489.134 -505.487 -477.769 -497.117 -484.417 -489.15 -488.75 -510.237 -540.866 -530.263 -512.207 -455.293 -273.322 173.565 173.902 164.029 206.756 246.533 261.507 286.231 309.158 352.977 395.085 412.588 437.733 471.573 489.779 461.371 458.418 539.969 629.618 727.467 865.642 1019.14 1217.31 1613.07 1637.59 1676.99 1727.84 1762.98 1801.95 1840.54 1876.63 1914.84 1945.44 1971.9 2001.99 2043.84 2074.35 2092.92 2116.29 2122.98 2099.33 2065 2022.36 1972.41 1907.87 1832.28 1742.55 1646.99 1565.18 1461.27 1345.02 1235.54 1111.21 980.527 840.353 675.007 519.823 325.611 
176.738 418.577 582.563 728.428 890.176 1015.01 1132.3 1255.17 1354.93 1468.17 1569.17 1647.47 1740.18 1826.91 1898.47 1956.84 2000.98 2048.66 2082.53 2107.24 2123.74 2107.62 2078.26 2043.61 2009.87 1981.98 1958.86 1925.17 1889.91 1855.38 1818.47 1778.07 1737.51 1699.09 1605.75 1232.86 1031.99 898.603 781.207 677.132 597.818 521.049 583.17 586.116 562.636 555.132 523.315 478.733 445.832 405.157 371.96 327.274 303.484 263.642 265.572 242.874 212.673 5.13126 -325.102 -431.75 -482.168 -486.504 -481.113 -468.768 -447.02 -439.762 -440.785 -455.477 -443.036 -431.813 -452.39 -467.963 -479.731 -491.458 -478.999 -472.737 -471.824 -473.053 -468.715 -484.681 -495.662 -529.287 -545.377 -576.957 -607.286 -617.826 -591.029 -532.399 -309.999 50.1011 28.6752 33.0376 36.1367 29.9156 26.4876 33.6109 38.0384 35.1264 24.7604 23.7839 22.162 22.0406 24.1186 26.1771 21.6611 15.2008 14.8253 0.0896482 13.5532 15.6569 0.19397 -6.40683 -440.979 -589.696 -640.606 -650.855 -648.199 -627.563 -589.607 -571.217 -547.512 -532.476 -520.333 -534.941 -523.427 -532.352 -529.259 -535.644 -499.757 -484.501 -484.231 -498.962 -471.567 -489.999 -476.441 -480.587 -479.58 -499.065 -527.646 -515.965 -497.167 -441.603 -264.076 184.065 195.68 190.646 235.16 275.41 291.742 318.978 344.714 387.205 428.414 446.718 474.628 512.341 535.5 512.247 513.369 595.669 686.465 785.627 922.659 1073.25 1265.86 1650.06 1674.33 1713.88 1763.37 1797.88 1836.28 1874.71 1910.07 1947.42 1977.09 2002.47 2030.75 2068.24 2095.79 2111.22 2119.99 2100.9 2073.91 2035.51 1990.72 1938.67 1874.75 1799.86 1711.81 1615.92 1531.64 1428.02 1312.16 1202.11 1076.98 949.909 814.112 653.929 503.591 315.443 
170.962 404.898 563.524 704.621 861.084 981.839 1095.45 1216.31 1315.61 1428.31 1530.37 1610.46 1704.15 1792.81 1865.16 1923.85 1970.04 2020.95 2059.32 2086.76 2107.62 2124.07 2097.92 2067.51 2037.49 2011.2 1988.57 1955.95 1921.33 1888.12 1851.72 1811.77 1772.58 1734.64 1643.57 1283.09 1087.57 957.418 843.008 738.441 658.148 582.753 637.84 635.711 608.472 596.52 561.433 514.556 479.363 435.875 400.036 352.557 326.882 285.843 287.271 262.674 230.79 29.377 -310.447 -414.458 -462.312 -466.507 -462.24 -451.996 -431.861 -425.303 -427.24 -442.76 -431.139 -420.365 -441.598 -457.671 -469.706 -481.712 -469.035 -462.773 -461.909 -462.698 -458.851 -475.306 -485.886 -520.248 -535.646 -565.313 -594.334 -605.122 -578.826 -522.172 -306.787 41.6533 21.0882 25.9846 28.8607 22.3946 18.6866 25.5663 29.844 27.171 16.5706 15.9655 14.1038 14.1445 15.9036 17.7621 13.3521 6.83289 6.4455 -8.54721 5.78899 7.79317 -8.3941 -15.0125 -435.592 -579.815 -628.767 -638.239 -635.137 -615.185 -578.352 -560.516 -536.88 -522.022 -510.288 -524.643 -512.877 -521.877 -519.009 -525.607 -489.592 -474.627 -473.582 -486.111 -458.401 -476.09 -461.987 -465.741 -464.498 -481.567 -508.155 -496.945 -478.69 -422.572 -232.292 201.919 215.911 209.559 254.946 298.61 317.27 348.963 377.458 420.675 464.686 486.823 518.908 559.808 587.243 570.421 575.282 659.736 751.819 847.343 981.087 1127.91 1313.37 1687.35 1710.98 1750.86 1797.68 1831.19 1870.25 1906.5 1941 1978.69 2007.5 2030.51 2056.64 2089.2 2114.54 2119.83 2101.48 2078.82 2048.38 2006.41 1958.75 1904.66 1840.41 1763.84 1674.72 1577.27 1492.29 1388.53 1273.04 1163.62 1041.78 918.864 787.505 632.558 487.132 305.134 
165.622 392.252 545.924 682.615 834.19 951.174 1061.24 1178.64 1278.02 1391.4 1491.98 1571.27 1665.21 1752.94 1826.49 1885.28 1931.73 1983.35 2022.73 2054.53 2078.26 2097.92 2108 2081.33 2055.04 2032.09 2010.61 1981.14 1946.07 1913.55 1876.8 1839.85 1800.75 1763.37 1676.04 1325.72 1135.91 1007.92 897.348 794.482 714.231 639.946 695.047 691.298 662.613 647.038 611.495 561.572 524.127 477.755 440.422 392.044 363.494 320.83 319.19 291.358 255.705 58.2629 -270.287 -388.323 -438.62 -442.191 -438.539 -429.219 -410.006 -403.307 -405.901 -421.735 -410.446 -398.834 -418.561 -434.506 -446.963 -459.396 -447.524 -442.02 -442.792 -443.443 -440.146 -456.911 -467.249 -501.793 -516.949 -544.913 -574.192 -585.25 -559.412 -504.881 -297.16 40.6448 20.2862 25.323 27.6844 21.0362 17.2836 24.3827 28.1208 25.7626 15.0378 14.7839 12.7268 12.8939 14.6412 16.8374 12.1114 5.70131 5.35497 -8.94854 5.38633 7.60261 -8.32362 -14.1134 -421.788 -561.765 -608.538 -616.617 -613.994 -594.411 -558.255 -540.944 -517.721 -501.922 -490.291 -503.42 -491.478 -499.628 -496.141 -502.569 -466.865 -453.206 -451.913 -464.377 -437.967 -454.723 -440.288 -443.722 -443.527 -458.827 -483.666 -473.055 -443.918 -381.18 -196.197 226.936 244.241 241.901 290.466 334.802 356.41 390.526 420.738 465.627 511.927 536.783 571.982 614.421 643.738 629.338 637.387 719.951 808.154 901.268 1030.95 1174.19 1354.76 1717.6 1741.08 1780.38 1826.4 1858.54 1897.47 1931.11 1966.06 2002.1 2028.56 2049.54 2072.21 2101.2 2106.57 2091.31 2070.9 2043.95 2011.74 1968.58 1920.54 1865.83 1800.76 1724.31 1635.5 1537.95 1454.39 1350.38 1234.2 1127.28 1009.25 890.166 762.91 612.802 471.918 295.604 
159.925 378.76 527.146 659.135 805.498 918.458 1024.74 1138.1 1234.26 1346.2 1446.7 1524.97 1619.14 1708.83 1780.94 1841.51 1889.2 1941.08 1983.61 2016.77 2043.61 2067.51 2081.33 2089.36 2068.58 2047.8 2030.93 2003.3 1970.53 1938.72 1901.4 1866.59 1829.71 1793.2 1708.02 1367.69 1186.32 1060.79 954.298 853.827 775.884 702.923 754.99 750.597 719.832 701.121 663.212 611.871 572.39 523.745 484.847 435.513 404.921 361.46 355.978 325.592 287.6 93.969 -226.722 -342.404 -396.799 -415.242 -420.651 -413.406 -396.11 -389.701 -393.053 -409.806 -400.713 -390.408 -410.509 -427.367 -440.388 -453.003 -441.198 -436.14 -437.787 -438.06 -434.793 -451.85 -462.549 -497.44 -511.93 -538.688 -568.109 -579.325 -553.879 -501.407 -301.61 24.4665 5.04525 9.83274 11.4069 4.58405 1.00538 8.17264 11.2889 9.29538 -1.30121 -1.33857 -3.98595 -3.36864 -1.48279 0.737663 -4.33553 -10.4884 -10.7096 -24.9757 -10.3825 -7.9409 -23.469 -28.8319 -422.93 -558.12 -602.119 -609.404 -606.909 -587.383 -551.738 -534.49 -511.913 -495.806 -484.28 -497.119 -485.551 -493.364 -488.854 -495.615 -459.879 -445.768 -442.502 -452.972 -426.679 -441.981 -426.644 -429.516 -429.814 -439.706 -456.748 -424.847 -397.305 -335.124 -151.921 259.244 278.506 279.246 330.177 377.176 399.655 435.705 467.515 514.433 561.502 588.923 628.446 673.837 705.66 693.742 701.714 781.551 867.599 956.679 1082.66 1222.38 1396.71 1748.03 1772.03 1809.66 1854.84 1886.44 1922.58 1956.25 1987.9 2022.87 2045.12 2063.83 2084.24 2091.14 2077.76 2059.84 2035.19 2005.94 1970.9 1925.31 1877.38 1821.29 1755.61 1678.85 1588.11 1492.02 1408.88 1305.56 1191.75 1088.5 974.533 859.548 736.669 591.724 455.686 285.436 
155.142 367.431 511.378 639.972 781.997 891.628 994.779 1104.82 1198.11 1307.34 1408.72 1487.65 1579.71 1668.09 1741.15 1801.76 1849.18 1902.26 1945.18 1981.11 2009.87 2037.49 2055.04 2068.58 2073.63 2057.84 2043.08 2018.55 1986.5 1957.44 1920.42 1886.54 1851.23 1815.19 1731.5 1400.59 1224.47 1102.53 998.218 899.811 824.306 751.926 798.387 793.048 763.274 744.851 705.856 653.428 612.01 561.642 520.95 470.009 437.134 392.66 384.207 351.68 311.369 120.465 -195.302 -310.481 -364.702 -385.052 -402.869 -401.957 -392.074 -386.469 -391.083 -408.374 -399.41 -388.879 -408.156 -425.223 -437.975 -451.038 -439.483 -434.887 -436.495 -436.358 -433.535 -450.954 -461.104 -496.365 -510.499 -535.83 -564.064 -574.265 -549.014 -497.286 -302.755 13.7512 -4.93246 0.0498492 1.60201 -5.37286 -9.2203 -2.0792 1.09829 -0.755578 -11.6418 -11.8543 -14.8293 -14.2697 -12.7819 -10.4072 -15.1696 -21.3475 -21.8595 -36.9278 -21.6265 -19.1212 -35.9075 -40.9489 -423.524 -554.876 -597.837 -604.896 -603.332 -584.253 -549.338 -532.496 -509.743 -493.576 -482.731 -495.437 -483.466 -491.198 -486.621 -493.491 -457.269 -444.276 -440.947 -451.103 -425.066 -439.534 -423.799 -425.726 -414.577 -419.245 -427.741 -394 -363.536 -301.082 -118.763 282.735 305.098 308.718 360.895 408.927 434.133 473.082 505.901 554.197 603.822 632.418 673.574 719.227 751.863 742.359 751.771 829.099 913.317 999.57 1123.69 1259.63 1429.66 1771.22 1794.93 1832.09 1875.61 1905.3 1941.93 1972.94 2002.63 2036.76 2055.04 2072.28 2075.33 2065.48 2049.62 2028.12 2000.83 1968.32 1932.01 1885.99 1837.07 1780.93 1714.38 1637.95 1549.14 1453.78 1370.36 1267.48 1156.87 1056.67 946.036 834.451 715.187 574.185 442.056 276.898 
148.552 351.823 490.762 617.947 759.081 868.902 971.347 1078.18 1168.69 1274.2 1373.48 1452.37 1545.03 1632.71 1706.49 1769.19 1818.16 1872.5 1915.07 1950.58 1981.98 2011.2 2032.09 2047.8 2057.84 2077.13 2064.19 2043.36 2013.34 1985.9 1950.19 1918.35 1883.85 1847.65 1766.23 1448.45 1278.62 1159.86 1059.37 963.571 889.566 819.558 862.872 855.269 825.01 806.838 766.342 711.813 668.171 615.182 571.505 519.295 484.658 439.77 428.542 394.649 352.561 164.905 -139.54 -254.86 -315.01 -340.905 -363.616 -373.143 -370.642 -388.235 -395.488 -416.662 -411.577 -403.194 -425.153 -443.259 -455.784 -469.524 -458.357 -453.565 -455.641 -455.652 -450.865 -467.945 -475.707 -510.391 -522.75 -543.301 -565.765 -573.848 -544.008 -491.817 -306.18 -3.50241 -21.7685 -16.987 -15.7101 -23.3131 -27.1616 -20.2148 -16.9903 -18.8876 -29.7904 -29.7864 -32.5149 -31.8056 -30.4618 -28.0928 -32.569 -38.7806 -39.4847 -53.9742 -37.9112 -35.2255 -51.4216 -55.8174 -421.996 -548.207 -591.756 -602.295 -603.055 -590.599 -559.632 -544.861 -523.292 -509.3 -499.94 -513.357 -502.012 -510.23 -504.344 -511.491 -474.118 -459.423 -454.025 -462.593 -433.276 -446.504 -414.093 -407.211 -385.946 -385.785 -386.855 -347.274 -309.838 -242.828 -64.3829 323.84 348.719 354.983 407.843 456.636 483.465 525.058 560.649 611.054 663.077 695.311 738.851 784.853 817.579 808.864 819.561 892.971 976.711 1059.95 1180.72 1312.2 1476.74 1804.59 1829.4 1865.59 1907.31 1937.28 1971.26 1999.24 2027.32 2059.02 2075.23 2074.79 2055.69 2043.81 2024.47 2001.73 1971.54 1937.71 1902.02 1855.58 1804.99 1747.76 1679.27 1601.98 1513.62 1418.8 1335.4 1235.81 1128.81 1031.14 922.567 810.961 693.138 553.446 423.555 265.137 
143.133 338.989 478.152 603.91 741.924 851.576 954.434 1062.09 1151.08 1254.43 1351.26 1428.76 1522.17 1608.41 1680.89 1744.72 1792.94 1846.84 1891.26 1927.92 1958.86 1988.57 2010.61 2030.93 2043.08 2064.19 2081.61 2061.12 2033.41 2007.39 1972.57 1943 1909.57 1873.14 1793.78 1486.53 1322.32 1206.49 1108.13 1015.99 942.552 872.885 913.339 904.655 872.567 855.148 815.907 761.715 717.983 664.422 618.869 566.009 529.553 484.106 470.216 434.336 391.18 207.918 -88.0032 -210.91 -277.549 -308.032 -336.112 -347.549 -348.353 -366.945 -381.146 -419.808 -417.394 -410.36 -434.498 -453.503 -465.968 -480.398 -469.586 -464.955 -468.208 -468.204 -462.643 -479.794 -486.371 -519.711 -530.08 -549.643 -572.367 -579.353 -547.12 -487.074 -306.358 -15.4286 -33.2833 -28.6736 -27.7541 -35.7152 -39.5095 -32.665 -29.5433 -31.2817 -42.2996 -42.1514 -44.8051 -43.9964 -42.7097 -40.1569 -44.6016 -50.8542 -51.5136 -65.6033 -49.1484 -46.284 -61.6632 -65.6948 -417.945 -545.116 -593.805 -606.055 -608.191 -595.762 -565.511 -552.699 -532.837 -519.848 -511.014 -524.324 -513.452 -521.472 -514.558 -521.967 -483.578 -467.379 -460.43 -467.629 -430.456 -427.949 -393.865 -386.24 -360.706 -357.824 -355.763 -310.406 -269.319 -195.34 -12.5882 362.534 389.125 397.993 452.455 502.167 530.562 573.718 610.012 661.374 714.446 746.779 790.344 836.809 869.202 861.151 872.764 944.743 1027.88 1109.71 1226.74 1353.7 1513.92 1831.26 1856.26 1890.79 1933.19 1961.75 1992.75 2019.57 2045.27 2076.21 2079.22 2061.04 2039.92 2024.32 2002.4 1978.58 1948.46 1914.92 1877.56 1829.77 1779.86 1722.89 1653.74 1578.48 1490.69 1395.77 1314.09 1216.77 1112.02 1014.85 904.803 793.601 676.91 540.134 410.878 255.465 
136.98 324.768 459.553 580.388 713.213 819.307 920.233 1026.93 1118.01 1219.27 1313.28 1388.34 1480.35 1568.92 1640.75 1703.73 1754.16 1809.36 1854.76 1892.22 1925.17 1955.95 1981.14 2003.3 2018.55 2043.36 2061.12 2073.66 2050.64 2026.47 1993.61 1966.53 1935.61 1900.06 1822.33 1527.86 1370.77 1257.86 1162.24 1073.36 1000.64 934.529 970.748 962.282 930.156 910.993 871.619 819.946 777.793 722.937 675.684 621.339 583.599 536.554 519.213 481.857 436.868 258.405 -27.403 -151.822 -218.889 -250.667 -280.283 -294.279 -298.134 -320.536 -335.726 -373.094 -382.88 -386.691 -412.706 -432.476 -444.864 -459.941 -449.486 -444.678 -449.182 -449.473 -444.423 -462.258 -467.906 -501.231 -510.113 -528.888 -552.004 -559.281 -528.253 -470.727 -294.217 -16.6047 -34.1333 -29.6056 -29.4087 -37.7994 -41.4547 -34.5879 -31.7486 -33.3289 -44.2735 -44.1501 -46.7692 -45.6557 -44.2361 -41.538 -46.1438 -52.4228 -52.93 -66.3488 -49.5841 -46.6046 -61.0916 -64.4302 -401.343 -527.952 -573.536 -584.222 -586.079 -574.043 -544.25 -532.509 -513.469 -500.358 -491.293 -503.213 -493.27 -501.439 -493.306 -500.91 -462.02 -444.421 -435.629 -421.618 -386.228 -383.787 -346.573 -336.421 -307.738 -302.879 -297.794 -250.388 -208.482 -136.068 46.7008 408.338 437.152 448.742 504.713 555.601 585.824 631.633 670.18 722.517 774.751 806.761 851.31 896.022 927.081 922.957 933.483 1004.47 1083.8 1162.96 1276.39 1400.04 1554.34 1859.16 1883.3 1918.66 1957.49 1982.83 2012.77 2036.16 2060.62 2074.96 2059.07 2038.46 2013.5 1996.44 1971.44 1945.8 1913.73 1878.75 1840.48 1791.76 1740.29 1681.38 1613.53 1537.32 1448.55 1356.24 1277.02 1182.35 1077.24 979.826 871.433 763.217 650.491 519.156 395.004 244.483 
131.303 313.022 443.177 559.488 687.188 790.021 887.646 992.179 1084.27 1186.86 1279.88 1353.07 1442.63 1529.48 1601.95 1665.79 1716.26 1770.8 1818.16 1856.52 1889.91 1921.33 1946.07 1970.53 1986.5 2013.34 2033.41 2050.64 2058.24 2038.2 2008.3 1983.69 1954.8 1920.58 1846.34 1562.03 1411.71 1300 1209.01 1121.75 1050.67 985.937 1019.76 1010.18 978.689 959.029 920.576 869.126 829.246 775.971 728.399 673.913 634.437 585.882 565.16 526.841 479.832 307.278 27.2139 -96.2626 -163.573 -195.85 -226.815 -243.091 -249.048 -273.224 -290.44 -329.662 -340.357 -344.522 -385.262 -411.059 -423.388 -439.263 -429.544 -425.812 -431.63 -431.905 -426.225 -444.736 -450.231 -483.157 -492.098 -509.932 -533.412 -540.971 -511.106 -456.36 -281.337 -16.2094 -33.269 -28.8144 -29.2029 -37.8323 -41.4038 -34.4486 -31.9245 -33.4769 -44.3181 -44.2192 -46.8717 -45.7849 -44.2016 -41.3441 -46.0812 -52.274 -52.7411 -65.7273 -48.7108 -45.5568 -59.125 -61.9986 -385.128 -512.624 -555.12 -564.543 -566.007 -554.498 -525.158 -512.871 -495.048 -481.05 -472.28 -483.842 -473.547 -480.829 -471.476 -479.473 -439.28 -404.659 -392.939 -379.382 -342.882 -337.689 -298.756 -286.307 -256.839 -250.195 -242.381 -194.062 -151.7 -81.1196 103.491 451.465 482.386 496.913 553.348 606.265 637.817 686.108 725.045 776.951 826.308 858.913 902.362 945.667 976.561 974.018 986.374 1055.24 1132.31 1208.35 1319.11 1438.03 1587.92 1881.06 1905.02 1938.85 1976.1 1997.61 2025.09 2047.03 2059.28 2049.08 2029.94 2007.23 1981.03 1961.84 1936.71 1911.29 1878.49 1842.11 1803.48 1753.06 1701.78 1643.72 1574.77 1498.24 1411.44 1321.46 1244.27 1148.26 1041.84 945.861 840.191 735.49 626.969 500.569 381.039 234.351 
126.857 302.763 428.823 541.505 665.14 764.577 859.051 960.141 1049.92 1152.24 1246.82 1319.93 1407.47 1492.7 1565.43 1629.19 1679.56 1736.31 1782.96 1821.3 1855.38 1888.12 1913.55 1938.72 1957.44 1985.9 2007.39 2026.47 2038.2 2040.81 2015.2 1993.65 1965.64 1933.53 1861.54 1588.35 1442.61 1332.12 1244.8 1159.47 1089.14 1025.86 1058.34 1048.2 1016.51 996.26 958.096 906.443 868.518 816.895 770.323 715.875 675.595 627.088 605.206 565.81 518.295 348.913 74.3932 -47.2616 -114.582 -147.382 -180.549 -198.702 -206.503 -232.594 -251.261 -290.425 -302.683 -308.565 -347.588 -372.925 -399.463 -422.092 -413.089 -410.19 -416.809 -417.265 -412.576 -431.878 -437.416 -470.011 -478.397 -495.454 -518.771 -526.682 -497.557 -444.597 -274.604 -18.9015 -35.7723 -31.4721 -31.8923 -40.9187 -44.4402 -37.6112 -35.1096 -36.6073 -47.5137 -47.4956 -49.9594 -48.9431 -47.4157 -44.4016 -48.9724 -55.3833 -55.7081 -68.4963 -50.9092 -47.8096 -60.7813 -63.3265 -376.033 -500.05 -540.588 -549.329 -550.419 -539.375 -510.441 -498.68 -481.607 -466.446 -457.395 -467.805 -456.932 -463.797 -453.617 -442.829 -401.034 -368.467 -356.249 -339.728 -303.749 -297.574 -258.015 -243.889 -212.584 -204.262 -193.635 -144.891 -101.549 -31.7504 151.085 489.872 522.033 538.12 595.254 647.026 680.085 729.633 767.681 816.741 866.924 898.326 942.039 984.718 1015.11 1013.26 1027.05 1094.97 1169.3 1243.97 1352.46 1466.94 1612.75 1897.08 1918.98 1950.35 1985.61 2004.42 2031.47 2043.07 2035.42 2023.47 2003.71 1979.04 1950.87 1929.41 1904.5 1877.61 1843.32 1807.31 1768.65 1717.56 1664.95 1606.66 1537.2 1461.77 1376.82 1288.87 1209.41 1112.87 1008.5 915.362 813.213 712.201 606.835 484.424 368.647 226.415 
122.013 291.564 413.171 521.845 641.093 737.169 828.666 926.333 1013.25 1113.4 1207.6 1283.38 1371.2 1454.57 1525.72 1590.05 1640.18 1696.19 1744.68 1784.52 1818.47 1851.72 1876.8 1901.4 1920.42 1950.19 1972.57 1993.61 2008.3 2015.2 2016.6 2000.15 1975.44 1943.93 1875.52 1612.82 1472.71 1364.77 1281.22 1198.18 1128.35 1065.89 1095.92 1085.62 1053.63 1032.91 994.377 943.912 905.331 855.436 810.432 758.104 719.46 671.401 647.001 605.962 557.414 392.587 124.909 4.9304 -62.2504 -95.5307 -129.319 -149.875 -159.751 -188.307 -208.417 -248.389 -262.687 -270.211 -310.752 -337.219 -362.851 -385.159 -386.535 -394.476 -401.66 -402.229 -397.423 -417.53 -422.929 -456 -463.973 -480.088 -502.946 -511.343 -483.183 -432.442 -267.399 -22.192 -39.0208 -34.7776 -35.0265 -44.5102 -48.2665 -41.5794 -38.8309 -40.3549 -51.5665 -51.483 -53.4073 -52.641 -51.3107 -48.3169 -52.4958 -58.9716 -59.5229 -71.9121 -53.5116 -50.4776 -63.018 -65.3915 -365.971 -486.684 -525.322 -533.164 -533.541 -523.172 -494.964 -483.777 -466.539 -449.909 -441.488 -451.616 -436.007 -425.204 -416.2 -405.373 -364.542 -330.754 -317.485 -299.032 -261.335 -252.9 -212.649 -197.3 -163.359 -153.852 -141.679 -92.6778 -47.6784 21.3244 201.574 528.657 562.699 580.789 638.863 691.963 723.434 772.308 807.98 857.244 905.324 936.714 980.085 1022.91 1054.01 1053.48 1066.88 1133.93 1206.7 1279.68 1385.68 1495.7 1636.93 1910.95 1929.92 1959.57 1992.4 2009.64 2024.36 2013.63 2004.19 1990.11 1967.76 1942.27 1913.74 1892.5 1867.76 1840.68 1806.43 1769.37 1729.05 1677.92 1625.57 1567.24 1497.99 1424.19 1340.36 1250.47 1169.66 1074.53 973.125 883.046 784.152 686.441 584.873 466.811 355.123 217.771 
116.972 280.98 398.075 502.714 617.639 710.119 797.818 892.177 976.036 1072.74 1164.2 1240.69 1329.45 1412.19 1481.59 1544.85 1596.32 1653.04 1700.78 1742.15 1778.07 1811.77 1839.85 1866.59 1886.54 1918.35 1943 1966.53 1983.69 1993.65 2000.15 2004.55 1984.08 1954.55 1888.96 1638.21 1503.51 1399.98 1318.88 1237.82 1169.92 1109.53 1136.6 1126.01 1093.58 1074.41 1035.76 985.857 948.698 897.337 853.599 802.174 764.103 717.199 691.562 648.371 597.392 436.575 174.032 55.5219 -11.7345 -46.0653 -82.1673 -104.476 -115.944 -146.505 -166.463 -207.96 -224.391 -233.604 -274.997 -302.168 -329.034 -352.673 -353.413 -361.325 -373.007 -386.784 -385.952 -406.324 -410.276 -445.701 -452.383 -467.551 -490.261 -498.97 -472.085 -423.692 -261.591 -27.018 -43.8204 -39.5099 -39.7926 -49.7109 -53.6411 -47.0407 -44.1872 -45.6622 -57.1661 -56.9943 -58.5756 -57.8474 -56.7044 -53.656 -57.6871 -64.0857 -64.8771 -76.7291 -57.7155 -54.6973 -66.7308 -68.6216 -358.943 -476.786 -513.057 -519.92 -519.722 -509.847 -482.247 -472.472 -453.384 -436.889 -416.319 -417.411 -402.195 -392.674 -383.068 -370.411 -329.018 -294.654 -280.479 -258.981 -221.055 -211.09 -168.751 -153.664 -118.708 -107.02 -92.1649 -41.7695 4.89148 73.154 251.105 568.792 605.394 626.069 684.936 737.198 768.225 817.742 852.371 902.298 948.641 979.567 1023.32 1065.2 1096.14 1096.29 1110.55 1176.32 1245.99 1316.91 1420.11 1525.89 1661.89 1923.51 1941.42 1968.57 2000.1 2009.46 2004.32 1990.88 1978.57 1961.31 1937.75 1909.41 1879.88 1856.44 1829.03 1800.44 1765.43 1726 1685.57 1634.4 1581.66 1521.77 1454.31 1382.58 1297.49 1206.73 1127.24 1035.3 937.354 850.192 755.314 660.967 563.383 449.689 342.139 208.772 
112.128 270.052 382.713 483.436 593.733 682.752 767.669 858.786 939.793 1033.14 1121.71 1195.71 1284.22 1369.04 1438.53 1500.43 1552.35 1609.74 1659.41 1700.29 1737.51 1772.58 1800.75 1829.71 1851.23 1883.85 1909.57 1935.61 1954.8 1965.64 1975.44 1984.08 1989.75 1961.56 1899.06 1658.84 1531.56 1431.71 1354.88 1274.97 1208.34 1149.95 1173.69 1163.05 1131.84 1112.77 1073.04 1024.73 987.4 938.085 892.124 841.529 805.766 760.12 733.548 690.549 638.908 481.913 224.03 107.488 39.7423 4.15309 -32.9422 -57.2514 -70.7394 -101.188 -123.067 -166.235 -183.591 -193.853 -236.845 -265.245 -291.94 -316.237 -318.853 -328.546 -339.577 -354.356 -353.422 -382.021 -397.819 -433.062 -440.195 -454.371 -476.954 -485.933 -459.987 -413.673 -256.537 -32.0422 -48.6619 -44.4233 -44.8765 -55.1215 -59.1357 -52.5616 -49.7728 -51.1786 -62.8421 -62.5948 -64.0085 -63.3192 -62.323 -59.1291 -62.9944 -69.4629 -70.2245 -81.7781 -62.2476 -59.2044 -70.6559 -72.169 -351.706 -465.727 -499.982 -505.891 -505.291 -495.96 -468.936 -449.705 -419.536 -404.467 -384.066 -384.257 -368.104 -356.082 -345.928 -333.232 -291.631 -255.504 -240.096 -216.748 -179.013 -167.099 -124.174 -107.623 -71.4731 -58.5503 -41.7273 10.434 58.1842 125.807 302.483 610.658 648.533 669.9 727.651 779.889 809.207 858.212 892.962 941.822 987.87 1019.39 1061.74 1103.56 1134.14 1135.89 1151.13 1214.99 1281.98 1351.58 1451.21 1553.15 1683.5 1933.55 1948.93 1974.45 1992.18 1986.15 1978.2 1962 1948.78 1929.49 1903.23 1875.14 1843.28 1818.35 1789.6 1760.59 1723.84 1684.12 1643.75 1590.32 1536.51 1477.42 1410.82 1338.09 1251.57 1162.85 1085.67 996.69 902.348 818.469 726.279 635.71 541.767 432.383 328.892 200.128 
106.829 259.254 373.154 470.457 577.316 663.295 745.419 833.317 911.413 1001.51 1086.53 1157.97 1244.82 1329.78 1400.15 1463.69 1514.47 1571.9 1622.03 1662.87 1699.09 1734.64 1763.37 1793.2 1815.19 1847.65 1873.14 1900.06 1920.58 1933.53 1943.93 1954.55 1961.56 1966.22 1900.21 1655.95 1534.93 1440.05 1366.4 1290.27 1224.82 1168.52 1189.06 1176.87 1146.04 1126.61 1088.08 1041.7 1004.53 957.779 914.964 867.836 831.683 787.176 764.859 725.932 676.182 525.257 276.425 163.351 95.7817 59.326 21.8513 -4.5806 -20.7041 -54.7311 -76.8277 -119.066 -138.859 -150.97 -195.125 -224.524 -252.669 -278.195 -281.666 -292.34 -304.457 -320.093 -319.408 -348.429 -363.33 -397.571 -409.371 -433.229 -458.869 -468.182 -443.053 -398.666 -248.655 -35.0944 -51.4742 -47.286 -47.644 -58.1641 -62.2974 -55.5692 -52.8675 -54.1594 -66.0223 -65.6796 -66.9338 -66.2782 -65.4746 -62.0092 -66.0152 -72.5104 -73.3559 -84.7966 -64.7782 -61.6695 -72.6932 -74.2007 -340.428 -449.828 -482.111 -485.945 -474.611 -456.434 -430.515 -413.723 -385.285 -369.029 -347.965 -347.419 -331.055 -318.031 -307.229 -292.522 -250.375 -213.124 -196.544 -170.888 -132.714 -120.069 -76.773 -58.8381 -19.3745 -4.83508 13.4595 66.9108 114.5 180.796 353.673 647.211 684.166 701.797 756.798 807.107 833.647 880.728 911.06 960.321 1005.69 1035.4 1077.53 1118.05 1149.87 1154.28 1168.66 1231.97 1296.48 1363.24 1460 1556.19 1680.25 1940.33 1954.46 1965.63 1964.25 1955.8 1946.24 1928.72 1914.11 1892.75 1866.99 1838.48 1806.49 1782.13 1752.39 1722.34 1685.57 1647.11 1605.76 1552.17 1498.6 1440.42 1371.93 1298.3 1212.78 1126.13 1052.26 966.349 875.453 794.317 705.637 617.874 526.42 421.085 320.565 190.669 
106.908 257.432 306.868 402.222 502.108 584.233 659.099 744.218 820.614 906.79 989.325 1057.82 1141.16 1225.28 1291.94 1358.94 1412.65 1471.62 1523.39 1568.39 1605.75 1643.57 1676.04 1708.02 1731.5 1766.23 1793.78 1822.33 1846.34 1861.54 1875.52 1888.96 1899.06 1900.21 1946.44 1810.63 1684.9 1590.58 1521.23 1447.98 1385.13 1332.62 1363.45 1357.83 1330.07 1318.05 1280.32 1236.33 1198.85 1147.04 1089.95 1034.68 998.708 953.383 907.828 849.672 787.784 636.2 392.185 262.526 178.812 127.382 75.9268 50.1084 34.6004 -2.38211 -37.3836 -90.4727 -118.863 -133.288 -178.733 -206.964 -236.792 -265.186 -270.358 -283.574 -300.748 -322.111 -320.648 -350.783 -366.999 -399.931 -414.435 -437.679 -462.069 -471.835 -451.667 -417.294 -273.262 -59.9255 -76.1684 -71.5675 -72.8565 -83.1957 -86.4429 -80.3327 -78.1482 -79.4149 -91.0659 -90.6219 -92.4527 -91.3632 -90.3786 -86.5381 -91.1229 -97.7141 -97.8849 -109.358 -89.612 -86.2086 -96.6073 -96.1778 -353.183 -454.843 -484.898 -490.69 -479.142 -462 -436.252 -416.899 -386.561 -370.406 -346.628 -340.104 -320.808 -304.624 -291.675 -275.958 -234.142 -195.369 -177.963 -140.957 -95.7781 -72.8239 -21.1311 -0.498342 33.5429 53.4867 85.5495 157.672 223.331 295.228 465.28 766.685 812.251 858.551 921.888 975.095 1002.56 1060.36 1105.96 1156.64 1199.13 1224.3 1264.62 1307.22 1331.64 1324.38 1332.54 1396.83 1456.39 1520.27 1617.07 1714.04 1842.71 1910.8 1908.49 1904.98 1899.81 1889.3 1876.56 1855.69 1838.46 1814.15 1786.75 1756.77 1722.31 1695.63 1663.15 1630.83 1592.12 1550.48 1506.5 1450.79 1395.85 1333.08 1262.85 1192.34 1109.37 1028.62 955.29 871.691 783.874 706.993 620.131 540.662 458.227 355.776 263.495 192.253 
132.315 258.952 176.866 119.535 158.312 217.715 278.555 350.921 423.859 507.239 584.407 649.697 727.211 807.743 866.06 931.616 994.851 1063.27 1126.94 1184.16 1232.86 1283.09 1325.72 1367.69 1400.59 1448.45 1486.53 1527.86 1562.03 1588.35 1612.82 1638.21 1658.84 1655.95 1810.63 2663.24 2550.84 2457.37 2393.38 2321.74 2252.85 2212.69 2106.7 2025.09 1986.88 1898.97 1832.11 1788.46 1768.1 1701.51 1636.81 1608.28 1593.93 1567.32 1499.05 1421.83 1385.75 1248.58 987.965 852.828 741.662 680.16 623.472 609.899 621.031 597.743 550.619 471.986 432.362 417.223 364.571 352.483 311.497 274.316 263.439 235.221 194.816 143.079 140.089 116.536 98.8117 76.7367 51.3363 15.9217 -17.619 -27.7588 -8.63382 24.0444 177.647 432.338 408.772 411.134 383.968 370.221 367.491 355.955 358.464 361.028 350.052 348.187 345.707 347.318 347.933 347.863 360.607 358.297 361.154 376.214 395.899 399.547 399.363 421.288 112.606 -3.28136 -38.1134 -48.5267 -40.2743 -11.7265 18.1548 37.8737 71.3073 82.8368 126.326 162.43 212.708 235.825 253.271 278.284 319.251 362.076 371.582 428.162 482.025 525.186 594.903 610.192 635.755 654.923 693.539 768.004 834.274 907.476 1080.16 1451.17 1485.19 1544.94 1581.68 1577.63 1619.45 1695.72 1760.66 1739.83 1777.98 1873.75 1922.83 1931.12 1994.12 2096.87 2212.45 2277.24 2339.59 2399.36 2497.12 2601.85 2537.13 1660.16 1681.69 1671.91 1654.99 1634.94 1611.68 1577.28 1549.97 1514.69 1476.3 1433.58 1387.01 1350.69 1308.26 1266.1 1214.93 1160.12 1105.61 1035.81 970.573 900.977 835.692 771.358 686.137 621.251 548.943 472.585 381.541 317.309 244.425 190.388 131.713 139.103 190.235 238.424 
141.783 245.567 168.286 114.397 36.4924 57.2108 109.861 168.783 229.379 310.859 390.165 446.614 521.467 604.798 649.348 714.343 780.103 846.227 914.097 975.505 1031.99 1087.57 1135.91 1186.32 1224.47 1278.62 1322.32 1370.77 1411.71 1442.61 1472.71 1503.51 1531.56 1534.93 1684.9 2550.84 2876.33 2823.48 2765.98 2691.99 2617.24 2560.39 2163.76 1964.65 1919.63 1847.63 1786.73 1731.76 1714.85 1651.42 1590.99 1563.7 1548.9 1521.77 1457.41 1365.29 1334.43 1180.17 905.581 773.796 656.126 596.946 540.972 536.23 561.93 549.334 514.214 437.776 390.603 359.754 334.589 329.262 314.689 292.309 293.278 277.341 237.947 186.724 181.742 160.629 149.132 136.672 109.98 90.8036 83.0483 80.9982 118.984 178.588 332.324 606.373 582.196 583.333 553.442 532.728 533.427 518.159 516.098 518.468 520.206 517.927 514.187 521.178 515.794 520.599 535.808 540.906 538.966 551.232 583.066 582.232 586.072 599.988 270.513 141.889 101.777 86.7507 101.175 132.092 171.462 195.596 228.742 233.313 259.652 269.094 305.008 310.54 317.286 339.641 370.1 415.32 431.517 479.214 531.965 547.474 589.172 582.667 594.07 620.032 661.854 718.913 779.486 837.3 1010.41 1414.15 1436.01 1490.48 1540.45 1528.33 1575.31 1647.84 1711.75 1687.54 1723.5 1811.47 1880.06 1866.75 2019.2 2329.88 2576.11 2652.28 2705.06 2764.08 2823.61 2755.65 2413.63 1542.7 1563.32 1548.54 1524.22 1498.65 1470.28 1429.8 1396.87 1354.95 1309.32 1261.77 1208.5 1164.57 1116.07 1068.73 1010.88 948.923 890.633 816.22 755.969 685.251 619.707 561.477 478.335 419.3 351.734 275.742 192.016 146.143 84.3166 37.5623 70.0999 132.844 180.731 255.724 
145.932 248.909 174.739 123.671 46.8645 11.3976 19.1916 71.1895 119.989 192.268 271.25 326.708 395.642 479.123 520.906 581.745 645.232 708.911 780.739 840.22 898.603 957.418 1007.92 1060.79 1102.53 1159.86 1206.49 1257.86 1300 1332.12 1364.77 1399.98 1431.71 1440.05 1590.58 2457.37 2823.48 2993.07 2956.55 2886.77 2811.29 2753.49 2356.49 2149.3 1965.94 1819.08 1760.71 1697.45 1684.98 1623.81 1566.05 1541.23 1523.37 1494.93 1427.86 1342.08 1315.07 1150.19 869.846 737.007 619.687 558.394 502.054 499.601 527.689 514.516 469.741 397.171 343.648 308.385 292.187 274.87 255.383 235.899 235.513 222.747 175.425 123.034 119.017 91.1093 81.9506 63.9041 38.0149 14.8505 3.90472 0.267739 40.1389 97.7626 248.626 530.52 504.199 505.72 477.38 456.194 458.068 442.363 440.102 442.297 444.378 441.417 437.578 445.457 439.451 444.493 458.981 464.54 461.729 473.442 504.859 503.469 507.421 524.214 188.038 56.3604 20.7522 4.74854 30.5439 56.8541 107.606 136.748 165.113 173.538 200.248 208.065 249.141 251.171 261.405 284.866 317.441 362.973 393.621 429.534 492.332 508.294 549.845 547.299 558.479 582.168 622.906 678.276 739.371 805.226 977.726 1394.18 1415.93 1463.22 1510.66 1505.08 1554.55 1622.94 1683.91 1656.31 1696.62 1799.01 1940.72 2068.48 2258.14 2538.16 2774.21 2845.27 2895.31 2958.55 2913.03 2683.25 2321.26 1452.24 1470.16 1450.96 1422.95 1394.01 1361.15 1318.28 1284.9 1241.1 1192.5 1141.55 1084.51 1038.31 986.947 937.114 876.292 813.342 755.734 678.38 620.234 550.684 487.413 435.248 352.968 299.359 233.799 164.518 89.7041 54.5504 -3.17266 36.1908 78.8776 140.837 185.918 264.335 
148.254 252.274 178.349 127.469 52.1998 16.9059 -29.2995 -6.13271 32.7008 96.5743 172.391 222.35 290.335 369.669 409.651 465.277 527.221 589.757 662.457 725.659 781.207 843.008 897.348 954.298 998.218 1059.37 1108.13 1162.24 1209.01 1244.8 1281.22 1318.88 1354.88 1366.4 1521.23 2393.38 2765.98 2956.55 3081.34 3026.9 2949.6 2895.4 2511.21 2312.18 2165.97 2012.7 1892.73 1789.57 1723.74 1641.12 1558.48 1538.63 1525.8 1497.09 1428.38 1337.79 1318.66 1148.5 863.99 720.533 601.745 538.448 483.304 482.375 512.069 494.637 450.063 374.352 324.548 283.865 270.667 248.634 224.303 202.397 194.766 183.75 134.095 81.9012 77.5863 39.9873 31.1163 11.9566 -18.0189 -38.1883 -56.3335 -59.535 -22.3042 33.5683 176.132 462.672 434.189 435.174 404.97 383.64 385.88 369.013 366.246 368.735 371.422 369.146 364.161 372.155 366.283 371.432 386.894 392.574 390.307 403.632 435.146 433.799 441.98 463.995 120.166 -9.56299 -39.0831 -53.0082 -29.4797 1.22108 57.4457 91.3969 117.746 131.071 158.405 166.259 207.305 213.002 227.112 253.485 287.911 335.227 376.311 404.648 465.747 488.466 528.462 531.373 541.41 563.792 611.26 660.457 726.977 796.136 966.257 1387.36 1408.1 1465.08 1511.74 1501.79 1548.37 1645.89 1728.46 1787.42 1876.89 2015.92 2161 2254.52 2418.03 2690.84 2921.95 2988.9 3039.89 3009.71 2867.37 2626.14 2262.2 1385.76 1398.57 1376.09 1343.77 1311.67 1276.83 1229.33 1192.02 1143.98 1093.03 1038.95 979.117 929.588 874.583 821.293 759.636 694.346 636.712 558.73 500.513 436.999 375.613 325.662 246.674 195.619 135.107 74.2726 10.6433 -20.271 -13.0662 41.2958 84.4746 145.047 190.325 267.254 
148.512 250.684 177.541 126.738 53.4844 18.8149 -27.822 -47.9647 -31.3579 26.7072 96.3375 139.499 203.662 281.347 318.083 370.522 429.293 487.915 558.832 622.596 677.132 738.441 794.482 853.827 899.811 963.571 1015.99 1073.36 1121.75 1159.47 1198.18 1237.82 1274.97 1290.27 1447.98 2321.74 2691.99 2886.77 3026.9 3108.71 3037.35 2982.17 2604.71 2408.73 2276.36 2136.71 2044.53 1961.4 1903.95 1809.75 1706.03 1654.06 1577.55 1546.97 1417.01 1326.51 1310.41 1142.53 859.92 716.005 595.493 531.821 477.894 478.847 511.032 493.927 442.803 369.838 317.922 272.103 257.923 234.903 206.723 182.132 172.706 165.303 111.839 59.3041 55.2481 16.1189 4.81312 -13.7941 -54.2482 -73.541 -91.1601 -94.627 -66.0553 -9.9904 131.541 419.818 389.644 390.641 361.338 339.693 341.492 324.891 322.019 324.529 327.103 324.75 319.586 327.586 321.97 326.938 341.643 347.909 346.275 358.744 389.87 388.456 398.4 422.847 74.3987 -48.1218 -77.4127 -87.3474 -71.3802 -31.7331 25.5106 62.8403 88.6649 103.954 132.313 141.314 183.81 197.07 210.389 240.576 275.208 324.529 370.73 395.396 461.583 481.306 528.652 531.25 538.882 559.115 608.653 654.009 724.734 794.087 964.07 1378.94 1400.5 1511.42 1566.23 1602.13 1696.38 1818.89 1912.7 1964.23 2033.44 2146.62 2279.17 2356.84 2511.95 2781.55 3011.39 3079.94 3052.19 2966.59 2797.69 2555.9 2190.68 1313.2 1324.21 1298.1 1262.98 1229.77 1192.72 1143.02 1103.99 1054.21 999.119 942.016 879.547 828.516 769.813 717.612 657.295 590.692 532.434 457.987 404.509 342.08 284.909 238.706 161.044 117.905 62.9033 8.70101 -52.4238 -28.2333 -12.4083 42.6174 83.3718 145.208 188.17 266.92 
147.659 251.301 177.758 128.075 55.2659 20.084 -24.8789 -43.6016 -60.3019 -22.7571 42.7102 80.0815 140.745 213.236 248.908 298.583 354.472 411.721 478.564 542.34 597.818 658.148 714.231 775.884 824.306 889.566 942.552 1000.64 1050.67 1089.14 1128.35 1169.92 1208.34 1224.82 1385.13 2252.85 2617.24 2811.29 2949.6 3037.35 3080.07 3036.95 2667.22 2477.22 2340.72 2213.65 2122.1 2051.82 2009.01 1931.21 1840.37 1802.09 1730.29 1700.9 1560 1468.89 1441.64 1203.91 913.874 769.108 603.269 521.626 463.226 467.26 506.145 493.372 444.049 375.615 321.91 269.798 261.687 230.747 207.983 179.687 168.85 159.641 106.771 52.1736 48.483 7.63101 -9.17088 -24.4783 -65.889 -91.7064 -109.384 -113.095 -86.9316 -28.0078 107.137 388.447 360.928 358.024 328.783 307.304 309.085 292.563 289.507 291.945 294.616 292.349 287.1 295.263 289.545 294.628 309.107 315.348 313.754 326.303 357.412 357.711 368.139 393.163 47.5268 -67.1386 -97.5766 -106.153 -84.3345 -45.6566 14.3804 54.7824 80.6866 97.5678 126.423 135.713 178.5 193.012 213.43 237.868 278.113 328.912 377.818 395.572 462.688 486.066 528.085 525.254 527.379 546.766 603.817 676.023 778.989 859.381 1050.2 1517.73 1541.82 1665.78 1721.3 1755.16 1838.05 1944.43 2018.97 2053.59 2115.19 2221.42 2350.14 2429.27 2578.82 2835.41 3067.23 3067.75 2991.87 2896.51 2729.6 2489.97 2125.39 1251.6 1259.51 1232.43 1195.96 1161 1123.01 1072.08 1032.49 980.672 925.377 867.028 802.77 748.833 691.103 639.782 578.585 510.425 453.899 381.033 329.681 271.405 215.916 172.394 99.1284 61.1102 11.7644 -40.6495 -53.6685 -23.9271 -9.97623 44.5024 85.6915 145.332 188.351 265.397 
147.539 262.104 189.837 138.916 62.3193 27.8121 -18.5918 -37.2029 -54.6985 -53.2023 -5.49729 27.4741 83.6783 151.229 184.696 233.722 285.089 340.842 404.538 465.309 521.049 582.753 639.946 702.923 751.926 819.558 872.885 934.529 985.937 1025.86 1065.89 1109.53 1149.95 1168.52 1332.62 2212.69 2560.39 2753.49 2895.4 2982.17 3036.95 3099.33 2739.17 2550.04 2415.65 2286.1 2194.11 2125.87 2086.43 2006.91 1925.96 1899.46 1836.58 1821.69 1696.06 1616.47 1597.91 1363.68 1076.56 934.1 761.449 676.331 616.399 602.043 597.45 561.271 508.785 442.636 369.262 295.91 262.386 224.375 204.804 172.329 161.845 153.115 102.079 46.419 41.4241 0.802965 -15.8906 -35.5613 -69.0931 -99.4462 -117.498 -122.754 -98.5003 -38.8396 102.002 377.362 348.874 345.331 315.391 290.985 292.874 275.809 272.481 275.034 278.237 275.802 270.384 279.036 272.755 278.072 292.854 299.86 297.821 310.316 343.575 347.364 360.377 381.825 35.5064 -73.9472 -103.707 -115.211 -86.411 -46.4864 14.0347 56.5348 82.5783 96.0641 124.062 132.672 174.085 186.664 211.105 234.044 275.593 346.264 408.268 450.662 526.314 549.661 606.278 635.747 680.048 703.288 762.325 840.158 948.926 1024.86 1214.48 1679.12 1689.96 1801.32 1837.93 1857.18 1930.82 2026.97 2100.09 2130.99 2190.93 2297.63 2429 2503.23 2650.49 2902.79 3065.96 3024.47 2944.93 2846.8 2685.45 2460.42 2083.2 1200.5 1203.87 1176.02 1136.3 1099.88 1059.99 1008.14 966.896 913.227 855.689 795.502 729.056 675.364 618.143 563.849 501.316 433.886 381.736 309.141 260.239 206.23 152.035 114.34 43.4554 12.4295 -33.0459 -54.848 -45.6465 -17.5266 -3.26477 52.3396 95.158 157.489 199.62 264.772 
133.724 253.938 171.029 126.534 183.295 151.024 107.942 93.9752 82.3389 80.6096 89.8671 125.655 174.707 238.097 271.195 319 366.664 423.348 480.474 534.332 583.17 637.84 695.047 754.99 798.387 862.872 913.339 970.748 1019.76 1058.34 1095.92 1136.6 1173.69 1189.06 1363.45 2106.7 2163.76 2356.49 2511.21 2604.71 2667.22 2739.17 2859.1 2685.76 2559.09 2402.91 2312.28 2256.6 2215.4 2134.57 2044.75 2013.38 1947.11 1931.84 1809.9 1741.85 1693.53 1443.43 1168.83 1021.83 872.07 793.561 726.738 698.325 670.144 613.062 529.377 465.139 398.613 331.912 282.394 221.417 174.238 120.157 73.53 36.1223 -43.252 -112.328 -122.779 -177.727 -201.397 -234.502 -265.807 -310.876 -362.523 -379.022 -371.725 -349.405 -234.575 8.89565 -21.6774 -30.2296 -58.9348 -83.5567 -85.1162 -100.857 -103.29 -101.101 -101.224 -99.0421 -102.173 -100.838 -96.322 -94.1226 -79.7617 -75.5477 -70.9518 -43.253 -19.7312 -10.6474 12.129 41.8103 -268.809 -363.407 -385.686 -383.859 -353.474 -313.979 -258.718 -218.185 -194.452 -158.035 -99.241 -43.0727 26.6683 74.5478 121.047 148.942 201.012 272.059 336.068 383.127 466.556 520.973 597.767 656.26 714.524 723.756 775.302 876.841 993.815 1087.75 1271.83 1687.63 1707.44 1840.3 1900.56 1981.81 2039.94 2142.9 2222.33 2263.72 2325.69 2438.83 2541.19 2653.99 2797.52 2825.01 2715.59 2652.77 2569.92 2461.3 2314.6 2125.31 2091.97 1220.61 1222.81 1197.35 1161.16 1127.65 1090.84 1041.04 1001.71 950.846 896.618 839.74 777.286 725.207 672.337 620.991 563.397 504.816 461.099 397.097 342.527 292.563 242.62 209.91 144.104 112.991 80.4818 79.7098 91.4 107.494 117.475 171.852 182.179 133.383 184.578 238.879 
126.916 240.527 151.321 136.177 205.757 216.025 164.664 153.414 146.845 144.062 141.587 152.986 200.848 256.495 291.516 337.878 379.185 437.358 490.723 541.878 586.116 635.711 691.298 750.597 793.048 855.269 904.655 962.282 1010.18 1048.2 1085.62 1126.01 1163.05 1176.87 1357.83 2025.09 1964.65 2149.3 2312.18 2408.73 2477.22 2550.04 2685.76 2797.45 2657.14 2494.73 2394.14 2336.49 2293.92 2208.56 2092.5 2026 1942.93 1915.89 1796.2 1740.97 1691.23 1460.71 1197.65 1052.91 905.019 830.328 766.872 746.24 721.048 668.059 593.424 535.81 466.216 407.961 352.583 300.753 260.233 204.943 157.976 125.967 47.5845 -25.0209 -30.9634 -87.9738 -105.212 -139.857 -172.325 -219.554 -277.39 -292.865 -291.448 -273.892 -164.898 61.7591 27.0965 17.1208 -12.1359 -33.6108 -37.8445 -51.7542 -53.795 -54.8153 -61.6155 -58.1746 -56.4151 -51.5735 -49.1817 -44.993 -36.1273 -33.9407 -25.39 9.52508 29.7004 42.4519 71.9666 106.833 -189.442 -276.889 -288.744 -283.278 -251.087 -218.121 -167.366 -130.393 -106.505 -66.564 -12.4609 47.7732 110.856 158.486 208.897 230.759 279.957 350.347 409.244 457.602 536.209 582.434 660.54 714.835 761.523 769.261 817.699 920.18 1028.77 1121.72 1288.68 1680.29 1710.06 1839.69 1888.5 1968.81 2022.71 2135.85 2236.68 2333.94 2412.18 2534.66 2650.7 2771.47 2756.38 2629.22 2523.62 2457.02 2378.6 2262.56 2088.94 2022.75 2017.02 1207.91 1210.45 1185.98 1150.77 1116.89 1080.1 1031.13 991.808 942.008 887.629 833.267 773.22 720.175 668.738 622.354 566.092 514.039 473.471 411.862 357.533 311.066 264.777 233.785 174.438 148.867 139.702 146.038 154.841 162.893 171.42 237.772 186.019 111.258 167.666 226.521 
120.941 225.895 130.205 115.156 185.941 242.536 192.662 178.644 173.724 175.234 167.456 171.141 196.943 246.437 279.819 321.593 361.256 422.653 470.419 523.679 562.636 608.472 662.613 719.832 763.274 825.01 872.567 930.156 978.689 1016.51 1053.63 1093.58 1131.84 1146.04 1330.07 1986.88 1919.63 1965.94 2165.97 2276.36 2340.72 2415.65 2559.09 2657.14 2747.1 2591.69 2461.07 2410.52 2355.03 2270.16 2148.61 2082.45 2001 1980.81 1851.73 1791.53 1738.62 1526.02 1271.6 1133.28 994.19 920.94 862.471 841.836 813.574 759.5 689.889 628.276 566.865 518.2 455.631 412.932 382.956 328.473 282.13 250.504 179.138 111.407 106.063 49.9427 34.6536 0.278417 -26.4032 -74.616 -132.819 -143.855 -146.763 -129.361 -29.3799 186.66 147.803 141.289 108.423 90.068 85.5851 71.5372 69.642 68.6393 61.5927 61.7695 64.4143 68.3335 73.0343 77.8968 84.4385 87.0299 97.9872 134.075 153.008 165.514 199.37 234.102 -50.3805 -130.072 -143.796 -132.006 -112.872 -70.8416 -30.7894 2.73884 31.1341 66.1159 119.867 178.649 235.699 289.396 330.429 353.669 395.826 460.074 510.3 556.245 628.091 674.608 751.279 804.995 853.764 858.11 908.549 1004.61 1111.86 1202.43 1356.39 1727.73 1761.25 1902.27 1951.4 2028.64 2084.49 2201.56 2306.63 2415.23 2500.18 2633.34 2745.52 2678.02 2606.82 2494.01 2389.36 2327.59 2240.91 2101.23 1935.09 1980.48 1983.5 1178.73 1180.01 1155.1 1118.58 1084.32 1048.28 999.161 960.153 909.634 855.376 804.029 742.558 688.639 640.192 594.746 543.613 495.351 456.293 395.595 341.084 299.448 259.207 228.608 177.231 172.834 168.851 175.293 179.862 187.75 208.359 215.927 166.237 92.4834 149.26 215.858 
116.793 231.572 131.084 129.239 192.885 250.631 241.302 218.227 214.798 215.71 208.522 207.389 221.652 257.605 287.778 327.267 364.654 420.375 468.672 519.044 555.132 596.52 647.038 701.121 744.851 806.838 855.148 910.993 959.029 996.26 1032.91 1074.41 1112.77 1126.61 1318.05 1898.97 1847.63 1819.08 2012.7 2136.71 2213.65 2286.1 2402.91 2494.73 2591.69 2648.73 2530.85 2479.83 2410.36 2320.98 2186.96 2114.37 2032.08 2004.72 1879.91 1815.52 1767.1 1554.48 1303.41 1168.24 1023.94 950.522 894.077 875.711 850.378 799.644 738.834 678.153 616.342 564.922 510.149 473.399 444.171 389.521 344.824 314.144 245.5 178.041 172.542 125.567 103.303 79.7846 50.2051 10.7994 -44.0368 -51.8781 -59.8172 -43.9878 59.5136 264.719 228.87 223.134 189.169 171.431 166.637 152.333 149.578 148.097 141.119 140.626 142.726 147.315 147.915 154.525 161.637 165.295 174.601 209.885 230.114 242.88 279.257 312.394 34.501 -38.9712 -50.8665 -48.1642 -27.1705 8.21015 48.1216 76.0736 103.964 141.172 190.824 248.206 301.868 353.65 393.998 410.363 451.194 517.311 559.834 610.99 673.387 721.159 798.932 850.091 900.094 905.13 958.793 1049.76 1160.24 1236 1394.94 1756.86 1784.8 1928.56 1982.45 2059.78 2118.45 2248.08 2361.56 2487.46 2569.15 2643.68 2609.21 2527 2447.57 2345.26 2266.52 2196.22 2099.63 1931.12 1860.75 1906.29 1913.85 1164.15 1160.52 1135.17 1099.53 1064.68 1026.97 979.025 940.262 891.788 836.978 786.518 723.963 671.315 625.076 583.853 536.651 490.827 452.825 395.169 347.487 309.11 270.647 239.773 212.216 211.841 207.063 212.814 219.199 229.323 263.311 222.936 172.208 102.636 151.811 208.453 
112.049 242.181 137.361 123.104 185.192 238.999 265.759 224.613 218.964 220.633 215.475 215.156 227.249 243.942 269.674 304.433 340.443 391.272 440.922 485.804 523.315 561.433 611.495 663.212 705.856 766.342 815.907 871.619 920.576 958.096 994.377 1035.76 1073.04 1088.08 1280.32 1832.11 1786.73 1760.71 1892.73 2044.53 2122.1 2194.11 2312.28 2394.14 2461.07 2530.85 2634.78 2600.27 2528.94 2434.6 2287.98 2206.72 2113.06 2086.99 1948.66 1888.14 1835.27 1623.71 1381.74 1259.27 1120.14 1048.23 989.786 968.582 939.976 887.418 820.78 767.734 696.639 643.701 593.19 557.325 531.233 474.256 439.894 413.458 344.433 279.581 276.301 230.826 209.167 192.68 163.014 115.124 65.9505 56.3577 46.8079 67.3868 164.849 357.718 324.871 318.873 286.879 269.187 263.718 249.247 246.422 244.71 236.995 236.93 238.319 240.123 241.732 249.922 255.978 259.942 270.737 304.215 325.149 337.214 374.645 400.542 138.643 75.3735 64.0869 67.4063 79.3751 122.691 158.817 183.638 207.524 245.137 293.688 348.603 400.574 451.989 488.915 501.998 542.809 609.459 646.358 704.87 767.956 805.345 882.686 934.882 984.785 990.058 1045.94 1134.28 1246.86 1316.9 1478.04 1830.76 1852 2009.73 2066.96 2149.34 2218.35 2363.58 2484.1 2617.76 2617.41 2566.58 2480.68 2400.38 2350.92 2261.55 2176.23 2107.23 1991.47 1796.13 1809.02 1843.02 1879.16 1125.47 1121.12 1095.43 1059.82 1025.81 988.253 940.84 900.797 853.076 796.446 746.299 683.776 633.091 589.646 549.272 507.322 460.14 422.459 369.623 327.63 289.947 254.023 246.876 221.525 221.258 215.183 216.559 222.46 244.868 259.227 215.796 166.748 100.566 159.852 199.986 
110.362 242.959 134.845 115.165 181.74 238.139 276.023 235.35 223.882 224.248 216.572 215.049 222.036 236.256 240.759 273.692 306.016 354.039 398.428 442.021 478.733 514.556 561.572 611.871 653.428 711.813 761.715 819.946 869.126 906.443 943.912 985.857 1024.73 1041.7 1236.33 1788.46 1731.76 1697.45 1789.57 1961.4 2051.82 2125.87 2256.6 2336.49 2410.52 2479.83 2600.27 2638.07 2610.99 2521.97 2375.44 2290.92 2187.22 2162.93 2011.81 1956.55 1899.08 1683.88 1443.45 1327.7 1187.17 1112.72 1054.48 1032.35 1002.02 950.36 881.423 829.701 759.435 706.875 652.599 615.628 588.694 532.712 498.867 471.851 403.436 339.822 338.541 296.944 273.577 257.495 228.904 179.659 133.514 124.057 113.132 127.939 226.116 415.893 382.771 376.644 344.588 327.352 321.244 307.087 304.259 302.494 295.351 294.181 295.661 297.016 299.166 307.495 313.796 317.515 328.998 362.822 383.066 395.306 432.899 458.993 200.457 140.058 128.193 131.692 143.403 186.029 218.638 242.928 267.083 301.522 349.435 403.605 456.413 509.984 545.268 559.367 598.66 666.066 702.708 760.963 827.345 863.975 943.872 994.632 1044.82 1049.43 1103.53 1198.51 1312.87 1383.01 1545.1 1898.78 1922.14 2086.87 2143.85 2235.42 2308.05 2451.88 2569.15 2645.25 2623.57 2533.42 2426.76 2338.77 2293.27 2201.51 2105.11 2029.96 1894.27 1728.35 1746.9 1785.79 1844.88 1080.39 1076.04 1048.89 1010.43 974.965 937.61 888.475 848.664 799.615 742.264 691.841 631.816 582.333 540.275 502.472 462.626 418.045 382.468 333.937 294.981 259.407 233.283 241.716 218.054 222.945 216.97 220.397 229.078 261.842 258.835 212.099 162.423 94.3538 158.914 196.975 
107.702 235.353 126.676 101.172 165.021 219.205 271.121 239.321 222.385 221.793 212.12 211.017 218.614 232.13 226.818 248.801 277.475 324.181 366.626 408.443 445.832 479.363 524.127 572.39 612.01 668.171 717.983 777.793 829.246 868.518 905.331 948.698 987.4 1004.53 1198.85 1768.1 1714.85 1684.98 1723.74 1903.95 2009.01 2086.43 2215.4 2293.92 2355.03 2410.36 2528.94 2610.99 2663.71 2582.08 2440.59 2358.85 2255.29 2231.08 2070.6 2019.21 1957.93 1739.46 1503.29 1394.21 1248.95 1174.26 1115.96 1093.72 1063.44 1013.43 942.605 890.651 821.767 770.345 713.768 676.433 648.82 594.63 560.568 532.379 462.087 396.836 394.61 356.811 330.404 314.343 287.381 237.31 195.005 184.178 173.297 185.963 284.039 468.663 436.096 429.225 397.711 379.719 373.71 359.52 356.653 354.865 347.804 346.861 348.057 349.445 351.531 359.851 366.327 369.952 381.273 415.207 435.493 447.923 485.629 511.005 259.5 202.013 185.874 190.261 205.209 245.916 276.984 300.862 324.994 358.765 408.248 465.02 518.864 573.347 606.012 623.61 661.082 728.303 765.063 823.256 892.626 926.744 1009.07 1056.17 1106.3 1111.19 1162.18 1263.08 1374.76 1448.44 1609.28 1961.41 1987.19 2155.54 2214.06 2309.22 2375.98 2516.34 2627.64 2611.8 2565.27 2466.37 2365.73 2289.46 2252.99 2159.95 2062.11 1979.86 1830.61 1711.41 1733.12 1768.88 1820.88 1042.82 1038.47 1011.47 972.932 937.016 898.674 850.49 807.42 756.2 699.668 649.111 591.972 543.77 503.642 468.729 428.449 387.436 353.408 306.062 268.605 234.354 229.443 238.455 213.694 219.186 211.702 218.264 228.851 266.869 238.889 194.688 147.146 82.3718 151.058 192.228 
105.003 232.598 128.29 99.6844 162.5 215.471 266.472 254.015 229.089 224.828 214.423 211.162 215.211 227.099 220.705 230.651 247.499 291.007 329.22 370.362 405.157 435.875 477.755 523.745 561.642 615.182 664.422 722.937 775.971 816.895 855.436 897.337 938.085 957.779 1147.04 1701.51 1651.42 1623.81 1641.12 1809.75 1931.21 2006.91 2134.57 2208.56 2270.16 2320.98 2434.6 2521.97 2582.08 2581.22 2497.35 2428.25 2329.14 2304.5 2138.26 2083.76 2021.03 1795.82 1564.58 1458.49 1308.47 1233.71 1174.76 1152.26 1122.56 1072.69 1000.87 950.764 884.503 835.392 779.586 744.063 719.904 666.663 631.793 599.302 532.845 469.108 468.239 430.677 407.274 388.993 364.781 316.866 274.012 264.293 256.128 266.331 361.106 539.985 507.366 500.123 468.652 450.941 444.638 430.107 427.192 425.847 419.368 418.484 420.533 421.713 423.936 432.187 438.583 442.441 453.649 489.018 509.273 521.946 557.788 584.687 340.873 283.124 268.249 271.777 289.333 325.774 354.623 377.572 404.65 432.927 482.154 536.071 590.253 642.938 679.111 692.227 731.794 797.049 829.56 884.689 953.469 989.408 1068.18 1115.3 1164.77 1169.3 1219.6 1325.3 1439.27 1515.65 1675.95 2029.49 2057.73 2231.22 2292.85 2383.36 2446.98 2534.34 2586.09 2540 2474.95 2377.71 2283.33 2206.51 2170.08 2080.94 1984.87 1893.05 1729.69 1651.72 1670.82 1704.34 1754.43 997.675 990.914 961.987 921.945 884.94 849.462 797.65 753.067 701.585 646.032 597.899 542.602 496.387 457.81 426.489 389.719 348.948 319.435 274.458 238.19 222.853 224.302 234.219 212.558 220.139 217.285 220.41 238.835 276.868 235.012 191.561 144.716 83.454 153.593 187.41 
100.735 226.737 135.028 93.6583 154.513 204.037 252.7 262.961 233.982 223.271 213.111 208.274 213.341 224.023 216.713 224.761 224.479 265.54 300.01 338.841 371.96 400.036 440.422 484.847 520.95 571.505 618.869 675.684 728.399 770.323 810.432 853.599 892.124 914.964 1089.95 1636.81 1590.99 1566.05 1558.48 1706.03 1840.37 1925.96 2044.75 2092.5 2148.61 2186.96 2287.98 2375.44 2440.59 2497.35 2532.35 2495.61 2406.56 2387.36 2227.87 2169.53 2106.66 1879.06 1659.62 1555.16 1402.22 1326.74 1266.68 1241.24 1207.45 1157.01 1084.17 1034.55 967.749 917.266 857.47 822.931 802.382 749.665 716.147 678.456 616.113 551.892 549.751 513.745 493.635 472.286 449.135 405.049 361.031 350.611 345.732 353.189 443.834 614.802 583.846 576.199 545.272 525.723 520.71 505.345 502.322 502.103 496.681 495.924 497.712 497.899 500.7 508.043 514.629 519.122 529.983 565.303 586.195 597.91 629.345 658.193 425.538 367.582 356.269 358.486 379.516 411.649 438.741 463.549 493.291 515.208 566.238 620.361 674.368 723.662 764.567 772.057 814.029 879.935 910.223 968.362 1036.57 1077.71 1152.29 1201.48 1254.84 1261.09 1310.3 1422.16 1537.94 1614.56 1772.56 2119.99 2149.71 2318.36 2378.52 2465.58 2519.91 2527.15 2472.33 2401.05 2331.26 2243.22 2160.65 2091.13 2057.95 1998.82 1897.35 1795.14 1624.37 1597.22 1612.2 1643.04 1680.81 954.965 945.459 915.437 875.705 839.543 802.63 750.442 704.592 653.913 600.947 554.916 501.454 457.419 421.487 392.854 358.438 319.171 292.016 248.039 229.126 219.491 220.986 231.621 211.709 217.491 216.842 219.265 246.169 280.102 223.825 181.976 137.149 88.7443 162.161 179.793 
99.3058 224.709 139.392 82.4716 142.29 188.714 236.065 261.469 226.143 206.909 195.305 189.934 192.526 200.87 194.099 200.239 197.45 225.922 258.671 295.453 327.274 352.557 392.044 435.513 470.009 519.295 566.009 621.339 673.913 715.875 758.104 802.174 841.529 867.836 1034.68 1608.28 1563.7 1541.23 1538.63 1654.06 1802.09 1899.46 2013.38 2026 2082.45 2114.37 2206.72 2290.92 2358.85 2428.25 2495.61 2529.51 2490.37 2475.2 2322.81 2263.3 2202.56 1964.01 1745.91 1645.93 1483.19 1406.92 1347.04 1316.98 1276.99 1225.45 1155.31 1101.58 1036.65 986.291 926.98 893.819 873.444 821.357 788.165 746.604 685.7 622.214 617.723 584.18 563.194 542.642 523.082 476.322 429.828 417.897 417.465 423.946 515.801 683.816 653.251 645.281 614.651 593.599 589.515 573.214 570.244 571.435 566.401 565.311 567.172 565.998 569.691 576.127 582.589 588.232 599.177 634.524 655.459 665.91 698.23 723.184 494.696 437.944 426.538 428.76 452.071 483.113 509.944 533.237 563.303 584.083 637.039 690.704 746.848 794.639 835.102 842 885.725 951.151 978.78 1038.65 1103.69 1149.25 1222.98 1274.39 1334.72 1341.21 1392.09 1507.22 1625.8 1702.72 1863.25 2214.63 2241.99 2410.23 2469.18 2527.99 2548.17 2507.25 2420.15 2324.68 2253.47 2172.08 2092.42 2025.92 1991.6 1969.77 1866.97 1748.21 1590.4 1575.3 1588.64 1617.99 1642.13 907.651 897.322 865.405 823.908 787.506 748.517 695.204 649.734 599.491 548.329 502.899 450.83 408.177 373.764 347.655 313.677 276.171 252.546 208.841 203.05 196.786 198.468 210.108 191.502 198.202 200.807 204.587 243.358 262.36 208.604 168.149 125.314 92.6073 166.657 177.242 
96.3681 218.314 131.488 64.9367 123.534 167.134 215.096 270.292 235.018 210.013 199.886 196.336 194.497 200.538 194.173 199.614 195.999 211.363 237.933 272.932 303.484 326.882 363.494 404.921 437.134 484.658 529.553 583.599 634.437 675.595 719.46 764.103 805.766 831.683 998.708 1593.93 1548.9 1523.37 1525.8 1577.55 1730.29 1836.58 1947.11 1942.93 2001 2032.08 2113.06 2187.22 2255.29 2329.14 2406.56 2490.37 2553.07 2544.14 2399.46 2339.32 2283.88 2048.68 1834.02 1740.02 1572.39 1496.6 1436.49 1403.27 1357.48 1304.03 1239.97 1181.89 1118.45 1069.92 1013.23 981.499 961.918 913.985 881.332 838.618 779.718 718.464 714.209 683.722 661.584 638.634 627.547 578.429 528.195 514.735 519.587 519.133 610.03 771.731 741.433 733.054 703.038 680.59 677.01 660.223 657.771 659.541 654.668 652.741 656.402 653.124 656.874 664.537 670.721 675.744 687.844 724.29 744.565 755.304 789.875 808.144 591.656 534.438 527.521 527.835 554.263 582.02 606.781 627.231 659.24 678.765 730.973 783.311 840.487 881.971 922.462 928.793 971.844 1035.86 1061.23 1125.75 1184.81 1235.33 1305.75 1356.77 1423.15 1430.54 1480.02 1600.08 1719.6 1793.49 1948.6 2290.64 2315.75 2482.61 2542.95 2548.74 2494.17 2429.37 2332.12 2224.47 2161.78 2091.36 2009.48 1944.96 1908.85 1903.59 1800.86 1672.09 1551.66 1557.12 1575.77 1605.22 1623.16 873.15 861.704 828.597 787.852 748.352 708.473 655.28 610.303 562.529 512.293 469.201 419.664 378.671 347.233 323.896 289.726 254.073 232.338 202.115 200.566 197.523 198.741 211.385 194.076 201.372 205.579 208.536 250.784 240.003 188.999 147.636 106.491 83.5569 160.498 171.999 
95.9314 216.858 128.023 55.6092 113.641 159.556 206.514 259.008 228.563 197.18 183.181 178.715 175.613 180.545 173.711 178.547 174.23 186.355 200.981 234.585 263.642 285.843 320.83 361.46 392.66 439.77 484.106 536.554 585.882 627.088 671.401 717.199 760.12 787.176 953.383 1567.32 1521.77 1494.93 1497.09 1546.97 1700.9 1821.69 1931.84 1915.89 1980.81 2004.72 2086.99 2162.93 2231.08 2304.5 2387.36 2475.2 2544.14 2566.52 2442.74 2386.61 2332.9 2100.13 1889.48 1795.97 1625.32 1548.35 1488.37 1452.56 1400.83 1345.73 1278.64 1220.49 1150.87 1098.05 1035.12 1002.83 983.085 934.665 902.579 858.085 800.079 739.555 735.188 705.697 684.18 663.67 652.776 602.695 554.512 541.683 546.741 547.849 640.278 800.92 771.467 763.26 733.215 709.88 707.431 690.402 687.27 689.612 685.463 683.34 685.816 681.946 686.474 693.469 700.1 705.633 716.811 752.215 773.62 783.068 818.598 835.549 617.763 562.535 556.076 554.106 580.358 608.649 633.296 655.796 685.598 703.481 753.851 804.376 862.286 903.689 944.744 950.004 992.929 1061.02 1087.93 1157.47 1221.27 1272.13 1344.62 1402.03 1474.23 1481.7 1530.85 1653.51 1776.17 1848.08 2001.93 2341.48 2361.69 2514.69 2565.97 2551.37 2486.98 2420.09 2321.31 2201.54 2135.28 2066.88 1987.86 1918.4 1880.53 1892.71 1776.11 1640.45 1525.27 1530.79 1546.42 1579.11 1595.11 827.418 816.48 784.461 742.779 700.782 659.326 606.987 561.82 516.006 466.88 424.728 375.518 335.857 305.917 283.854 251.376 217.022 201.425 179.372 178.551 176.797 178.547 192.29 175.601 185.128 189.311 197.851 244.343 231.694 179.645 138.114 97.9821 79.8859 157.595 171.219 
89.5201 206.317 125.453 50.4663 107.887 150.992 198.674 252.654 258.394 222.312 204.11 201.808 200.186 202.348 196.964 201.038 194.461 207.937 210.323 238.246 265.572 287.271 319.19 355.978 384.207 428.542 470.216 519.213 565.16 605.206 647.001 691.562 733.548 764.859 907.828 1499.05 1457.41 1427.86 1428.38 1417.01 1560 1696.06 1809.9 1796.2 1851.73 1879.91 1948.66 2011.81 2070.6 2138.26 2227.87 2322.81 2399.46 2442.74 2467.98 2445.04 2398.22 2178.3 1981.01 1887.07 1715.86 1635.37 1577.12 1537.8 1478.82 1421.67 1360.86 1301.77 1226.03 1176.92 1109.85 1078.62 1061.53 1010.79 979.563 932.291 872.135 810.576 804.871 775.665 755.013 734.514 730.465 674.23 630.647 617.375 623.319 621.628 706.779 852.533 826.177 817.068 786.795 762.26 759.82 742.762 740.522 741.771 739.301 737.34 739.065 735.81 740.165 746.758 753.376 758.855 770.346 806.906 828.3 838.502 875.253 892.208 688.288 640.514 632.494 625.574 659.189 681.317 706.337 724.433 753.762 773.676 825.369 879.085 936.39 981.077 1023.31 1026.91 1069.25 1137.86 1161.88 1236.63 1299.82 1352.17 1423.05 1484.98 1562.9 1571.92 1622.02 1748.69 1873.22 1938.12 2083.56 2400.32 2402.91 2435.88 2436.8 2402.59 2332.73 2256.26 2164.13 2053.48 1996.85 1941.47 1858.22 1796.21 1760.32 1767.5 1642.64 1492.9 1453.83 1461.47 1481.74 1512.19 1528.53 797.767 791.955 759.339 717.658 675.111 634.925 585.722 542.029 499.561 453.918 414.669 368.383 332.653 305.798 285.104 255.009 222.599 220.334 200.14 199.428 200.785 202.743 215.56 200.593 207.072 208.916 221.364 275.457 222.756 173.401 130.398 92.3339 75.0585 157.252 159.776 
86.9992 203.934 130.581 56.0665 119.622 163.293 212.556 265.739 274.647 234.133 210.875 208.047 203.26 203.536 198.644 202.123 193.036 204.966 207.091 218.559 242.874 262.674 291.358 325.592 351.68 394.649 434.336 481.857 526.841 565.81 605.962 648.371 690.549 725.932 849.672 1421.83 1365.29 1342.08 1337.79 1326.51 1468.89 1616.47 1741.85 1740.97 1791.53 1815.52 1888.14 1956.55 2019.21 2083.76 2169.53 2263.3 2339.32 2386.61 2445.04 2475.86 2441.42 2228.83 2036.82 1946.14 1777.75 1697.32 1638.35 1596.06 1529.8 1468.71 1406.36 1348.54 1270.17 1218.29 1146.29 1113.84 1095.92 1044.28 1012.93 965.033 903.637 842.072 836.865 807.926 787.957 765.839 763.855 706.662 664.087 650.283 655.436 650.443 733.977 873.751 846.983 837.608 807.166 782.145 779.479 762.293 761.407 761.798 758.207 756.178 759.109 755.101 759.93 766.45 772.57 778.295 790.521 829.571 849.502 860.434 899.062 915.573 717.412 673.047 667.303 660.289 693.662 714.877 738.829 755.663 784.709 806.43 856.996 911.574 968.469 1014.36 1057.09 1059.84 1100.89 1172.26 1198.29 1277.23 1342.21 1395.05 1469.1 1535.98 1619.47 1627.93 1678.38 1806.56 1931.09 1994.54 2136.65 2437.13 2426.65 2412.4 2376.94 2343.83 2273.78 2201.26 2114.71 1996.95 1936.84 1879.49 1797.16 1742.21 1697.4 1695.4 1554 1401.5 1367.43 1374.62 1392.76 1426.92 1454.13 753.308 752.507 717.63 674.944 631.867 594.013 546.605 504.064 462.163 418.76 381.244 337.336 304.147 279.711 260.918 233.493 206.707 217.813 198.505 198.606 201.688 205.323 218.707 204.773 213.546 217.302 235.938 292.636 235.929 184.783 144.005 100.546 79.4248 163.873 155.277 
98.7593 219.355 151.961 73.4987 127.437 168.109 214.141 267.349 278.131 233.826 206.854 203.597 199.134 198.655 192.201 195.276 185.59 194.581 195.523 202.571 212.673 230.79 255.705 287.6 311.369 352.561 391.18 436.868 479.832 518.295 557.414 597.392 638.908 676.182 787.784 1385.75 1334.43 1315.07 1318.66 1310.41 1441.64 1597.91 1693.53 1691.23 1738.62 1767.1 1835.27 1899.08 1957.93 2021.03 2106.66 2202.56 2283.88 2332.9 2398.22 2441.42 2467.26 2256.78 2066.3 1986.12 1820.92 1742.22 1692.08 1659.35 1602.78 1546.41 1489.85 1431.03 1348.02 1292.98 1215.92 1184.79 1166.79 1115.57 1080.43 1030.35 966.956 902.803 895.676 865.666 848.708 822.834 812.885 748.791 695.561 678.678 676.162 666.16 751.932 929.764 899.271 890.21 861.438 835.179 832.098 814.874 815.03 815.213 811.219 808.484 811.946 808.363 811.841 818.016 826.169 831.041 841.765 881.01 901.973 912.304 949.914 962.519 732.363 691.307 687.652 682.394 721.289 751.601 786.052 809.353 843.799 867.904 918.606 976.457 1037.27 1084.94 1128.22 1132.42 1171.79 1245.08 1274.33 1358.91 1424.09 1476.69 1554.17 1618.53 1698.28 1697.03 1737.44 1858.61 1977.82 2031.58 2159.58 2479.59 2437.46 2390.95 2339.49 2283.37 2212.83 2138.94 2054.3 1945.49 1888.1 1832.59 1746.39 1691.37 1651.57 1652.88 1526.49 1379.92 1349.6 1350.32 1366 1394 1395.82 701.358 703.463 666.78 623.534 582.586 545.492 499.259 457.701 417.634 376.013 339.497 297.152 267.651 246.389 230.179 203.127 193.788 206.452 188.966 190.963 194.048 199.566 215.277 199.548 208.58 211.959 239.193 290.579 236.343 190.533 149.962 107.891 99.2144 185.577 167.984 
-62.5902 -2.92967 -78.8775 -164.154 -136.471 -89.1017 -41.8724 2.08839 58.7938 4.72756 -31.4285 -27.414 -40.507 -43.8408 -43.216 -32.3686 -35.437 -19.9093 -9.34734 3.97289 5.13126 29.377 58.2629 93.969 120.465 164.905 207.918 258.405 307.278 348.913 392.587 436.575 481.913 525.257 636.2 1248.58 1180.17 1150.19 1148.5 1142.53 1203.91 1363.68 1443.43 1460.71 1526.02 1554.48 1623.71 1683.88 1739.46 1795.82 1879.06 1964.01 2048.68 2100.13 2178.3 2228.83 2256.78 2674.18 2616.88 2505.01 2333.81 2270.19 2171.47 1992.06 1784.68 1652.1 1530.23 1427.04 1323.31 1274.93 1182.9 1161.53 1137.06 1095.41 1058.49 1011.55 950.833 885.956 895.192 878.048 908.405 949.06 1032.22 1121.57 1199.17 1244.61 1248.85 1240.91 1428.29 950.413 964.156 954.332 929.018 902.994 898.81 881.488 883.113 883.026 878.126 874.712 879.5 876.658 878.657 884.274 894.904 898.546 908.425 948.534 968.307 977.276 1013.3 1081.4 1366.45 1270.85 1252.07 1245.13 1257.69 1151.49 1020.03 936.437 897.565 870.993 902.714 956.536 1018.12 1064.39 1100.29 1109.86 1141.77 1218.65 1245.08 1336.18 1401.82 1466.78 1589.92 1722.11 1867.55 2007.95 2171.46 2390.03 2497.78 2548.53 2703.04 2282.66 2266.54 2198.65 2126.69 2044.19 1977.98 1906.98 1835.78 1733.59 1679.98 1629.61 1534.07 1463.37 1413.67 1406.95 1291.74 1176.83 1186.76 1190.19 1210.67 1251.74 1240.6 559.513 555.94 513.575 465.912 421.326 379.739 328.491 283.671 236.868 190.833 150.026 103.963 72.4302 49.1202 23.6373 5.53274 -7.30465 -4.0942 -25.7025 -32.0046 -36.9886 -38.0809 -25.4489 -36.7151 -24.3232 -27.6589 5.50377 28.7162 -28.7911 -71.0913 -114.322 -152.734 -131.744 -34.1051 -51.857 
-150.462 -341.702 -430.83 -534.071 -525.179 -481.979 -428.814 -396.084 -325.611 -386.76 -435.24 -428.411 -435.921 -450.073 -443.808 -419.882 -410.709 -382.292 -360.19 -336.376 -325.102 -310.447 -270.287 -226.722 -195.302 -139.54 -88.0032 -27.403 27.2139 74.3932 124.909 174.032 224.03 276.425 392.185 987.965 905.581 869.846 863.99 859.92 913.874 1076.56 1168.83 1197.65 1271.6 1303.41 1381.74 1443.45 1503.29 1564.58 1659.62 1745.91 1834.02 1889.48 1981.01 2036.82 2066.3 2616.88 3388.35 3231.88 3027.04 2854.63 2643.75 2420.32 2185.83 2019.38 1884.8 1751.04 1603.89 1559.84 1397.92 1384.52 1370.41 1334.13 1291.11 1244.42 1214.6 1192.79 1235.13 1238.77 1295.38 1359.24 1481.37 1595.83 1724.57 1835.35 1962.95 2072.07 1801.41 909.837 944.759 934.605 913.243 887.734 883.512 865.933 868.052 868.035 863.988 861.165 865.902 863.755 865.311 868.656 880.066 882.923 893.625 933.25 950.065 957.601 992.715 1014.37 2083.7 2106.51 2012.31 1909.56 1798.08 1628.42 1461.05 1342.18 1283.19 1220.86 1213.47 1265.03 1256.71 1292.99 1334.46 1345.62 1369.41 1442.47 1475.91 1624.97 1690.26 1787.61 1936.76 2088.15 2260.85 2421.11 2624.61 2891.53 3111.43 3266.3 3233.08 2062.11 2094.66 2010.06 1927.42 1831.9 1763.8 1684.6 1608.92 1501.01 1443.06 1388 1284.45 1207.74 1149.34 1126.37 1007.02 892.112 908.024 913.289 933.964 989.788 981.492 321.484 309.405 258.162 204.573 152.079 107.227 50.0997 0.534824 -52.979 -108.201 -158.236 -213.127 -251.17 -285.098 -311.789 -328.864 -352.1 -359.475 -392.862 -411.4 -429.93 -443.929 -433.113 -438.965 -427.938 -432.183 -383.308 -373.907 -420.804 -466.851 -511.89 -537.03 -483.962 -367.324 -270.774 
-150.646 -323.412 -517.371 -625.081 -630.254 -596.476 -538.306 -500.849 -435.586 -494.044 -548.157 -545.72 -553.694 -569.476 -566.926 -543.324 -531.132 -499.806 -472.873 -445.98 -431.75 -414.458 -388.323 -342.404 -310.481 -254.86 -210.91 -151.822 -96.2626 -47.2616 4.9304 55.5219 107.488 163.351 262.526 852.828 773.796 737.007 720.533 716.005 769.108 934.1 1021.83 1052.91 1133.28 1168.24 1259.27 1327.7 1394.21 1458.49 1555.16 1645.93 1740.02 1795.97 1887.07 1946.14 1986.12 2505.01 3231.88 3482.28 3274.21 3054.19 2856.67 2632.27 2393.78 2234.92 2111.06 1982.19 1845.08 1800.24 1643.07 1629.79 1615.75 1577.84 1533.3 1485.89 1455.97 1424.12 1458.35 1464.9 1519.3 1577.38 1694.81 1815.55 1948.76 2065.72 2229.6 2226.2 1752.99 955.347 983.966 974.992 955.735 929.989 925.277 907.456 910.537 910.414 906.205 903.16 909.276 907.684 908.129 911.879 923.522 926.177 935.813 976.72 994.421 1001.02 1036.8 1053.95 2007.17 2363.72 2310.15 2141.74 2021.6 1840.94 1680.69 1559.39 1508.21 1454.25 1450.32 1504.58 1504.23 1534.8 1579.37 1591.25 1612.33 1688.03 1720.5 1860.54 1922.83 2011.04 2160.38 2302.87 2466.48 2625.8 2820.05 3071.21 3283.31 3428.94 3045.32 1995.78 2016.78 1926.69 1837.97 1725.87 1652.29 1573.46 1496.52 1375.15 1312.14 1250.17 1143.25 1061.66 999.955 977.998 860.728 753.307 768.274 778.18 808.157 861.725 840.644 212.395 196.016 143.324 87.5023 33.407 -13.9038 -72.1427 -123.127 -174.183 -222.821 -273.049 -329.261 -367.583 -395.162 -416.891 -437.378 -463.396 -473.52 -511.925 -532.914 -555.476 -564.382 -549.551 -558.151 -544.406 -546.285 -489.616 -484.996 -529.275 -581.474 -616.923 -633.465 -569.062 -447.568 -244.947 
-143.074 -303.228 -538.664 -681.258 -686.543 -659.985 -606.902 -572.048 -502.683 -533.205 -592.314 -591.195 -603.272 -615.316 -617.742 -594.902 -583.891 -553.214 -524.279 -495.933 -482.168 -462.312 -438.62 -396.799 -364.702 -315.01 -277.549 -218.889 -163.573 -114.582 -62.2504 -11.7345 39.7423 95.7817 178.812 741.662 656.126 619.687 601.745 595.493 603.269 761.449 872.07 905.019 994.19 1023.94 1120.14 1187.17 1248.95 1308.47 1402.22 1483.19 1572.39 1625.32 1715.86 1777.75 1820.92 2333.81 3027.04 3274.21 3407.74 3234.82 3025.86 2803.53 2567.84 2401.53 2276.7 2146.32 2013.81 1966.43 1812.56 1801.96 1787.39 1748.83 1702.35 1658.19 1624.76 1590.01 1626.4 1633.48 1692.65 1749.42 1874.32 1997.62 2127.08 2271.62 2367.47 2173.94 1748.32 973.039 994.958 991.028 972.586 946.786 941.299 923.834 927.426 927.434 922.704 920.248 927.826 924.917 926.035 929.142 940.654 942.767 953.338 996.819 1014.2 1019.62 1056.34 1073.99 2000.61 2292.44 2449.1 2354.52 2198.55 2016.9 1852.31 1727.89 1672.86 1614.68 1614.58 1670.06 1669.73 1707.01 1747.66 1762.83 1779.11 1855.48 1883.41 2029.12 2094.53 2174.92 2322.83 2468.97 2635.71 2795.09 2964.61 3171.98 3311.57 3192.94 2850 1821.9 1839.71 1746.1 1661.13 1557.71 1494.27 1418.21 1348.25 1237.15 1175.4 1109.83 1004.62 915.788 859.967 818.653 684.309 636.839 650.038 662.074 691.527 744.311 735.08 146.971 128.128 75.5727 19.7954 -34.191 -81.2579 -139.451 -190.09 -240.925 -287.253 -331.861 -383.072 -421.948 -445.876 -466.134 -487.83 -515.65 -523.734 -564.233 -585.691 -609.019 -612.357 -597.014 -604.883 -595.175 -592.195 -530.253 -556.275 -601.487 -647.032 -679.418 -690.837 -627.706 -403.763 -231.579 
-104.277 -251.556 -456.89 -675.457 -681.088 -660.334 -604.722 -573.619 -503.021 -519.536 -587.157 -586.663 -598.309 -611.326 -615.921 -598.252 -588.611 -558.334 -528.556 -499.724 -486.504 -466.507 -442.191 -415.242 -385.052 -340.905 -308.032 -250.667 -195.85 -147.382 -95.5307 -46.0653 4.15309 59.326 127.382 680.16 596.946 558.394 538.448 531.821 521.626 676.331 793.561 830.328 920.94 950.522 1048.23 1112.72 1174.26 1233.71 1326.74 1406.92 1496.6 1548.35 1635.37 1697.32 1742.22 2270.19 2854.63 3054.19 3234.82 3404.47 3203.95 2959.81 2728.17 2560.54 2433.08 2308.3 2175.5 2127.89 1974.37 1964.35 1948.14 1908.39 1858.66 1811.38 1773.67 1738.28 1771.21 1778.59 1846.49 1904.28 2026.77 2160.6 2311.92 2419.49 2319.38 2095.65 1786.56 1007.82 1026.24 1023.13 1006.84 979.715 971.884 956.945 958.322 961.393 954.226 955.316 963.265 958.756 959.294 962.798 974.511 976.199 987.335 1034.17 1052.09 1054.23 1094.24 1123.55 1991.6 2175.38 2314.02 2472.12 2388.26 2187.4 2008.53 1886.62 1826.75 1768.06 1771.23 1826.8 1828.52 1866.88 1906.54 1922.07 1935.87 2011.23 2038.29 2183.45 2249.29 2333.65 2482.83 2630.91 2797.61 2954.24 3126.74 3286.51 3178.47 2994.81 2751.42 1750.69 1759.81 1668.38 1586.42 1483.54 1422.07 1346.56 1277.87 1166.43 1103.16 1035.75 931.1 841.022 778.692 738.427 599.356 575.66 585.976 600.786 632.195 687.103 672.157 111.738 91.264 39.9232 -15.6405 -69.3035 -114.339 -172.08 -221.282 -271.461 -316.755 -358.304 -401.735 -440.824 -450.511 -470.496 -492.622 -520.406 -527.686 -568.79 -587.539 -609.611 -608.358 -593.291 -597.421 -591.728 -581.524 -520.961 -556.378 -599.909 -641.603 -672.719 -679.541 -603.385 -332.985 -188.818 
-50.2636 -186.845 -371.141 -625.916 -646.018 -629.663 -578.044 -549.491 -481.893 -491.631 -562.562 -564.874 -577.049 -589.115 -596.088 -581.6 -572.434 -549.593 -521.344 -493.474 -481.113 -462.24 -438.539 -420.651 -402.869 -363.616 -336.112 -280.283 -226.815 -180.549 -129.319 -82.1673 -32.9422 21.8513 75.9268 623.472 540.972 502.054 483.304 477.894 463.226 616.399 726.738 766.872 862.471 894.077 989.786 1054.48 1115.96 1174.76 1266.68 1347.04 1436.49 1488.37 1577.12 1638.35 1692.08 2171.47 2643.75 2856.67 3025.86 3203.95 3355.6 3125.77 2879.29 2710.57 2591.58 2467.56 2331.84 2285.14 2128.8 2116.51 2097.34 2062.36 2016.93 1968.75 1926.98 1889.52 1929.11 1939.91 2006.63 2061.85 2191.12 2342.75 2461.55 2334.74 2193.18 1979.08 1727.04 1050.6 1063.66 1061.17 1044.15 1017.29 1009.67 994.295 996.104 999.279 991.947 993.805 1001.72 999.329 998.906 1002.39 1013.35 1015.02 1026.31 1075.85 1092.68 1095.18 1137.82 1182.69 1878.17 2070.12 2198.5 2320.46 2476.61 2370.33 2171.15 2039.07 1982.19 1926.18 1924.37 1977.62 1981.69 2019.26 2061.04 2076.14 2086.8 2162.66 2188.04 2332.24 2398.59 2490.74 2638.91 2784.46 2949.62 3113.23 3275.54 3148.41 2953.64 2786.04 2533.55 1705.15 1702.72 1609.37 1527.11 1423.91 1363.23 1288.51 1220.49 1109.47 1046.19 977.855 872.764 778.086 714.53 665.281 539.233 519.755 532.175 546.688 576.201 631.98 606.704 73.8133 51.6673 2.11178 -51.3693 -103.468 -147.755 -204.46 -251.547 -300.415 -343.063 -380.473 -418.068 -437.896 -446.998 -465.868 -487.069 -513.82 -519.646 -559.671 -575.368 -593.629 -588.567 -568.483 -575.324 -568.743 -556.194 -495.984 -532.679 -573.624 -608.772 -641.169 -648.346 -509.328 -258.925 -132.083 
20.2126 -111.481 -292.041 -533.993 -598.442 -589.099 -544.833 -513.566 -454.082 -447.126 -521.489 -527.718 -541.17 -555.844 -567.386 -555.592 -551.076 -533.399 -505.95 -479.26 -468.768 -451.996 -429.219 -413.406 -401.957 -373.143 -347.549 -294.279 -243.091 -198.702 -149.875 -104.476 -57.2514 -4.5806 50.1084 609.899 536.23 499.601 482.375 478.847 467.26 602.043 698.325 746.24 841.836 875.711 968.582 1032.35 1093.72 1152.26 1241.24 1316.98 1403.27 1452.56 1537.8 1596.06 1659.35 1992.06 2420.32 2632.27 2803.53 2959.81 3125.77 3230.4 3005.79 2840.87 2722.73 2599.8 2465.6 2419.21 2264.86 2251.83 2232.02 2194.92 2153.32 2105.48 2063.44 2026.14 2065.17 2075.44 2141.11 2206.07 2350.63 2487.96 2312.07 2186.05 2057.94 1840.75 1573.91 1106.92 1105.44 1101.91 1085.18 1058.91 1051.29 1035.93 1038.1 1040.87 1033.22 1035.78 1044.42 1044.09 1042.99 1045.82 1057.4 1058.72 1069.69 1122.09 1138.66 1138.97 1184.82 1208.8 1744.98 1938.21 2066.31 2178.68 2310.05 2474.44 2331.58 2181.17 2114.21 2061.85 2060.63 2114.2 2120.02 2156.5 2194.44 2209.93 2220.43 2296.25 2323.44 2464.6 2531.34 2622.23 2760.13 2898.26 3043.49 3227.42 3108.76 2914.73 2736.63 2563.09 2303.94 1678.5 1664.73 1573.51 1494.46 1392.18 1334.19 1262.95 1195.75 1087.18 1024.87 957.002 853.094 757.846 691.771 633.639 533.635 521.222 532.636 545.696 571.869 625.108 583.503 44.6384 24.26 -23.4499 -74.6933 -125.137 -167.785 -221.529 -266.534 -313.176 -353.325 -385.725 -412.144 -429.26 -437.488 -454.779 -474.387 -498.903 -504.577 -542.721 -552.155 -566.806 -558.821 -534.944 -541.364 -532.412 -513.2 -455.354 -501.945 -535.089 -566.962 -594.253 -608.395 -420.961 -183.533 -63.097 
88.7686 -40.4299 -216.284 -454.513 -565.303 -557.139 -518.52 -486.486 -435.346 -404.188 -479.178 -489.771 -502.294 -511.992 -531.459 -522.3 -520.873 -508.598 -481.277 -455.643 -447.02 -431.861 -410.006 -396.11 -392.074 -370.642 -348.353 -298.134 -249.048 -206.503 -159.751 -115.944 -70.7394 -20.7041 34.6004 621.031 561.93 527.689 512.069 511.032 506.145 597.45 670.144 721.048 813.574 850.378 939.976 1002.02 1063.44 1122.56 1207.45 1276.99 1357.48 1400.83 1478.82 1529.8 1602.78 1784.68 2185.83 2393.78 2567.84 2728.17 2879.29 3005.79 3151.56 3004.6 2884.62 2747.37 2613.45 2566.31 2415.35 2402.86 2382.82 2349.25 2302.76 2252.39 2207.9 2168.89 2210.16 2217.99 2292.17 2383.86 2499.7 2354.6 2198.43 2094.29 1958.89 1747.29 1478.14 1193.59 1179.09 1174.63 1158.99 1132.84 1125.36 1109.94 1111.96 1115.2 1107.53 1110.24 1119.35 1120.19 1118.13 1120.88 1132.62 1133.7 1144.41 1198.05 1214 1209.91 1258.19 1257.96 1653.97 1837.99 1967.23 2083.09 2208.97 2335.87 2455.28 2355.25 2268.51 2207.65 2207.49 2264.4 2272.74 2309.07 2347.81 2360.55 2368.82 2443.71 2472.97 2612.65 2683.17 2772.78 2907.36 3030.65 3133.47 3013.64 2880.99 2696.75 2518.64 2330.74 2071.71 1629.14 1608.2 1520.14 1448.6 1351.16 1298.73 1233.61 1167.68 1057.96 995.419 928.218 826.858 729.294 663.288 603.367 551.819 555.999 565.041 576.317 598.123 648.985 577.865 25.9817 7.68799 -38.5095 -87.0545 -136.145 -177.406 -228.72 -271.117 -315.476 -352.685 -386.451 -395.369 -410.493 -418.702 -433.588 -452.263 -474.644 -480.84 -514.528 -520.037 -531.769 -520.507 -493.372 -501.152 -494.419 -468.41 -417.893 -482.045 -505.535 -534.957 -556.353 -536.633 -344.342 -111.179 -0.517337 
119.933 3.01729 -161.821 -397.116 -532.912 -538.333 -501.519 -470.643 -422.557 -378.734 -454.288 -468.887 -485.122 -491.183 -513.825 -505.878 -504.727 -495.226 -472.475 -447.584 -439.762 -425.303 -403.307 -389.701 -386.469 -388.235 -366.945 -320.536 -273.224 -232.594 -188.307 -146.505 -101.188 -54.7311 -2.38211 597.743 549.334 514.516 494.637 493.927 493.372 561.271 613.062 668.059 759.5 799.644 887.418 950.36 1013.43 1072.69 1157.01 1225.45 1304.03 1345.73 1421.67 1468.71 1546.41 1652.1 2019.38 2234.92 2401.53 2560.54 2710.57 2840.87 3004.6 3133.73 3021.91 2879.78 2743.52 2700.57 2549.71 2536.7 2517.21 2486.53 2439.55 2392.23 2344.31 2309.3 2354.2 2369.02 2451.41 2554.28 2442.22 2321.43 2170.28 2070.54 1937.82 1732.05 1456.14 1274.8 1253.96 1247.97 1230.59 1205.36 1197.69 1182.14 1182.31 1187.49 1178.74 1182.71 1193.43 1193.91 1192.84 1194.75 1206.16 1207.57 1219.23 1277.07 1290.74 1287.11 1338.29 1325.3 1636.59 1825.93 1950.62 2061.6 2185.45 2302.38 2395.54 2503.71 2430.79 2356.69 2352.5 2407.28 2410.41 2446.51 2487.28 2495.65 2502.88 2574.43 2603.85 2737.35 2808.42 2897.69 3008.8 3111.89 2989.97 2855.49 2736.65 2549.74 2367.38 2178.69 1908.93 1575.48 1550.95 1465.04 1395.67 1300.49 1250.82 1189.13 1122.41 1006.48 941.502 871.897 772.931 675.591 605.397 545.507 528.334 540.711 548.571 561.226 583.807 636.819 539.115 -7.80161 -26.2066 -71.2933 -117.275 -166.982 -204.495 -253.876 -293.164 -335.17 -372.337 -384.168 -389.092 -403.941 -412.482 -426.315 -444.836 -466.201 -472.093 -503.033 -504.302 -514.84 -498.729 -476.046 -481.579 -474.454 -440.754 -399.387 -467.464 -488.406 -515.096 -537.892 -483.422 -289.74 -63.3586 36.3789 
114.748 29.7953 -115.756 -346.806 -484.096 -523.342 -486.904 -457.679 -410.046 -360.95 -435.903 -454.405 -471.906 -481.57 -504.027 -499.276 -499.003 -493.434 -471.834 -447.909 -440.785 -427.24 -405.901 -393.053 -391.083 -395.488 -381.146 -335.726 -290.44 -251.261 -208.417 -166.463 -123.067 -76.8277 -37.3836 550.619 514.214 469.741 450.063 442.803 444.049 508.785 529.377 593.424 689.889 738.834 820.78 881.423 942.605 1000.87 1084.17 1155.31 1239.97 1278.64 1360.86 1406.36 1489.85 1530.23 1884.8 2111.06 2276.7 2433.08 2591.58 2722.73 2884.62 3021.91 3153.38 3011.38 2871.12 2829.5 2673.27 2664.2 2643.87 2612.6 2566.19 2519.17 2474.96 2443.47 2493.56 2513.43 2617.88 2493.85 2413.19 2295.57 2151.15 2057.17 1927.4 1718.34 1433.66 1340.14 1313.37 1306.94 1290.9 1266.02 1258 1244.6 1244.5 1248.07 1240.9 1243.6 1256.12 1257.91 1256.7 1258.49 1266.1 1269.01 1279.09 1338.63 1350.97 1346.46 1397.72 1372.17 1619.34 1808.84 1942.34 2046.64 2171.31 2278.75 2365.17 2440.04 2585.09 2502.74 2490.57 2541.27 2540.13 2576.42 2614.75 2624.51 2631.79 2697.15 2726.39 2857.39 2922.55 3004.19 3119.01 3010.37 2873.34 2754.13 2640.09 2444.38 2258.01 2057.35 1771.89 1522.23 1491.27 1399.36 1329.83 1229.16 1180.37 1117.18 1052.57 938.01 873.7 807.264 705.841 599.47 522.829 461.497 478.228 488.773 506.05 516.445 542.933 604.064 476.66 -29.6133 -47.9773 -92.9326 -139.486 -186.873 -223.318 -271.159 -309.226 -351.841 -383.612 -391.534 -392.944 -406.974 -415.105 -427.835 -446.049 -466.222 -471.834 -499.652 -498.272 -506.608 -486.153 -467.4 -470.877 -459.012 -425.883 -383.763 -452.745 -474.431 -496.258 -523.977 -439.863 -243.963 -23.562 64.357 
113.974 60.2734 -68.8149 -293.931 -425.788 -501.21 -468.065 -444.59 -394.991 -351.62 -425.764 -447.833 -465.641 -480.816 -502.116 -501.266 -502.068 -498.647 -483.805 -461.656 -455.477 -442.76 -421.735 -409.806 -408.374 -416.662 -419.808 -373.094 -329.662 -290.425 -248.389 -207.96 -166.235 -119.066 -90.4727 471.986 437.776 397.171 374.352 369.838 375.615 442.636 465.139 535.81 628.276 678.153 767.734 829.701 890.651 950.764 1034.55 1101.58 1181.89 1220.49 1301.77 1348.54 1431.03 1427.04 1751.04 1982.19 2146.32 2308.3 2467.56 2599.8 2747.37 2879.78 3011.38 3145.6 2979.61 2930.06 2775.6 2765.05 2746.55 2715 2667.36 2620.42 2577.51 2551.22 2627.19 2603.6 2519.66 2430.45 2356.06 2248.08 2100.83 2008.65 1872.16 1663.49 1367.71 1361.46 1328.64 1322.38 1306.13 1282.69 1273.79 1259.95 1260.63 1262.75 1258.03 1259.32 1274.08 1273.54 1272.69 1274.39 1282.44 1285.73 1294.84 1355.33 1368.04 1363.67 1416.05 1394.71 1561.59 1750.06 1887.62 1994.53 2118.98 2231.25 2309.13 2374.81 2482.82 2636.11 2614.54 2648.93 2642.85 2678.78 2716.51 2726.7 2732.9 2795.15 2827.42 2946.53 3017.87 3088.26 2954.94 2861.19 2742 2632.3 2516.5 2320.64 2129.8 1929.41 1640.96 1470.97 1432.8 1342.76 1272.63 1172.05 1128.61 1062.53 997.789 887.909 818.883 749.507 646.287 543.924 460.445 396.872 413.315 416.897 432.074 439.716 468.004 524.508 396.731 -73.6898 -91.7346 -136.71 -182.328 -230.023 -262.005 -310.515 -346.766 -390.156 -409.521 -410.854 -409.855 -423.511 -430.751 -442.873 -460.338 -479.712 -481.07 -504.981 -500.671 -507.485 -482.832 -465.388 -465.377 -450.122 -413.667 -369.269 -437.257 -452.554 -473.498 -470.444 -384.454 -194.888 19.6744 93.5784 
109.826 80.2624 -41.5444 -264.119 -391.311 -489.748 -457.14 -433.479 -387.274 -341.818 -404.859 -425.978 -444.183 -459.709 -481.317 -483.838 -485.79 -482.653 -470.034 -448.08 -443.036 -431.139 -410.446 -400.713 -399.41 -411.577 -417.394 -382.88 -340.357 -302.683 -262.687 -224.391 -183.591 -138.859 -118.863 432.362 390.603 343.648 324.548 317.922 321.91 369.262 398.613 466.216 566.865 616.342 696.639 759.435 821.767 884.503 967.749 1036.65 1118.45 1150.87 1226.03 1270.17 1348.02 1323.31 1603.89 1845.08 2013.81 2175.5 2331.84 2465.6 2613.45 2743.52 2871.12 2979.61 3031.05 3034.68 2884.29 2869.8 2852.72 2821.82 2770.98 2729.78 2690.91 2664.93 2587.15 2530.84 2478.16 2399.83 2331.26 2225.29 2080.94 1985.59 1851.98 1637.81 1320.33 1391.21 1353.56 1348.02 1331.71 1307.47 1299.16 1285.21 1285.5 1288.96 1283.87 1284.87 1300.81 1300.64 1299.26 1301.01 1309.85 1312.61 1321.84 1384.42 1397.06 1391.64 1445.25 1432.34 1526.31 1727.01 1871.35 1976.23 2099.6 2212.34 2287.27 2344.61 2442.19 2561.17 2652.79 2772.44 2754.02 2781.5 2814.68 2828.65 2832.44 2887.17 2914.98 3003.08 2942.22 2908.11 2799.36 2710.05 2600.33 2493.7 2374.73 2177.01 1992.04 1792.21 1489 1394.4 1354.99 1270.98 1206.25 1106.28 1064.97 999.074 931.847 818.158 752.782 687.291 584.995 475.969 388.134 326.519 360.085 363.52 380.26 389.39 415.466 476.966 358.463 -94.7423 -112.118 -156.406 -200.213 -244.319 -275.275 -321.922 -357.014 -391.268 -405.331 -403.3 -400.138 -413.402 -419.978 -430.781 -447.496 -466.141 -465.166 -488.543 -484.108 -489.657 -463.091 -442.962 -445.11 -429.292 -390.752 -356.938 -427.453 -440.921 -460.591 -428.414 -350.819 -164.202 46.7383 118.028 
107.404 75.9241 -43.2954 -266.08 -389.609 -495.555 -460.817 -436.069 -385.129 -336.056 -387.569 -409.981 -430.945 -447.267 -467.234 -471.29 -473.404 -470.056 -459.032 -436.51 -431.813 -420.365 -398.834 -390.408 -388.879 -403.194 -410.36 -386.691 -344.522 -308.565 -270.211 -233.604 -193.853 -150.97 -133.288 417.223 359.754 308.385 283.865 272.103 269.798 295.91 331.912 407.961 518.2 564.922 643.701 706.875 770.345 835.392 917.266 986.291 1069.92 1098.05 1176.92 1218.29 1292.98 1274.93 1559.84 1800.24 1966.43 2127.89 2285.14 2419.21 2566.31 2700.57 2829.5 2930.06 3034.68 3082.96 2956.24 2947.81 2933.15 2902.75 2854.55 2819.28 2776.06 2740.79 2630.4 2575.98 2532.25 2453.82 2383.62 2276.84 2132.68 2037.75 1903.72 1691.9 1369.01 1443.66 1404.74 1400.04 1383.2 1360.38 1351.72 1338.01 1338.36 1342.45 1336.18 1336.7 1352.8 1352.99 1352 1353.36 1361.73 1364.06 1374.09 1437.93 1448.54 1444.06 1496.8 1485.57 1581.22 1784.4 1920.86 2028.12 2146.71 2257.66 2331.9 2389.59 2488.1 2595.25 2702.26 2846.4 2834.98 2861.26 2890.27 2908.01 2910.68 2952.58 2965.1 3006.85 2896.98 2855.28 2755.85 2665.28 2553.96 2445.82 2324.6 2126.35 1941.34 1748.68 1437.91 1339.43 1304.51 1218.67 1156.15 1056.35 1014.55 949.482 881.554 764.485 698.818 635.025 535.616 421.553 326.046 250.321 311.306 312.883 338.694 352.164 378.433 450.612 342.121 -108.433 -124.488 -168.233 -210.439 -252.039 -281.881 -326.612 -361.115 -386.869 -397.753 -393.751 -389.156 -403.199 -409.153 -419.982 -435.863 -454.411 -453.147 -474.95 -470.997 -476.722 -449.345 -429.475 -431.808 -412.021 -372.414 -353.866 -428.016 -444.016 -465.388 -425.806 -352.582 -166.378 43.4111 115.907 
107.206 103.354 -13.2662 -229.913 -357.588 -467.494 -469.722 -450.2 -407.902 -354.551 -392.619 -418.493 -442.078 -458.035 -477.074 -485.532 -490.553 -486.282 -478.857 -457.457 -452.39 -441.598 -418.561 -410.509 -408.156 -425.153 -434.498 -412.706 -385.262 -347.588 -310.752 -274.997 -236.845 -195.125 -178.733 364.571 334.589 292.187 270.667 257.923 261.687 262.386 282.394 352.583 455.631 510.149 593.19 652.599 713.768 779.586 857.47 926.98 1013.23 1035.12 1109.85 1146.29 1215.92 1182.9 1397.92 1643.07 1812.56 1974.37 2128.8 2264.86 2415.35 2549.71 2673.27 2775.6 2884.29 2956.24 3032.23 3064.61 3052.91 3013.36 2942 2852.37 2763.75 2683.06 2590.55 2541.98 2500.23 2430.03 2359.06 2251.55 2113.71 2016.4 1882.34 1661.59 1346.98 1485.43 1442.79 1438.28 1420.93 1399.46 1391.13 1377.38 1377.63 1381.5 1376.25 1376.69 1392.39 1392.55 1391.64 1393.28 1402.11 1404.13 1414.06 1477.63 1487.65 1484.08 1535.44 1531.31 1549.52 1759.64 1897.79 2010.16 2125.05 2232.04 2309.64 2366.02 2457.62 2564.15 2659.66 2784.07 2900.51 2990.89 3014.75 3033.51 3011.92 2951.25 2911.76 2857.54 2747.7 2708.13 2606.78 2512.87 2398.58 2289.57 2168.52 1972.19 1786.1 1591.91 1274.62 1268.31 1229.54 1151.16 1095.81 997.204 952.914 891.778 823.575 709.794 645.253 578.635 479.543 368.917 277.9 205.356 306.106 301.557 323.905 333.645 361.774 416.299 288.999 -153.155 -169.544 -211.259 -253.381 -293.049 -320.985 -365.781 -399.3 -412.694 -421.877 -415.367 -408.104 -423.784 -430.519 -440.812 -456.156 -474.606 -472.99 -491.547 -487.018 -488.47 -459.445 -441.266 -443.725 -419.869 -378.915 -376.511 -442.556 -454.83 -471.824 -394.099 -319.883 -135.419 72.7098 143.287 
105.796 99.3977 -21.5598 -240.365 -375.501 -480.301 -485.039 -465.913 -419.779 -364.108 -399.882 -426.913 -452.8 -470.046 -489.114 -498.962 -503.834 -499.766 -493.912 -472.619 -467.963 -457.671 -434.506 -427.367 -425.223 -443.259 -453.503 -432.476 -411.059 -372.925 -337.219 -302.168 -265.245 -224.524 -206.964 352.483 329.262 274.87 248.634 234.903 230.747 224.375 221.417 300.753 412.932 473.399 557.325 615.628 676.433 744.063 822.931 893.819 981.499 1002.83 1078.62 1113.84 1184.79 1161.53 1384.52 1629.79 1801.96 1964.35 2116.51 2251.83 2402.86 2536.7 2664.2 2765.05 2869.8 2947.81 3064.61 3125.59 3122.13 3082.29 3009.44 2907.62 2811.26 2724.57 2640.24 2594.73 2554.77 2481.93 2413.17 2306.76 2170.59 2076.79 1942.92 1720.07 1401.91 1542.46 1500.3 1496.02 1478.21 1457.57 1449.33 1435.6 1435.85 1439.87 1433.44 1434.02 1449.94 1450.06 1449.52 1450.87 1458.96 1460.94 1470.89 1535.11 1544.03 1540.24 1590.97 1587.18 1610.03 1819.54 1958.87 2071.61 2181.06 2286.54 2362.99 2414.86 2510.92 2614.96 2707.66 2825.22 2965.74 3071.57 3093.17 3112.46 3083.59 2991.92 2928.49 2863.18 2755.4 2710.12 2606.11 2501.78 2384.43 2276.15 2155.48 1960.31 1772.52 1576.69 1255.96 1239.31 1199.26 1120.21 1065.08 965.671 922.131 860.653 791.62 674.676 607.701 540.098 436.983 318.902 215.017 148.913 274.848 274.618 300.802 313.098 348.335 420.065 269.882 -183.916 -199.285 -239.876 -281.533 -320.095 -346.762 -390.976 -423.919 -432.397 -440.88 -433.355 -425.018 -440.493 -446.586 -456.979 -471.434 -489.609 -487.863 -504.127 -499.52 -500.71 -470.785 -453.416 -455.477 -427.835 -386.102 -387.304 -458.068 -470.598 -489.919 -409.815 -338.018 -143.819 67.3475 141.188 
106.71 96.6507 -21.6205 -238.33 -383.686 -486.56 -488.55 -468.29 -423.737 -369.459 -404.9 -435.651 -463.322 -481.306 -501.369 -512.025 -517.271 -512.755 -506.595 -484.503 -479.731 -469.706 -446.963 -440.388 -437.975 -455.784 -465.968 -444.864 -423.388 -399.463 -362.851 -329.034 -291.94 -252.669 -236.792 311.497 314.689 255.383 224.303 206.723 207.983 204.804 174.238 260.233 382.956 444.171 531.233 588.694 648.82 719.904 802.382 873.444 961.918 983.085 1061.53 1095.92 1166.79 1137.06 1370.41 1615.75 1787.39 1948.14 2097.34 2232.02 2382.82 2517.21 2643.87 2746.55 2852.72 2933.15 3052.91 3122.13 3148.79 3121.25 3056.58 2960.78 2868.5 2785.83 2699.36 2653.69 2613.93 2544.01 2476.07 2367.62 2232.7 2142.16 2007.77 1786.32 1463.33 1598.5 1556.74 1552.36 1534.23 1514.6 1505.92 1492.23 1492.72 1496.86 1490.33 1490.43 1506.63 1507.12 1506.55 1507.55 1516.09 1517.37 1527.31 1591.85 1600.32 1597.29 1647.45 1642.24 1675.21 1885.07 2022.49 2134.49 2241.96 2345.2 2421.32 2472.97 2566.44 2669.45 2762.36 2879.24 3015.5 3120.75 3141.94 3140.85 3107.42 3014.41 2946.57 2880.64 2765.57 2708 2596.54 2486.99 2366.73 2258.54 2137.35 1945.69 1757.96 1563.9 1244.87 1223.06 1181.13 1100.42 1044.74 944.595 900.816 834.449 762.52 646.112 577.104 509.478 408.28 282.79 169.56 106.936 252.803 247.753 274.437 290.321 328.852 406.576 225.801 -213.11 -228.101 -267.026 -308.185 -345.496 -372.745 -415.168 -436.16 -444.904 -453.367 -445.659 -437.798 -452.975 -458.836 -468.885 -483.439 -502.101 -500.631 -517.187 -512.164 -512.499 -483.273 -465.419 -466.576 -435.094 -391.729 -392.065 -460.751 -473.403 -494.817 -416.309 -344.285 -143.547 64.321 139.18 
104.367 91.1035 -22.5268 -242.391 -393.87 -499.047 -499 -477.842 -431.738 -376.661 -409.97 -440.815 -470.716 -489.476 -510.648 -522.111 -527.47 -523.338 -517.416 -495.771 -491.458 -481.712 -459.396 -453.003 -451.038 -469.524 -480.398 -459.941 -439.263 -422.092 -385.159 -352.673 -316.237 -278.195 -265.186 274.316 292.309 235.899 202.397 182.132 179.687 172.329 120.157 204.943 328.473 389.521 474.256 532.712 594.63 666.663 749.665 821.357 913.985 934.665 1010.79 1044.28 1115.57 1095.41 1334.13 1577.84 1748.83 1908.39 2062.36 2194.92 2349.25 2486.53 2612.6 2715 2821.82 2902.75 3013.36 3082.29 3121.25 3113.22 3057.74 2975.01 2892.22 2816.69 2731.4 2688.56 2648.77 2580.38 2513.84 2408.35 2276.65 2183.8 2051.43 1831.07 1506.28 1637.74 1597.04 1592.02 1573.6 1555.01 1545.82 1531.88 1532.61 1536.99 1530.25 1530.05 1546.75 1547.74 1546.15 1547.15 1555.28 1556.96 1566.86 1630.64 1639.98 1636.08 1686.25 1680.89 1719.73 1928.7 2068.25 2179.21 2288.57 2389.7 2464.33 2515.96 2607.42 2706.28 2793.54 2901.2 3022.74 3117.96 3134.35 3121.51 3082.43 2995.18 2929.71 2863.42 2745.09 2683.72 2567.22 2451.36 2324.99 2217.88 2100.73 1905.3 1719.09 1524.72 1205.71 1172.71 1131.24 1052.1 997.081 894.933 849.845 782.468 710.361 587.548 520.62 456.362 357.497 229.272 116.112 65.907 220.911 219.258 249.424 270.997 307.327 383.713 186.586 -239.551 -254.381 -291.913 -332.115 -368.278 -395.025 -436.415 -451.716 -459.593 -467.615 -459.116 -450.537 -465.319 -470.867 -480.806 -494.959 -512.911 -511.498 -528.15 -522.168 -522.168 -492.263 -473.949 -472.759 -440.611 -396.745 -400.143 -472.2 -484.008 -504.301 -427.139 -352.36 -145.564 59.1547 134.999 
101.985 88.7788 -20.9962 -243.489 -403.52 -509.485 -498.247 -476.657 -430.237 -374.585 -395.792 -425.23 -456.22 -474.737 -496.07 -507.908 -513.708 -510.758 -504.453 -483.18 -478.999 -469.035 -447.524 -441.198 -439.483 -458.357 -469.586 -449.486 -429.544 -413.089 -386.535 -353.413 -318.853 -281.666 -270.358 263.439 293.278 235.513 194.766 172.706 168.85 161.845 73.53 157.976 282.13 344.824 439.894 498.867 560.568 631.793 716.147 788.165 881.332 902.579 979.563 1012.93 1080.43 1058.49 1291.11 1533.3 1702.35 1858.66 2016.93 2153.32 2302.76 2439.55 2566.19 2667.36 2770.98 2854.55 2942 3009.44 3056.58 3057.74 3039.34 2997.75 2934.49 2869.73 2788.88 2749.2 2707.87 2636.97 2572.05 2465.25 2330.12 2231.56 2098.45 1882.13 1556.22 1688.29 1648.54 1644.21 1623.24 1607.8 1597.97 1584.06 1585.31 1589.74 1582.64 1582.13 1599.02 1599.94 1598.58 1599.16 1607.4 1608.73 1618.48 1681.3 1691.55 1687.99 1738.17 1731.08 1766.24 1980.33 2116.44 2225.33 2337.33 2442.41 2516.55 2568.98 2660.95 2751.21 2832.05 2927.25 3015.43 3071.39 3081.28 3067.4 3035.3 2968.7 2906.88 2842.12 2719.62 2651.42 2531.31 2408.69 2280.13 2178.14 2058.11 1856.96 1671.65 1483.62 1163.38 1137.98 1096.73 1017.54 963.327 861.34 817.051 750.086 676.334 551.282 481.474 412.699 314.018 184.724 68.5888 32.9944 209.706 209.263 240.541 263.966 305.421 387.178 170.689 -245.577 -258.528 -294.966 -333.825 -369.022 -394.431 -426.958 -441.839 -448.702 -456.606 -447.527 -438.34 -453.019 -458.805 -468.168 -481.211 -499.896 -498.068 -515.42 -507.165 -507.073 -478.488 -461.431 -457.295 -426.038 -385.057 -399.304 -471.558 -484.09 -504.002 -437.052 -362.488 -145.463 54.0613 133.17 
98.8889 83.3799 -23.6501 -246.628 -413.573 -525.715 -492.505 -473.98 -425.773 -371.717 -383.361 -416.471 -447.934 -466.962 -489.618 -501.968 -507.652 -504.867 -497.183 -475.894 -472.737 -462.773 -442.02 -436.14 -434.887 -453.565 -464.955 -444.678 -425.812 -410.19 -394.476 -361.325 -328.546 -292.34 -283.574 235.221 277.341 222.747 183.75 165.303 159.641 153.115 36.1223 125.967 250.504 314.144 413.458 471.851 532.379 599.302 678.456 746.604 838.618 858.085 932.291 965.033 1030.35 1011.55 1244.42 1485.89 1658.19 1811.38 1968.75 2105.48 2252.39 2392.23 2519.17 2620.42 2729.78 2819.28 2852.37 2907.62 2960.78 2975.01 2997.75 3027.96 2987.11 2928.51 2842.8 2805.09 2763.39 2691 2623.48 2517.16 2384.87 2285.4 2152.1 1932.78 1604.61 1734.13 1695.08 1690.52 1668.23 1654.71 1644.16 1630.38 1631.97 1636.8 1628.88 1628.34 1645.51 1646.43 1644.35 1645.08 1653.57 1654.73 1664.31 1726.21 1737.77 1734.29 1785.2 1777.19 1814.58 2031.28 2173.2 2279.84 2390.68 2495.38 2568.7 2626.35 2717.89 2800.33 2876.54 2967.32 2999.38 2991.52 2993.66 2978.97 2962.17 2942.92 2893.57 2824.83 2686.97 2612.46 2489.98 2362.65 2227.88 2128.8 2008.6 1808.77 1626.3 1436.4 1116.04 1089.29 1048.72 971.083 917.944 818.127 776.491 714.582 645.009 522.251 453.602 382.989 285.988 153.939 33.789 10.7624 199.962 200.104 231.191 249.352 290.832 370.042 139.986 -258.401 -269.632 -305.186 -342.721 -376.812 -400.233 -423.794 -437.657 -443.495 -451.449 -441.982 -433.058 -447.019 -452.725 -461.551 -473.959 -492.371 -490.599 -509.888 -500.361 -500.932 -472.146 -454.003 -447.376 -416.097 -373.225 -396.882 -470.245 -481.085 -496.499 -449.513 -370.42 -149.216 47.5498 129.267 
96.1497 65.0081 -35.8549 -260.431 -428.35 -539.678 -500.087 -478.202 -430.054 -376.856 -376.725 -408.723 -441.839 -463.677 -485.87 -497.965 -504.039 -501.742 -495.131 -474.442 -471.824 -461.909 -442.792 -437.787 -436.495 -455.641 -468.208 -449.182 -431.63 -416.809 -401.66 -373.007 -339.577 -304.457 -300.748 194.816 237.947 175.425 134.095 111.839 106.771 102.079 -43.252 47.5845 179.138 245.5 344.433 403.436 462.087 532.845 616.113 685.7 779.718 800.079 872.135 903.637 966.956 950.833 1214.6 1455.97 1624.76 1773.67 1926.98 2063.44 2207.9 2344.31 2474.96 2577.51 2690.91 2776.06 2763.75 2811.26 2868.5 2892.22 2934.49 2987.11 2995.82 2987.1 2903.36 2865.8 2821.87 2744.59 2684.37 2578.84 2451.74 2353.67 2223.21 2003.06 1669.27 1766.04 1730.09 1725.18 1701.41 1690.38 1678.83 1665.14 1667.18 1672.53 1663.58 1662.78 1681.33 1682.17 1678.47 1679.44 1688.99 1690.35 1697.72 1758.3 1773.18 1768.71 1818.73 1806.4 1883.93 2099.37 2245.97 2346.58 2456.25 2557.48 2629.81 2684.76 2779.33 2851.77 2915.31 2982.62 2945.01 2908.87 2902.42 2884.82 2871.56 2862.72 2826.98 2791.19 2647.56 2570.32 2443.62 2314.4 2181.93 2087.24 1967.49 1773.26 1596.62 1406.48 1091.83 1026.04 991.359 914.13 860.547 756.561 715.49 648.626 574.886 451.883 384.891 315.054 217.588 74.5417 -48.6289 -49.7999 145.769 145.659 177.891 201.109 244.929 329.914 96.523 -269.939 -283.059 -316.848 -354.8 -387.629 -407.334 -430.107 -442.883 -447.556 -454.325 -443.47 -434.02 -446.96 -452.548 -460.077 -471.813 -490.389 -487.516 -506.468 -496.17 -496.553 -468.929 -451.426 -440.016 -409.818 -368.857 -402.482 -475.914 -486.834 -504.135 -464.934 -384.851 -161.201 26.3127 111.875 
95.8322 46.6932 -40.1731 -267.88 -437.115 -544.054 -505.665 -483.683 -436.284 -381.38 -375.635 -406.852 -442.667 -466.638 -487.958 -499.469 -506.28 -503.555 -496.62 -475.622 -473.053 -462.698 -443.443 -438.06 -436.358 -455.652 -468.204 -449.473 -431.905 -417.265 -402.229 -386.784 -354.356 -320.093 -322.111 143.079 186.724 123.034 81.9012 59.3041 52.1736 46.419 -112.328 -25.0209 111.407 178.041 279.581 339.822 396.836 469.108 551.892 622.214 718.464 739.555 810.576 842.072 902.803 885.956 1192.79 1424.12 1590.01 1738.28 1889.52 2026.14 2168.89 2309.3 2443.47 2551.22 2664.93 2740.79 2683.06 2724.57 2785.83 2816.69 2869.73 2928.51 2987.1 3057.23 2983.65 2941.8 2894.39 2813.67 2753.59 2648.3 2522.38 2428.2 2295.7 2086.24 1750.01 1804.62 1772.24 1766.76 1742 1733.28 1720.84 1707.18 1709.71 1715.55 1705.6 1704.37 1723.9 1724.28 1719.95 1721.25 1730.99 1732.56 1739.18 1799.1 1814.94 1810.58 1860.36 1842.56 1970.33 2176.96 2320.35 2418.79 2526.05 2627.37 2698.55 2756.64 2851.31 2920.86 2967.99 3001.6 2888.53 2835.81 2822.46 2800.98 2786.4 2771.89 2751.17 2766.22 2630.67 2543.3 2408.98 2279.2 2144.45 2050.41 1930.42 1737.4 1561.79 1375.84 1077.36 959.454 928.93 852.321 799.37 695.217 655.091 587.398 513.262 387.194 320.682 250.053 151.712 4.00804 -121.854 -108.425 90.7614 92.007 124.538 148.419 192.666 278.126 43.7586 -284.239 -299.202 -331.708 -368.825 -399.203 -407.99 -430.494 -443.119 -447.665 -454.774 -443.548 -433.788 -447.134 -453.201 -461.146 -472.411 -491.51 -489.668 -508.656 -498.01 -497.692 -471.332 -455.201 -440.561 -408.12 -368.093 -408.427 -482.582 -492.217 -510.156 -475.078 -391.912 -166.964 8.25698 92.7658 
94.145 22.6822 -68.9655 -301.075 -474.382 -549.091 -513.777 -490.906 -441.842 -383.588 -373.946 -406.371 -442.915 -468.423 -488.592 -497.144 -504.395 -500.2 -492.476 -471.068 -468.715 -458.851 -440.146 -434.793 -433.535 -450.865 -462.643 -444.423 -426.225 -412.576 -397.423 -385.952 -353.422 -319.408 -320.648 140.089 181.742 119.017 77.5863 55.2481 48.483 41.4241 -122.779 -30.9634 106.063 172.542 276.301 338.541 394.61 468.239 549.751 617.723 714.209 735.188 804.871 836.865 895.676 895.192 1235.13 1458.35 1626.4 1771.21 1929.11 2065.17 2210.16 2354.2 2493.56 2627.19 2587.15 2630.4 2590.55 2640.24 2699.36 2731.4 2788.88 2842.8 2903.36 2983.65 3065.15 3045.49 2973.28 2889.5 2826.8 2718.21 2590.89 2494.41 2364.16 2147.24 1824.15 1815.69 1787.39 1781.55 1755.45 1749.69 1736.28 1722.57 1725.83 1730.18 1720.43 1719.91 1739.4 1738.91 1735.26 1736.81 1745.61 1747.64 1754.48 1812.82 1829.16 1826.45 1875.5 1851.94 2044.32 2240.05 2385.41 2484.68 2592.02 2694.5 2769.78 2832.86 2930.61 3022.46 2966.61 2900.8 2799.67 2754.52 2740.16 2716.42 2701.12 2677.94 2649.02 2653.09 2636.82 2619.09 2458.51 2326.69 2187.24 2088.78 1972.16 1774.47 1598.62 1409.75 1123.84 944.118 919.413 844.397 792.326 689.894 649.943 583.797 509.676 385.562 320.156 246.997 147.801 -1.26457 -128.926 -113.299 86.2908 87.3085 119.169 143.598 187.2 272.058 42.4435 -283.719 -298.641 -330.582 -367.337 -398.409 -403.648 -424.854 -437.423 -441.724 -450.212 -440.513 -430.386 -443.571 -449.702 -456.931 -467.409 -486.253 -487.01 -505.669 -495.745 -495.548 -469.564 -457.231 -439.997 -408.202 -368.316 -415.916 -489.798 -500.776 -518.965 -516.192 -427.031 -199.432 -17.5555 67.5636 
92.7754 5.47874 -89.882 -328.449 -505.823 -568.976 -529.061 -505.1 -456.382 -395.771 -385.522 -418.997 -458.963 -484.947 -505.258 -513.969 -521.32 -518.073 -508.415 -486.888 -484.681 -475.306 -456.911 -451.85 -450.954 -467.945 -479.794 -462.258 -444.736 -431.878 -417.53 -406.324 -382.021 -348.429 -350.783 116.536 160.629 91.1093 39.9873 16.1189 7.63101 0.802965 -177.727 -87.9738 49.9427 125.567 230.826 296.944 356.811 430.677 513.745 584.18 683.722 705.697 775.665 807.926 865.666 878.048 1238.77 1464.9 1633.48 1778.59 1939.91 2075.44 2217.99 2369.02 2513.43 2603.6 2530.84 2575.98 2541.98 2594.73 2653.69 2688.56 2749.2 2805.09 2865.8 2941.8 3045.49 3077.34 3041.46 2950.07 2886.46 2782.21 2659.09 2559.52 2432.28 2219.54 1890.11 1847.12 1821.59 1816.52 1790.45 1783.7 1771 1757.97 1760.95 1764.86 1754.91 1754.45 1774.51 1773.36 1770.76 1771.3 1780.28 1782.78 1789.77 1846.1 1863.73 1859.08 1908.49 1882.28 2106.91 2313.34 2454.94 2553.92 2663.3 2763.89 2836.33 2896.61 2996.59 3036.78 2938.67 2859.96 2764.22 2716.07 2698.22 2672.44 2655.82 2631.4 2597.31 2597.4 2585.11 2599.8 2480.1 2341.96 2196.67 2101.1 1986.1 1784.22 1604.4 1417.34 1123.26 911.054 889.517 813.769 762.398 658.714 617.732 551.933 476.871 340.901 273.713 197.534 93.5276 -61.2548 -187.492 -159.111 43.7571 47.6945 79.8963 110.753 163.58 254.105 16.3954 -313.639 -327.63 -359.094 -389.467 -418.423 -423.596 -443.767 -455.893 -459.373 -467.613 -457.867 -447.563 -460.245 -466.29 -473.324 -483.245 -501.785 -503.657 -523.449 -512.559 -511.733 -485.966 -473.692 -453.857 -420.495 -380.554 -430.756 -505.064 -516.616 -536.562 -547.095 -457.239 -222.892 -37.7293 53.0638 
94.4626 -19.1586 -118.135 -362.284 -548.948 -589.458 -550.024 -522.209 -474.763 -410.778 -402.201 -435.282 -478.811 -502.247 -523.755 -530.349 -537.707 -533.955 -520.911 -498.316 -495.662 -485.886 -467.249 -462.549 -461.104 -475.707 -486.371 -467.906 -450.231 -437.416 -422.929 -410.276 -397.819 -363.33 -366.999 98.8117 149.132 81.9506 31.1163 4.81312 -9.17088 -15.8906 -201.397 -105.212 34.6536 103.303 209.167 273.577 330.404 407.274 493.635 563.194 661.584 684.18 755.013 787.957 848.708 908.405 1295.38 1519.3 1692.65 1846.49 2006.63 2141.11 2292.17 2451.41 2617.88 2519.66 2478.16 2532.25 2500.23 2554.77 2613.93 2648.77 2707.87 2763.39 2821.87 2894.39 2973.28 3041.46 3175.37 3046.05 2976.87 2866.9 2748.61 2647.39 2517.79 2305.93 1992.38 1869.81 1848.21 1843.25 1818.29 1810.39 1798.2 1786.1 1788.37 1792.72 1782.77 1782.63 1801.89 1801.94 1799.2 1799.63 1809.02 1811.72 1817.81 1874.1 1892.61 1887.09 1935.94 1905.32 2201.37 2404.44 2541.45 2645.56 2758.42 2854.3 2931.24 2990.81 3119.47 2972.91 2884.09 2819.13 2727.38 2678.05 2659.94 2633.42 2615.44 2590.69 2551.93 2551.77 2521.93 2522.24 2586.3 2428.06 2269.4 2165.97 2051.15 1847.37 1658.14 1469.97 1179.97 893.672 875.787 797.487 743.081 635.56 596.925 526.478 448.738 320.231 253.36 177.807 81.8968 -78.0324 -210.917 -177.272 25.3885 35.0764 68.6522 101.891 149.961 242.298 -2.41015 -327.872 -341.578 -373.843 -395.568 -421.921 -429.083 -449.025 -461.88 -466.148 -474.889 -466.847 -457.995 -470.663 -476.899 -484.213 -494.554 -513.987 -517.647 -538.405 -529.101 -528.721 -504.688 -490.878 -472.004 -437.694 -397.678 -448.474 -523.602 -538.378 -560.095 -588.062 -493.583 -255.79 -65.1279 27.3113 
94.5269 -56.1183 -164.846 -414.305 -618.782 -621.945 -577.624 -551.683 -502.491 -439.005 -434.015 -467.214 -512.833 -535.19 -558.554 -564.452 -572.798 -567.152 -553.944 -531.323 -529.287 -520.248 -501.793 -497.44 -496.365 -510.391 -519.711 -501.231 -483.157 -470.011 -456 -445.701 -433.062 -397.571 -399.931 76.7367 136.672 63.9041 11.9566 -13.7941 -24.4783 -35.5613 -234.502 -139.857 0.278417 79.7846 192.68 257.495 314.343 388.993 472.286 542.642 638.634 663.67 734.514 765.839 822.834 949.06 1359.24 1577.38 1749.42 1904.28 2061.85 2206.07 2383.86 2554.28 2493.85 2430.45 2399.83 2453.82 2430.03 2481.93 2544.01 2580.38 2636.97 2691 2744.59 2813.67 2889.5 2950.07 3046.05 3184.74 3079.11 2963.69 2841.36 2740.2 2610.31 2402.03 2091.09 1875.48 1861.3 1858.03 1832.97 1825.16 1814.02 1800.21 1801.85 1808.21 1797.91 1798.36 1816.12 1816.12 1812.11 1813.05 1824 1825.56 1833.48 1886.99 1905.67 1899.86 1948.46 1928.37 2299.13 2504.37 2636.23 2743.01 2852.69 2955.36 3041.45 3132.77 3011.01 2892.99 2810.91 2748.07 2659.4 2608.23 2591.45 2562.34 2541.77 2521.06 2479.94 2473.01 2442.47 2435.47 2460.42 2509.99 2359.74 2235.28 2115.91 1910.83 1721.53 1530.55 1245.11 864.293 855.786 776.705 723.532 615.372 575.23 510.792 433.773 304.763 235.689 153.042 49.3327 -116.928 -246.075 -203.246 8.51492 17.3337 49.3237 78.6523 136.596 230.536 -29.3012 -361.767 -377.689 -410.061 -429.571 -457.334 -462.839 -482.535 -495.393 -497.397 -507.155 -500.381 -493.104 -505.624 -511.309 -518.35 -527.846 -546.522 -550.732 -572.792 -563.836 -562.113 -540.646 -522.62 -501.757 -469.763 -425.454 -477.433 -553.351 -568.395 -590.986 -616.165 -553.793 -301.774 -105.909 -7.82839 
55.3018 -109.223 -223.876 -479.633 -661.878 -656.409 -610.219 -579.439 -526.318 -464.274 -459.721 -491.164 -538.083 -565.048 -584.029 -588.971 -595.951 -588.969 -571.432 -548.673 -545.377 -535.646 -516.949 -511.93 -510.499 -522.75 -530.08 -510.113 -492.098 -478.397 -463.973 -452.383 -440.195 -409.371 -414.435 51.3363 109.98 38.0149 -18.0189 -54.2482 -65.889 -69.0931 -265.807 -172.325 -26.4032 50.2051 163.014 228.904 287.381 364.781 449.135 523.082 627.547 652.776 730.465 763.855 812.885 1032.22 1481.37 1694.81 1874.32 2026.77 2191.12 2350.63 2499.7 2442.22 2413.19 2356.06 2331.26 2383.62 2359.06 2413.17 2476.07 2513.84 2572.05 2623.48 2684.37 2753.59 2826.8 2886.46 2976.87 3079.11 3234.7 3113.2 2982.34 2879.63 2749.85 2537.96 2228.6 1888.59 1883.28 1882.01 1855.23 1847.6 1837.59 1823.04 1825.82 1830.39 1821.85 1819.92 1836.38 1837.9 1832.63 1834.42 1844.11 1846.32 1854 1906.42 1925.24 1917.87 1965.15 1962.52 2437 2635.03 2773.44 2880.67 2985.75 3100.31 3206.6 3049.22 2940.56 2831.68 2750.21 2684.51 2596.59 2543.45 2521.25 2495.45 2474.02 2453.68 2411.33 2404.77 2370.93 2360.9 2382.06 2401.76 2458.58 2380.48 2242.61 2032.31 1842.35 1645.78 1362.91 850.339 849.95 763.718 710.241 596.856 552.337 484.272 408.205 276.543 204.993 124.917 23.7445 -146.897 -274.675 -232.593 -29.0999 -23.7879 16.6527 51.2812 109.134 203.819 -48.5488 -375.228 -389.974 -417.465 -437.011 -463.609 -470.846 -489.285 -504.677 -507.267 -517.596 -511.187 -507.566 -520.683 -526.74 -534.341 -544.541 -564.035 -567.909 -592.909 -586.295 -587.01 -570.086 -550.497 -527.325 -491.887 -454.731 -501.579 -578.081 -600.39 -626.525 -652.466 -624.448 -362.175 -160.117 -53.5229 
-11.0015 -179.579 -304.354 -567.607 -719.247 -713.657 -667.382 -638.88 -579.075 -516.124 -510.187 -537.666 -585.017 -615.294 -629.3 -633.207 -635.273 -625.445 -606.198 -581.333 -576.957 -565.313 -544.913 -538.688 -535.83 -543.301 -549.643 -528.888 -509.932 -495.454 -480.088 -467.551 -454.371 -433.229 -437.679 15.9217 90.8036 14.8505 -38.1883 -73.541 -91.7064 -99.4462 -310.876 -219.554 -74.616 10.7994 115.124 179.659 237.31 316.866 405.049 476.322 578.429 602.695 674.23 706.662 748.791 1121.57 1595.83 1815.55 1997.62 2160.6 2342.75 2487.96 2354.6 2321.43 2295.57 2248.08 2225.29 2276.84 2251.55 2306.76 2367.62 2408.35 2465.25 2517.16 2578.84 2648.3 2718.21 2782.21 2866.9 2963.69 3113.2 3295.79 3172.32 3052.44 2929.92 2714.02 2408.99 1894.46 1904.13 1903.85 1878.74 1870.38 1861.62 1847.6 1848.98 1853.82 1845.89 1844.28 1859.05 1860.45 1854.06 1857.04 1864.87 1868.38 1875.72 1923.06 1942.79 1933.68 1977.46 1998.85 2609.56 2810.11 2954.43 3059.6 3161.05 3285.11 3117.8 2950.4 2849.1 2747.09 2661.41 2590.88 2498.16 2441.66 2418.27 2390.36 2367.29 2345.95 2302.99 2294.71 2262.35 2253.21 2265.36 2279.41 2304.41 2497.17 2396.34 2163.29 1958.07 1764.55 1474.27 780.127 793.407 708.849 659.496 548.829 507.525 436.153 357.501 227.571 161.111 84.6317 -19.9748 -195.117 -320.966 -260.035 -56.4958 -42.4181 -6.19281 34.2774 87.6358 183.961 -80.2496 -397.326 -413.52 -433.188 -451.538 -479.079 -487.268 -506.897 -522.896 -526.235 -537.277 -531.696 -533.613 -547.811 -555.59 -564.751 -576.458 -597.386 -603.86 -632.094 -627.823 -631.78 -615.964 -601.56 -574.51 -539.968 -510.476 -557.631 -633.699 -660.379 -685.579 -714.608 -708.5 -444.455 -233.839 -116.908 
-73.4789 -257.011 -385.624 -658.82 -777.173 -767.256 -711.953 -691.472 -623.805 -567.961 -554.359 -579.346 -629.66 -657.794 -669.966 -672.915 -672.352 -657.927 -637.734 -612.495 -607.286 -594.334 -574.192 -568.109 -564.064 -565.765 -572.367 -552.004 -533.412 -518.771 -502.946 -490.261 -476.954 -458.869 -462.069 -17.619 83.0483 3.90472 -56.3335 -91.1601 -109.384 -117.498 -362.523 -277.39 -132.819 -44.0368 65.9505 133.514 195.005 274.012 361.031 429.828 528.195 554.512 630.647 664.087 695.561 1199.17 1724.57 1948.76 2127.08 2311.92 2461.55 2312.07 2198.43 2170.28 2151.15 2100.83 2080.94 2132.68 2113.71 2170.59 2232.7 2276.65 2330.12 2384.87 2451.74 2522.38 2590.89 2659.09 2748.61 2841.36 2982.34 3172.32 3375.45 3252.53 3121.11 2915.81 2610.44 1911.76 1937.45 1938.93 1915.56 1906.9 1899.32 1886.17 1886.29 1891.19 1884.51 1882.11 1894.29 1895.4 1887.71 1892.21 1898.23 1903.33 1909.75 1949.25 1970.68 1959.68 1998.34 2040.15 2794.05 3002.29 3145.09 3257.48 3367.7 3211.37 3005.4 2847.7 2754.52 2645.36 2552.06 2474.65 2374 2313.65 2288.83 2258.32 2230.04 2206.87 2162.35 2149.22 2117.92 2106.1 2122.27 2131.22 2152.86 2314.81 2467.43 2316.37 2093.16 1899.4 1600.7 727.492 753.922 662.944 611.114 500.934 462.826 394.052 317.888 179.843 108.347 28.8829 -74.4989 -255.861 -380.98 -284.316 -74.331 -59.8704 -22.7149 19.5825 78.6579 172.833 -114.68 -420.249 -439.258 -456.444 -474.293 -501.989 -510.448 -530.509 -546.131 -549.238 -559.979 -557.086 -562.491 -576.66 -584.878 -594.462 -606.515 -628.428 -636.022 -665.205 -664.971 -670.727 -656.513 -645.284 -615.037 -579.794 -558.79 -610.616 -679.399 -710.783 -739.773 -772.037 -749.596 -535.363 -313.582 -181.963 
-116.306 -311.425 -455.116 -677.487 -798.961 -785.515 -726.959 -703.951 -635.226 -580.63 -565.425 -591.462 -642.8 -674.742 -685.936 -685.805 -684.47 -666.497 -646.968 -622.571 -617.826 -605.122 -585.25 -579.325 -574.265 -573.848 -579.353 -559.281 -540.971 -526.682 -511.343 -498.97 -485.933 -468.182 -471.835 -27.7588 80.9982 0.267739 -59.535 -94.627 -113.095 -122.754 -379.022 -292.865 -143.855 -51.8781 56.3577 124.057 184.178 264.293 350.611 417.897 514.735 541.683 617.375 650.283 678.678 1244.61 1835.35 2065.72 2271.62 2419.49 2334.74 2186.05 2094.29 2070.54 2057.17 2008.65 1985.59 2037.75 2016.4 2076.79 2142.16 2183.8 2231.56 2285.4 2353.67 2428.2 2494.41 2559.52 2647.39 2740.2 2879.63 3052.44 3252.53 3400.79 3276.35 3057.78 2740 1929.5 1962.09 1964.86 1941.55 1932.81 1925.34 1912.55 1911.84 1916.96 1910.49 1906.98 1916.65 1918.11 1910.1 1915.01 1920.02 1925.77 1932.54 1968.8 1989.72 1977.54 2012.9 2041.46 2927.95 3137.45 3297.57 3415.3 3324.46 3090.26 2904.1 2751.84 2660.52 2554.04 2462.75 2386.86 2282.99 2223.92 2195.45 2164.11 2137.5 2113.11 2070.44 2061.62 2030.63 2013.78 2025.77 2030.72 2052.32 2193.57 2326.46 2423.65 2239.93 2017.29 1720.63 706.804 742.489 650.019 597.94 486.96 449.479 380.318 305.896 171.272 98.457 19.9982 -83.6427 -270.967 -396.419 -294.509 -79.9963 -63.3588 -26.4197 15.4698 75.4469 170.893 -126.821 -430.264 -448.734 -465.603 -483.197 -510.641 -518.675 -538.245 -553.599 -556.459 -566.409 -564.243 -574.209 -588.018 -595.784 -605.557 -616.881 -638.636 -645.267 -674.037 -674.668 -683.995 -671.559 -663.63 -630.726 -591.938 -573.659 -619.758 -692.843 -725.388 -757.659 -791.049 -771.111 -604.062 -370.891 -230.533 
-156.267 -374.004 -537.652 -675.658 -803.04 -781.149 -725.809 -693.655 -626.281 -570.745 -549.625 -574.946 -623.554 -654.743 -663.411 -658.779 -655.437 -639.374 -619.881 -595.692 -591.029 -578.826 -559.412 -553.879 -549.014 -544.008 -547.12 -528.253 -511.106 -497.557 -483.183 -472.085 -459.987 -443.053 -451.667 -8.63382 118.984 40.1389 -22.3042 -66.0553 -86.9316 -98.5003 -371.725 -291.448 -146.763 -59.8172 46.8079 113.132 173.297 256.128 345.732 417.465 519.587 546.741 623.319 655.436 676.162 1248.85 1962.95 2229.6 2367.47 2319.38 2193.18 2057.94 1958.89 1937.82 1927.4 1872.16 1851.98 1903.72 1882.34 1942.92 2007.77 2051.43 2098.45 2152.1 2223.21 2295.7 2364.16 2432.28 2517.79 2610.31 2749.85 2929.92 3121.11 3276.35 3443.63 3234.58 2808.64 1959.09 1995.19 1999.26 1975.38 1965.52 1962.58 1947.05 1947.52 1949.77 1947.43 1940.83 1950.16 1954.33 1945.19 1951.64 1954.16 1961.58 1966.93 1998.58 2020.1 2010.38 2043.2 2061.75 3070.28 3316.64 3464.92 3385.88 3194.88 2980.66 2795.83 2641.3 2550.16 2444.31 2347.55 2268.12 2163.75 2095.1 2066.19 2032.78 2005.82 1977.9 1939.39 1927.93 1897.35 1877.16 1890.42 1895.14 1912.94 2059.55 2188.68 2255.19 2340.54 2173.64 1826.84 697.942 743.573 650.279 600.733 488.415 447.01 374.06 296.631 158.829 86.4389 11.1379 -84.8003 -273.37 -395.147 -268.524 -55.8418 -35.9407 4.24023 54.5273 111.212 204.951 -105.392 -413.036 -424.29 -440.345 -456.932 -483.713 -490.466 -508.823 -523.469 -524.767 -533.769 -533.425 -548.981 -562.335 -570.008 -579.093 -589.761 -611.174 -618.241 -646.254 -647.369 -658.902 -650.569 -643.465 -613.877 -575.301 -561.362 -608.843 -684.869 -719.601 -759.838 -793.231 -774.018 -608.673 -443.839 -278.432 
-185.449 -434.018 -489.915 -619.444 -754.935 -723.776 -665.853 -636.963 -571.212 -516.799 -487.658 -510.799 -556.524 -589.429 -595.573 -588.693 -586.429 -572.46 -556.797 -535.411 -532.399 -522.172 -504.881 -501.407 -497.286 -491.817 -487.074 -470.727 -456.36 -444.597 -432.442 -423.692 -413.673 -398.666 -417.294 24.0444 178.588 97.7626 33.5683 -9.9904 -28.0078 -38.8396 -349.405 -273.892 -129.361 -43.9878 67.3868 127.939 185.963 266.331 353.189 423.946 519.133 547.849 621.628 650.443 666.16 1240.91 2072.07 2226.2 2173.94 2095.65 1979.08 1840.75 1747.29 1732.05 1718.34 1663.49 1637.81 1691.9 1661.59 1720.07 1786.32 1831.07 1882.13 1932.78 2003.06 2086.24 2147.24 2219.54 2305.93 2402.03 2537.96 2714.02 2915.81 3057.78 3234.58 3369.42 2873.35 1996.21 2038.76 2043.78 2020.78 2009.07 2007.15 1991.9 1990.69 1993.1 1991.35 1983.34 1988.14 1992.71 1982.12 1990.35 1990.66 2000.22 2005.54 2028.48 2051.79 2040.58 2066.04 2072.12 3151.95 3398.19 3298.23 3168.55 2995.91 2788.04 2604.34 2456.26 2366.08 2258.42 2156.41 2072.87 1956.92 1885.6 1851.39 1813.79 1786 1757.28 1720.84 1715.53 1686.69 1674.15 1682.25 1689.56 1709.97 1843.9 1980.75 2039.96 2099.09 2204.46 1881.15 695.698 748.814 658.191 610.048 499.698 460.754 386.091 308.585 177.832 102.408 27.1108 -61.3537 -261.095 -379.807 -215.863 0.112613 18.3779 55.1821 105.665 162.864 260.523 -73.7478 -382.855 -380.494 -395.283 -409.819 -435.011 -439.391 -455.209 -467.703 -466.076 -478.721 -481.697 -497.548 -508.718 -514.39 -522.247 -529.599 -549.712 -554.528 -579.968 -577.529 -587.521 -586.552 -581.538 -546.522 -504.982 -506.192 -551.285 -623.998 -658.33 -700.36 -739.928 -722.002 -558.542 -467.51 -321.822 
-162.427 -282.813 -269.604 -390.954 -515.368 -471.214 -410.978 -377.124 -311.872 -259.148 -223.22 -241.26 -295.147 -324.623 -327.794 -326.512 -332.649 -328.567 -320.232 -306.297 -309.999 -306.787 -297.16 -301.61 -302.755 -306.18 -306.358 -294.217 -281.337 -274.604 -267.399 -261.591 -256.537 -248.655 -273.262 177.647 332.324 248.626 176.132 131.541 107.137 102.002 -234.575 -164.898 -29.3799 59.5136 164.849 226.116 284.039 361.106 443.834 515.801 610.03 640.278 706.779 733.977 751.932 1428.29 1801.41 1752.99 1748.32 1786.56 1727.04 1573.91 1478.14 1456.14 1433.66 1367.71 1320.33 1369.01 1346.98 1401.91 1463.33 1506.28 1556.22 1604.61 1669.27 1750.01 1824.15 1890.11 1992.38 2091.09 2228.6 2408.99 2610.44 2740 2808.64 2873.35 2985.25 2044.74 2095.97 2103.31 2085.7 2072.21 2069.84 2057.65 2056.34 2058.82 2056.39 2046.19 2048.28 2052.39 2041.45 2049.98 2047.43 2057.34 2061.93 2075.18 2099.39 2087.7 2105.81 2141.32 2988.24 2845.46 2808.7 2781.85 2693.67 2487.46 2295.94 2150.11 2053.17 1933.53 1825.38 1738.1 1633.02 1565.36 1529.61 1491.13 1467.48 1438.9 1408.29 1404.01 1381.59 1376.55 1402.32 1423.11 1447.8 1587.73 1725.5 1793.52 1753.9 1743.95 1840.6 800.57 840.887 755.476 704.166 590.191 554.065 481.884 408.255 276.869 199.859 127.829 36.8261 -156.719 -272.008 -88.4513 138.315 157.03 194.85 250.54 315.486 414.895 69.4864 -240.812 -231.571 -240.356 -249.076 -267.899 -270.213 -281.4 -291.147 -289.394 -297.993 -292.826 -301.168 -304.875 -303.21 -304.92 -304.656 -317.367 -315.745 -332.399 -320.694 -322.497 -316.314 -314.545 -279.974 -235.196 -243.704 -296.417 -358.933 -402.812 -442.493 -494.672 -488.363 -336.454 -258.652 -289.603 
51.5857 112.462 139.826 31.7604 -72.2952 -35.1871 14.8864 61.3095 116.407 182.522 231.159 205.033 156.312 133.184 116.935 101.084 80.5529 69.8495 64.1803 65.6563 50.1011 41.6533 40.6448 24.4665 13.7512 -3.50241 -15.4286 -16.6047 -16.2094 -18.9015 -22.192 -27.018 -32.0422 -35.0944 -59.9255 432.338 606.373 530.52 462.672 419.818 388.447 377.362 8.89565 61.7591 186.66 264.719 357.718 415.893 468.663 539.985 614.802 683.816 771.731 800.92 852.533 873.751 929.764 950.413 909.837 955.347 973.039 1007.82 1050.6 1106.92 1193.59 1274.8 1340.14 1361.46 1391.21 1443.66 1485.43 1542.46 1598.5 1637.74 1688.29 1734.13 1766.04 1804.62 1815.69 1847.12 1869.81 1875.48 1888.59 1894.46 1911.76 1929.5 1959.09 1996.21 2044.74 2196.26 2176.1 2184.55 2168.28 2152.82 2150.34 2139.76 2137.88 2140.48 2138.16 2127.27 2129.63 2132.82 2121.8 2131.27 2127.14 2137.38 2141.18 2151.75 2178.7 2166.61 2184.2 2170.51 2014.5 1976.93 1974.98 1956.76 1931.55 1928.75 1940.68 1925 1928.06 1910.37 1867.77 1795.68 1757.87 1703.87 1665.59 1625.27 1605.57 1577.48 1535.34 1476.05 1442.91 1378.85 1316.92 1241.92 1173.4 1145.12 1106.76 1025.02 971.256 932.865 908.709 1021.85 982.301 909.907 862.48 753.653 724.513 661.794 591.536 459.963 388.624 326.056 248.622 58.2214 -48.4342 161.618 406.79 433.539 469.698 525.37 581.263 671.335 307.435 -42.7938 -23.3317 -21.8023 -20.1035 -29.9759 -22.5674 -21.7204 -21.2486 -6.76063 -3.00131 15.0306 19.6215 26.5759 39.281 47.3157 60.1106 60.1627 73.6847 71.4081 97.1562 111.71 135.065 145.34 170.446 214.838 213.019 153.584 79.0227 36.7817 -3.81492 -46.6037 -53.2766 76.7534 130.151 89.9922 
35.8676 84.9472 110.749 1.45709 -104.28 -67.7146 -16.1951 28.9436 85.012 148.477 201.689 177.663 129.738 106.42 91.2441 76.4595 56.302 46.3851 41.566 43.1674 28.6752 21.0882 20.2862 5.04525 -4.93246 -21.7685 -33.2833 -34.1333 -33.269 -35.7723 -39.0208 -43.8204 -48.6619 -51.4742 -76.1684 408.772 582.196 504.199 434.189 389.644 360.928 348.874 -21.6774 27.0965 147.803 228.87 324.871 382.771 436.096 507.366 583.846 653.251 741.433 771.467 826.177 846.983 899.271 964.156 944.759 983.966 994.958 1026.24 1063.66 1105.44 1179.09 1253.96 1313.37 1328.64 1353.56 1404.74 1442.79 1500.3 1556.74 1597.04 1648.54 1695.08 1730.09 1772.24 1787.39 1821.59 1848.21 1861.3 1883.28 1904.13 1937.45 1962.09 1995.19 2038.76 2095.97 2176.1 2165.41 2174.09 2158.65 2143.44 2141.83 2131.73 2129.37 2132.07 2130.14 2118.86 2117.92 2121.09 2110.1 2119.44 2114.83 2124.71 2128.28 2133.63 2159.98 2147.59 2159.66 2149.51 2053.12 2011.87 2005.28 1983.39 1956.13 1939.88 1936.95 1912.69 1908.05 1883.32 1836.68 1762.83 1719.14 1663.36 1625.23 1584.02 1564.24 1535.66 1493.47 1439.65 1406.86 1346.44 1289.49 1220.02 1156.13 1142.02 1117.18 1048.39 998.84 963.208 945.428 986.587 952.332 878.255 830.948 723.827 693.082 629.976 559.431 427.42 353.972 290.599 210.387 21.6741 -82.7147 136.72 379.717 403.073 441.106 497.404 556.8 647.422 286.355 -59.3713 -39.5429 -38.3189 -36.7954 -46.797 -39.363 -38.5783 -38.5749 -24.2241 -21.024 -3.45349 0.329422 6.7855 18.6521 26.3416 38.7615 37.968 50.3531 46.9177 72.9359 86.6348 108.572 117.221 144.269 187.043 178.197 118.019 47.2867 4.36781 -36.0227 -79.5045 -83.7369 47.1573 102.2 64.0168 
35.7485 84.6651 109.854 2.16724 -103.935 -66.7654 -14.903 30.5634 86.3693 152.911 208.462 184.739 135.726 112.171 97.3378 82.2674 62.3461 52.3558 46.48 47.6987 33.0376 25.9846 25.323 9.83274 0.0498492 -16.987 -28.6736 -29.6056 -28.8144 -31.4721 -34.7776 -39.5099 -44.4233 -47.286 -71.5675 411.134 583.333 505.72 435.174 390.641 358.024 345.331 -30.2296 17.1208 141.289 223.134 318.873 376.644 429.225 500.123 576.199 645.281 733.054 763.26 817.068 837.608 890.21 954.332 934.605 974.992 991.028 1023.13 1061.17 1101.91 1174.63 1247.97 1306.94 1322.38 1348.02 1400.04 1438.28 1496.02 1552.36 1592.02 1644.21 1690.52 1725.18 1766.76 1781.55 1816.52 1843.25 1858.03 1882.01 1903.85 1938.93 1964.86 1999.26 2043.78 2103.31 2184.55 2174.09 2185.92 2171.53 2157.71 2157.21 2148.44 2145.92 2148.57 2147.25 2134.8 2132.86 2135.98 2125.33 2134.74 2128.33 2137.2 2140.2 2141.83 2167.32 2154.28 2164.19 2152.91 2055.24 2013.92 2006.5 1982.79 1953.93 1937.7 1934.22 1908.22 1901.9 1876.66 1830.41 1757.65 1714.6 1658.75 1619.96 1579.69 1559.14 1530.43 1488.36 1434.62 1401.21 1339.89 1282.91 1214.64 1152.92 1140.28 1116.61 1043.45 990.732 954.53 935.821 977.145 943.973 869.886 822.266 715.521 685.874 622.974 553.118 421.769 347.484 284.078 203.729 13.3389 -92.5824 130.703 375.945 404.562 441.739 498.479 558.241 648.977 285.517 -54.7731 -35.4085 -34.0879 -32.5063 -42.4663 -35.0655 -34.1932 -34.1388 -19.5984 -16.3293 1.49731 5.05209 11.6334 23.4607 30.8112 43.3163 42.3335 55.6125 52.6738 79.1825 92.4546 114.389 122.634 149.963 194.352 183.301 122.459 48.8313 6.12505 -35.1353 -78.3205 -83.9839 48.0785 101.861 63.8043 
35.0339 82.9727 113.891 8.85528 -98.0167 -60.5325 -9.13995 36.051 91.8092 157.838 211.056 188.828 141.256 115.65 100.503 86.2102 66.0731 55.376 49.7578 51.0423 36.1367 28.8607 27.6844 11.4069 1.60201 -15.7101 -27.7541 -29.4087 -29.2029 -31.8923 -35.0265 -39.7926 -44.8765 -47.644 -72.8565 383.968 553.442 477.38 404.97 361.338 328.783 315.391 -58.9348 -12.1359 108.423 189.169 286.879 344.588 397.711 468.652 545.272 614.651 703.038 733.215 786.795 807.166 861.438 929.018 913.243 955.735 972.586 1006.84 1044.15 1085.18 1158.99 1230.59 1290.9 1306.13 1331.71 1383.2 1420.93 1478.21 1534.23 1573.6 1623.24 1668.23 1701.41 1742 1755.45 1790.45 1818.29 1832.97 1855.23 1878.74 1915.56 1941.55 1975.38 2020.78 2085.7 2168.28 2158.65 2171.53 2166.81 2152.56 2153.34 2149.24 2147.06 2149.66 2148.12 2136.1 2134.72 2137.54 2126.26 2135.63 2125.88 2132.51 2133.32 2127.6 2152.75 2137.93 2144.86 2128.37 2031.28 1989.92 1980.49 1958.5 1929.37 1912.28 1908.54 1883.53 1877.57 1853.67 1807.16 1736.09 1694.31 1639.87 1602.19 1561.71 1541.36 1512.8 1471.51 1418.23 1385.02 1324.15 1266.41 1198.83 1136.01 1122.2 1097.33 1024.74 970.751 933.684 913.253 952.16 917.442 843.032 793.652 685.649 655.741 592.842 521.584 390.401 315.717 251.655 170.092 -18.4209 -121.838 99.9062 345.753 374.869 410.733 469.348 529.665 620.105 254.197 -53.6261 -36.2053 -34.6918 -32.9476 -42.794 -35.4411 -34.7367 -34.2108 -19.3569 -15.3874 2.72475 6.49862 13.7107 26.1467 33.9554 46.4034 45.733 58.7823 56.6374 82.8583 96.233 117.836 128.292 154.623 196.952 186.037 127.624 54.1747 12.2564 -29.2384 -72.2817 -77.6222 55.1481 99.8245 62.5289 
34.0415 80.6222 110.459 5.88543 -99.7039 -62.3931 -10.9163 34.6113 90.2401 156.972 212.619 189.23 139.275 112.581 97.3662 82.2642 61.1862 50.3948 44.3156 45.2572 29.9156 22.3946 21.0362 4.58405 -5.37286 -23.3131 -35.7152 -37.7994 -37.8323 -40.9187 -44.5102 -49.7109 -55.1215 -58.1641 -83.1957 370.221 532.728 456.194 383.64 339.693 307.304 290.985 -83.5567 -33.6108 90.068 171.431 269.187 327.352 379.719 450.941 525.723 593.599 680.59 709.88 762.26 782.145 835.179 902.994 887.734 929.989 946.786 979.715 1017.29 1058.91 1132.84 1205.36 1266.02 1282.69 1307.47 1360.38 1399.46 1457.57 1514.6 1555.01 1607.8 1654.71 1690.38 1733.28 1749.69 1783.7 1810.39 1825.16 1847.6 1870.38 1906.9 1932.81 1965.52 2009.07 2072.21 2152.82 2143.44 2157.71 2152.56 2149.61 2153.71 2150.66 2148.62 2151.17 2149.5 2137.08 2135.58 2138.49 2127.57 2136.85 2126.23 2131.23 2131.47 2121.85 2137.55 2122.94 2129.79 2113.6 2018.69 1978.5 1969.59 1947.21 1917.28 1899.62 1895.49 1870.47 1864 1840.01 1792.86 1719.21 1676.05 1620.9 1582.07 1541.89 1520.94 1491.03 1448.49 1393.86 1361.29 1300.01 1241.1 1172.74 1108.62 1095.66 1071.37 999.051 945.966 909.202 887.687 925.327 892.202 818.624 769.619 662.491 633.314 571.57 501.444 372.433 297.851 234.034 151.812 -38.2425 -143.931 73.8697 323.233 352.628 388.928 447.445 508.187 599.143 238.343 -64.9578 -46.9314 -45.08 -43.0142 -52.5779 -44.8393 -43.6211 -42.7259 -27.4712 -23.3673 -4.63329 -0.361935 6.9054 19.5286 27.4165 40.48 40.0609 53.4016 51.4691 78.6221 92.6614 114.773 125.352 152.841 198.405 187.712 126.124 52.5931 10.3808 -31.2862 -74.2389 -80.5356 51.1996 96.9966 60.7575 
33.704 79.8231 108.422 4.09769 -102.876 -65.4416 -14.5257 30.6069 85.7615 152.734 209.107 185.588 135.801 109.208 93.9249 78.5884 57.5038 47.2256 40.9495 41.6754 26.4876 18.6866 17.2836 1.00538 -9.2203 -27.1616 -39.5095 -41.4547 -41.4038 -44.4402 -48.2665 -53.6411 -59.1357 -62.2974 -86.4429 367.491 533.427 458.068 385.88 341.492 309.085 292.874 -85.1162 -37.8445 85.5851 166.637 263.718 321.244 373.71 444.638 520.71 589.515 677.01 707.431 759.82 779.479 832.098 898.81 883.512 925.277 941.299 971.884 1009.67 1051.29 1125.36 1197.69 1258 1273.79 1299.16 1351.72 1391.13 1449.33 1505.92 1545.82 1597.97 1644.16 1678.83 1720.84 1736.28 1771 1798.2 1814.02 1837.59 1861.62 1899.32 1925.34 1962.58 2007.15 2069.84 2150.34 2141.83 2157.21 2153.34 2153.71 2161.13 2159.22 2156.6 2159.2 2158.18 2145.53 2143.33 2146.27 2135.57 2145.1 2132.81 2136.63 2136 2122.87 2135.07 2119.66 2126.36 2110.4 2015.38 1975.75 1967.15 1941.5 1911.39 1893.96 1890.12 1864.32 1857.01 1831.93 1785.13 1711.92 1668.63 1612.94 1574.22 1533.79 1512.63 1482.79 1440.39 1385.8 1352.64 1291.29 1233.1 1164.76 1100.96 1087.96 1064.06 991.33 940.735 904.498 883.644 920.778 887.598 814.08 765.744 659.777 630.207 568.172 496.943 366.739 291.62 228.056 146.961 -42.9643 -148.267 76.6919 325.059 354.61 390.304 449.517 510.035 600.262 234.59 -68.9061 -50.575 -49.1835 -46.9497 -56.4593 -48.4594 -46.9403 -46.4359 -31.0821 -27.1252 -8.34387 -4.10166 3.10759 15.6213 23.7068 37.0685 36.6721 49.9483 47.7981 74.8712 89.1183 111.267 121.622 149.931 194.982 183.155 121.671 48.4152 6.54638 -34.5484 -77.138 -82.4115 50.1471 96.0351 60.1553 
33.6842 79.7761 111.251 8.80985 -97.4833 -59.7063 -8.47704 36.722 92.3821 159.888 215.831 192.488 142.421 115.594 100.336 85.4316 64.5346 53.4728 48.0424 48.9365 33.6109 25.5663 24.3827 8.17264 -2.0792 -20.2148 -32.665 -34.5879 -34.4486 -37.6112 -41.5794 -47.0407 -52.5616 -55.5692 -80.3327 355.955 518.159 442.363 369.013 324.891 292.563 275.809 -100.857 -51.7542 71.5372 152.333 249.247 307.087 359.52 430.107 505.345 573.214 660.223 690.402 742.762 762.293 814.874 881.488 865.933 907.456 923.834 956.945 994.295 1035.93 1109.94 1182.14 1244.6 1259.95 1285.21 1338.01 1377.38 1435.6 1492.23 1531.88 1584.06 1630.38 1665.14 1707.18 1722.57 1757.97 1786.1 1800.21 1823.04 1847.6 1886.17 1912.55 1947.05 1991.9 2057.65 2139.76 2131.73 2148.44 2149.24 2150.66 2159.22 2160.84 2158.12 2160.72 2159.54 2146.95 2144.73 2147.66 2136.98 2146.45 2131.68 2133.65 2131.51 2113.61 2125.17 2108.81 2113.96 2095.42 1999.42 1959.77 1950.12 1927.3 1896.84 1878.87 1874.85 1849.81 1843.95 1817.85 1770.74 1697.8 1654.48 1598.9 1560.28 1519.91 1498.92 1469.01 1426.61 1371.99 1338.77 1277.56 1219.48 1150.26 1085.22 1072.08 1047.91 975.731 922.717 886.731 866.104 903.618 870.7 797.24 748.292 642.714 613.102 551.675 480.981 352.197 277.236 213.858 132.453 -57.1525 -162.514 60.1999 308.114 337.953 372.932 433.5 494.326 585.009 221.169 -61.4748 -44.5132 -42.6081 -40.4283 -49.8422 -41.6955 -40.1441 -39.5081 -24.3078 -20.3587 -1.45425 3.00204 10.2832 22.7586 30.6092 44.2547 43.8511 56.9237 54.8077 81.8494 95.8597 117.803 128.083 156.163 201.841 190.341 128.524 54.6894 12.9188 -28.8151 -71.8427 -77.1914 54.0234 95.9786 60.1198 
33.6048 79.588 112.075 10.2163 -94.7626 -56.71 -5.35764 40.1419 96.1664 163.34 219.668 196.473 146.792 120.477 105.497 91.1561 70.2408 59.0747 52.9767 53.5587 38.0384 29.844 28.1208 11.2889 1.09829 -16.9903 -29.5433 -31.7486 -31.9245 -35.1096 -38.8309 -44.1872 -49.7728 -52.8675 -78.1482 358.464 516.098 440.102 366.246 322.019 289.507 272.481 -103.29 -53.795 69.642 149.578 246.422 304.259 356.653 427.192 502.322 570.244 657.771 687.27 740.522 761.407 815.03 883.113 868.052 910.537 927.426 958.322 996.104 1038.1 1111.96 1182.31 1244.5 1260.63 1285.5 1338.36 1377.63 1435.85 1492.72 1532.61 1585.31 1631.97 1667.18 1709.71 1725.83 1760.95 1788.37 1801.85 1825.82 1848.98 1886.29 1911.84 1947.52 1990.69 2056.34 2137.88 2129.37 2145.92 2147.06 2148.62 2156.6 2158.12 2156.57 2158.65 2157.13 2144.47 2142.99 2145.85 2135.13 2144.28 2130.16 2131.78 2129.38 2112.33 2123.87 2107.73 2112.96 2094.45 1999.2 1959.81 1950.24 1925.35 1895.56 1877.73 1873.84 1847.3 1841.73 1816.96 1769.24 1696.02 1653.54 1598.56 1559.75 1519.87 1499 1469.12 1426.72 1372.2 1339.33 1278.06 1219.33 1150.4 1087.26 1074.26 1049.43 977.125 926.263 889.611 868.507 905.737 872.766 798.567 746.745 639.776 610.466 548.803 477.898 349.243 274.51 211.165 130.154 -59.1565 -164.667 54.4682 304.555 334.444 370.058 430.398 491.984 583.005 221.564 -58.8147 -41.7838 -39.8997 -37.6292 -47.0171 -39.0917 -37.7132 -36.7316 -21.487 -17.1267 1.85299 6.22585 13.9658 26.76 35.083 48.7988 48.3913 62.4132 60.4642 87.5918 101.116 122.715 133.312 159.874 205.648 194.067 132.509 58.0877 15.9865 -25.7462 -69.0232 -76.1853 55.604 95.7523 59.9781 
33.5849 79.541 112.009 7.67216 -97.933 -60.1155 -8.92201 36.875 92.7921 159.525 215.171 191.87 142.237 115.698 100.571 86.5571 66.3067 55.1511 49.5319 50.5886 35.1264 27.171 25.7626 9.29538 -0.755578 -18.8876 -31.2817 -33.3289 -33.4769 -36.6073 -40.3549 -45.6622 -51.1786 -54.1594 -79.4149 361.028 518.468 442.297 368.735 324.529 291.945 275.034 -101.101 -54.8153 68.6393 148.097 244.71 302.494 354.865 425.847 502.103 571.435 659.541 689.612 741.771 761.798 815.213 883.026 868.035 910.414 927.434 961.393 999.279 1040.87 1115.2 1187.49 1248.07 1262.75 1288.96 1342.45 1381.5 1439.87 1496.86 1536.99 1589.74 1636.8 1672.53 1715.55 1730.18 1764.86 1792.72 1808.21 1830.39 1853.82 1891.19 1916.96 1949.77 1993.1 2058.82 2140.48 2132.07 2148.57 2149.66 2151.17 2159.2 2160.72 2158.65 2161.64 2159.73 2147.29 2145.68 2148.46 2137.64 2146.94 2132.68 2134.28 2132.09 2115 2126.44 2110.27 2115.49 2096.98 2001.7 1962.35 1952.57 1930.66 1900.42 1882.42 1878.46 1853.7 1846.55 1820.66 1774.28 1701.73 1658.3 1602.9 1564.09 1523.95 1503.09 1473.27 1430.62 1376.01 1341.74 1280.52 1222.95 1155.07 1090.54 1077.13 1052.67 979.877 925.884 889.393 868.625 905.979 872.939 799.299 748.756 642.049 612.773 550.868 478.836 348.128 272.79 209.379 128.464 -60.1588 -165.778 56.9762 307.152 337.043 372.404 432.959 494.416 585.37 223.289 -59.8557 -42.9632 -41.269 -39.0325 -48.4352 -40.5539 -39.319 -38.3264 -23.0745 -18.8929 -0.0915578 4.30945 11.6791 24.3596 32.2668 45.9046 45.3492 58.464 56.6898 83.4243 96.2648 117.834 128.582 155.167 201.06 190.224 128.523 54.6735 12.5699 -29.2038 -71.8736 -78.7641 54.5054 95.6958 59.9427 
33.4261 79.1649 110.4 7.15839 -101.642 -65.1129 -14.3465 30.3228 85.3806 152.338 208.743 185.338 135.044 109.182 93.6427 78.6795 57.6989 45.988 39.5311 40.1697 24.7604 16.5706 15.0378 -1.30121 -11.6418 -29.7904 -42.2996 -44.2735 -44.3181 -47.5137 -51.5665 -57.1661 -62.8421 -66.0223 -91.0659 350.052 520.206 444.378 371.422 327.103 294.616 278.237 -101.224 -61.6155 61.5927 141.119 236.995 295.351 347.804 419.368 496.681 566.401 654.668 685.463 739.301 758.207 811.219 878.126 863.988 906.205 922.704 954.226 991.947 1033.22 1107.53 1178.74 1240.9 1258.03 1283.87 1336.18 1376.25 1433.44 1490.33 1530.25 1582.64 1628.88 1663.58 1705.6 1720.43 1754.91 1782.77 1797.91 1821.85 1845.89 1884.51 1910.49 1947.43 1991.35 2056.39 2138.16 2130.14 2147.25 2148.12 2149.5 2158.18 2159.54 2157.13 2159.73 2160.17 2147.09 2144.97 2147.82 2137.27 2146.41 2132.37 2134.02 2131.33 2113.5 2125.3 2108.93 2113.89 2094.51 1998.98 1959.64 1949.33 1923.89 1893.44 1875.79 1872.15 1845.68 1838.63 1813.44 1767.15 1694.92 1652.38 1596.56 1558.15 1518.25 1496.44 1466.65 1425.1 1370.45 1337.06 1275.55 1215.56 1147.16 1083.76 1070.98 1047.73 974.781 923.086 885.816 863.381 900.172 866.714 793.852 743.848 637.727 608.068 545.526 472.725 341.758 265.635 202.466 121.705 -67.1367 -170.753 60.7941 310.219 339.845 375.027 435.337 496.395 581.719 213.638 -72.249 -55.0169 -53.013 -50.6453 -59.9156 -51.7082 -49.9696 -49.3363 -33.9706 -29.8008 -10.9293 -6.44894 0.853166 13.483 21.7171 35.455 35.1834 48.619 47.4299 75.0094 89.0749 110.883 120.979 148.553 194.67 182.706 121.111 48.068 7.05698 -34.3222 -76.6316 -79.5358 53.8375 95.2433 59.6593 
33.2475 78.7418 109.812 5.48744 -103.045 -66.0232 -15.642 28.7048 83.4893 149.904 203.613 180.354 132.396 106.486 90.6677 75.9165 54.8907 43.7908 38.2814 39.1024 23.7839 15.9655 14.7839 -1.33857 -11.8543 -29.7864 -42.1514 -44.1501 -44.2192 -47.4956 -51.483 -56.9943 -62.5948 -65.6796 -90.6219 348.187 517.927 441.417 369.146 324.75 292.349 275.802 -99.0421 -58.1746 61.7695 140.626 236.93 294.181 346.861 418.484 495.924 565.311 652.741 683.34 737.34 756.178 808.484 874.712 861.165 903.16 920.248 955.316 993.805 1035.78 1110.24 1182.71 1243.6 1259.32 1284.87 1336.7 1376.69 1434.02 1490.43 1530.05 1582.13 1628.34 1662.78 1704.37 1719.91 1754.45 1782.63 1798.36 1819.92 1844.28 1882.11 1906.98 1940.83 1983.34 2046.19 2127.27 2118.86 2134.8 2136.1 2137.08 2145.53 2146.95 2144.47 2147.29 2147.09 2135.75 2134.3 2137.25 2126.36 2135.46 2121.76 2123.41 2120.55 2104.3 2116.64 2100.25 2106.88 2087.48 1993.51 1954.16 1944.84 1923.18 1892.66 1875 1871.18 1846.67 1838.87 1812.71 1766.35 1694.33 1651.73 1596.09 1558.16 1518.28 1497.08 1467.45 1425.6 1370.97 1338.25 1277.35 1218.42 1150.78 1085.79 1072.45 1047.7 973.895 919.07 882.221 859.989 896.31 863.099 790.625 741.454 636.064 606.214 544.917 471.661 340.67 264.861 201.783 121.599 -65.3982 -167.381 60.6426 307.974 337.613 372.61 433.011 493.626 579.107 213.415 -72.2412 -54.7274 -52.6639 -50.37 -59.7739 -51.6212 -49.9899 -49.1771 -33.7557 -29.6709 -11.0835 -6.44535 0.81093 13.1709 21.2456 34.3725 34.2519 47.3825 44.6621 72.1759 86.4253 108.152 118.374 146.187 188.842 180.204 118.763 46.4554 5.21796 -35.2902 -77.9334 -80.3687 52.1514 94.7343 59.3405 
34.0018 80.5282 113.383 9.71176 -99.0697 -62.6462 -11.5627 33.6353 88.9136 155.291 204.841 180.903 132.415 106.369 90.4946 75.9104 55.2227 42.7184 36.6772 37.8044 22.162 14.1038 12.7268 -3.98595 -14.8293 -32.5149 -44.8051 -46.7692 -46.8717 -49.9594 -53.4073 -58.5756 -64.0085 -66.9338 -92.4527 345.707 514.187 437.578 364.161 319.586 287.1 270.384 -102.173 -56.4151 64.4143 142.726 238.319 295.661 348.057 420.533 497.712 567.172 656.402 685.816 739.065 759.109 811.946 879.5 865.902 909.276 927.826 963.265 1001.72 1044.42 1119.35 1193.43 1256.12 1274.08 1300.81 1352.8 1392.39 1449.94 1506.63 1546.75 1599.02 1645.51 1681.33 1723.9 1739.4 1774.51 1801.89 1816.12 1836.38 1859.05 1894.29 1916.65 1950.16 1988.14 2048.28 2129.63 2117.92 2132.86 2134.72 2135.58 2143.33 2144.73 2142.99 2145.68 2144.97 2134.3 2137.31 2139.77 2128.83 2137.9 2124.53 2126.01 2122.88 2111.45 2124.36 2108.05 2119.96 2100.51 2007.34 1967.34 1960.36 1939.45 1909.88 1892.44 1888.53 1864 1857.97 1832.92 1785.26 1711.96 1668.35 1612.62 1574.2 1534.29 1513.11 1483.39 1441.39 1385.58 1352.53 1291.35 1230.31 1161.09 1094.54 1079.83 1054.43 980.484 924.835 887.232 864.823 902.539 868.914 795.481 745.916 638.635 609.019 547.36 472.847 341.921 266.902 203.15 123.534 -63.3827 -166.259 52.6144 302.453 332.324 367.837 428.22 489.785 575.767 208.747 -73.1654 -55.8732 -54.0449 -51.9312 -61.4543 -53.7535 -52.672 -51.7346 -36.5809 -32.2966 -13.9545 -8.75254 -1.44681 11.2555 19.9549 32.4958 32.6954 46.4831 45.1617 72.3375 86.531 108.362 119.466 146.116 188.6 186.115 124.247 51.5686 10.1407 -31.6939 -74.382 -76.7737 56.304 96.8835 60.6867 
33.6643 79.729 112.271 10.5823 -100.739 -64.0615 -13.353 31.4651 86.3546 153.208 202.028 177.257 129.122 104.875 88.7467 74.3853 54.3493 42.4788 36.5725 37.7102 22.0406 14.1445 12.8939 -3.36864 -14.2697 -31.8056 -43.9964 -45.6557 -45.7849 -48.9431 -52.641 -57.8474 -63.3192 -66.2782 -91.3632 347.318 521.178 445.457 372.155 327.586 295.263 279.036 -100.838 -51.5735 68.3335 147.315 240.123 297.016 349.445 421.713 497.899 565.998 653.124 681.946 735.81 755.101 808.363 876.658 863.755 907.684 924.917 958.756 999.329 1044.09 1120.19 1193.91 1257.91 1273.54 1300.64 1352.99 1392.55 1450.06 1507.12 1547.74 1599.94 1646.43 1682.17 1724.28 1738.91 1773.36 1801.94 1816.12 1837.9 1860.45 1895.4 1918.11 1954.33 1992.71 2052.39 2132.82 2121.09 2135.98 2137.54 2138.49 2146.27 2147.66 2145.85 2148.46 2147.82 2137.25 2139.77 2143.82 2132.11 2141.07 2127.57 2129.09 2125.69 2114.51 2127.42 2111.34 2123.32 2104.16 2011.76 1971.84 1965.18 1941.33 1913.04 1895.61 1892.13 1866.03 1860.43 1834.53 1787.23 1714.13 1670.36 1614.29 1575.59 1535.61 1513.51 1483.64 1441.8 1385.77 1352.04 1290.62 1231.99 1162.97 1097.39 1083.05 1056.61 979.809 925.584 886.814 862.478 899.378 866.134 792.601 742.815 634.746 605.645 545.399 471.753 342.906 268.229 205.74 128.04 -58.8633 -161.329 55.9944 310.687 340.592 376.002 436.157 497.366 582.795 208.471 -71.7369 -54.969 -53.3393 -51.2285 -60.6724 -52.8762 -51.5942 -50.6507 -35.6088 -31.2957 -13.1626 -8.10533 -0.998392 11.5592 20.0291 32.3305 32.5327 46.2609 44.4907 71.079 84.6513 106.52 116.279 142.401 185.604 183.759 122.382 49.2199 8.32643 -33.2326 -75.7785 -78.2024 56.1007 95.922 60.0844 
33.6445 79.682 111.12 8.66633 -99.2763 -62.3363 -11.6812 33.0676 88.0959 155.182 204.31 179.207 131.692 108.488 92.7406 78.4245 58.2143 46.0225 39.208 39.9361 24.1186 15.9036 14.6412 -1.48279 -12.7819 -30.4618 -42.7097 -44.2361 -44.2016 -47.4157 -51.3107 -56.7044 -62.323 -65.4746 -90.3786 347.933 515.794 439.451 366.283 321.97 289.545 272.755 -96.322 -49.1817 73.0343 147.915 241.732 299.166 351.531 423.936 500.7 569.691 656.874 686.474 740.165 759.93 811.841 878.657 865.311 908.129 926.035 959.294 998.906 1042.99 1118.13 1192.84 1256.7 1272.69 1299.26 1352 1391.64 1449.52 1506.55 1546.15 1598.58 1644.35 1678.47 1719.95 1735.26 1770.76 1799.2 1812.11 1832.63 1854.06 1887.71 1910.1 1945.19 1982.12 2041.45 2121.8 2110.1 2125.33 2126.26 2127.57 2135.57 2136.98 2135.13 2137.64 2137.27 2126.36 2128.83 2132.11 2122.31 2130.5 2116.7 2118.17 2115.45 2104.55 2116.55 2100.5 2112.81 2094.03 2001.24 1961.7 1955.24 1932.29 1903.8 1886.31 1882.86 1858.43 1853.39 1826.54 1780.42 1708.71 1666.64 1611.91 1573.88 1534.27 1512.76 1482.79 1440.38 1384.54 1351.06 1289.4 1231.02 1160.98 1093.87 1078.9 1052.56 978.149 924.37 886.762 863.255 900.112 866.708 793.946 745.484 639.26 609.802 549.394 475.721 345.574 270.293 207.345 131.044 -54.75 -158.953 56.0652 305.219 334.744 370.017 430.19 491.487 577.457 212.241 -71.7427 -54.3545 -52.4072 -50.1393 -59.5176 -51.4639 -49.8734 -49.2455 -34.2064 -29.9312 -11.8207 -6.47902 0.448618 13.1337 21.7959 34.6373 34.7971 49.1308 48.0731 75.0322 88.7544 110.257 120.213 144.207 187.981 185.649 123.848 50.9464 9.65364 -31.4389 -74.7143 -77.4898 54.6454 95.8655 60.049 
34.0018 80.5282 112.298 11.2997 -97.7129 -60.6512 -9.46216 36.1479 91.6473 159.15 208.098 182.858 133.671 108.902 92.982 78.4983 58.1423 46.8089 40.5315 41.8145 26.1771 17.7621 16.8374 0.737663 -10.4072 -28.0928 -40.1569 -41.538 -41.3441 -44.4016 -48.3169 -53.656 -59.1291 -62.0092 -86.5381 347.863 520.599 444.493 371.432 326.938 294.628 278.072 -94.1226 -44.993 77.8968 154.525 249.922 307.495 359.851 432.187 508.043 576.127 664.537 693.469 746.758 766.45 818.016 884.274 868.656 911.879 929.142 962.798 1002.39 1045.82 1120.88 1194.75 1258.49 1274.39 1301.01 1353.36 1393.28 1450.87 1507.55 1547.15 1599.16 1645.08 1679.44 1721.25 1736.81 1771.3 1799.63 1813.05 1834.42 1857.04 1892.21 1915.01 1951.64 1990.35 2049.98 2131.27 2119.44 2134.74 2135.63 2136.85 2145.1 2146.45 2144.28 2146.94 2146.41 2135.46 2137.9 2141.07 2130.5 2140.13 2125.57 2127.19 2124.69 2113.19 2125.58 2109.54 2121.83 2102.9 2009.23 1969.31 1962.54 1938.95 1909.9 1892.57 1889.06 1863.75 1858.69 1832.64 1785.96 1712.92 1669.57 1613.83 1575.44 1535.62 1514 1484.36 1442.26 1386.06 1352.87 1291.28 1232.69 1162.95 1096.49 1081.68 1056.41 981.243 927.563 890.308 867.979 906.042 872.667 799.561 751.941 646.565 616.813 555.24 482.259 353.348 278.535 214.778 137.564 -50.5736 -154.772 62.0013 310.373 340.153 375.264 435.637 496.609 581.928 213.591 -67.7735 -50.6471 -49.0901 -46.9815 -56.4593 -48.447 -46.9182 -46.418 -31.5156 -27.6534 -9.45706 -4.31535 2.60344 15.2756 23.4423 36.5309 36.5798 49.9756 48.4079 75.1365 89.0134 110.829 121.858 147.206 191.912 189.793 127.649 54.2269 12.3518 -29.6889 -72.9598 -74.9295 56.2437 96.8835 60.6867 
34.1804 80.9513 111.078 7.37769 -103.18 -66.9318 -16.222 28.5348 83.8602 150.916 200.66 175.772 127.796 103.569 87.3188 72.8995 52.463 41.0865 35.6253 37.0577 21.6611 13.3521 12.1114 -4.33553 -15.1696 -32.569 -44.6016 -46.1438 -46.0812 -48.9724 -52.4958 -57.6871 -62.9944 -66.0152 -91.1229 360.607 535.808 458.981 386.894 341.643 309.107 292.854 -79.7617 -36.1273 84.4385 161.637 255.978 313.796 366.327 438.583 514.629 582.589 670.721 700.1 753.376 772.57 826.169 894.904 880.066 923.522 940.654 974.511 1013.35 1057.4 1132.62 1206.16 1266.1 1282.44 1309.85 1361.73 1402.11 1458.96 1516.09 1555.28 1607.4 1653.57 1688.99 1730.99 1745.61 1780.28 1809.02 1824 1844.11 1864.87 1898.23 1920.02 1954.16 1990.66 2047.43 2127.14 2114.83 2128.33 2125.88 2126.23 2132.81 2131.68 2130.16 2132.68 2132.37 2121.76 2124.53 2127.57 2116.7 2125.57 2116 2118.04 2115.39 2108.55 2122.45 2107.27 2120.48 2103.8 2011.16 1971.3 1964.09 1941.48 1913.47 1896.59 1893.61 1868.56 1861.54 1835.45 1788.46 1716.88 1674.78 1619.66 1581.72 1542.96 1521.79 1492.57 1450.69 1394.71 1361.13 1299.52 1240.61 1173.19 1107.41 1092.53 1065.58 992.119 938.715 901.736 880.216 918.864 884.599 811.351 761.939 652.539 623.094 561.617 488.483 359.517 285.189 222.005 142.987 -42.6136 -144.39 74.2583 324.618 354.164 391.209 449.844 511.314 591.836 225.412 -72.4949 -54.7959 -53.007 -50.9453 -60.5407 -52.8355 -51.6969 -50.9742 -36.1325 -31.9944 -13.9511 -9.05764 -1.77141 10.6631 19.1852 31.8647 31.7827 45.0763 42.9245 69.357 83.1204 104.968 115.412 141.175 184.262 181.768 120.038 46.4978 5.15563 -35.8968 -78.7786 -79.4382 52.779 97.3925 61.0055 
34.2796 81.1864 111.244 6.6209 -105.047 -69.0453 -18.2594 26.0652 81.2593 148.219 197.441 172.349 123.72 99.3946 82.9979 68.3519 48.314 35.8253 29.7339 30.7825 15.2008 6.83289 5.70131 -10.4884 -21.3475 -38.7806 -50.8542 -52.4228 -52.274 -55.3833 -58.9716 -64.0857 -69.4629 -72.5104 -97.7141 358.297 540.906 464.54 392.574 347.909 315.348 299.86 -75.5477 -33.9407 87.0299 165.295 259.942 317.515 369.952 442.441 519.122 588.232 675.744 705.633 758.855 778.295 831.041 898.546 882.923 926.177 942.767 976.199 1015.02 1058.72 1133.7 1207.57 1269.01 1285.73 1312.61 1364.06 1404.13 1460.94 1517.37 1556.96 1608.73 1654.73 1690.35 1732.56 1747.64 1782.78 1811.72 1825.56 1846.32 1868.38 1903.33 1925.77 1961.58 2000.22 2057.34 2137.38 2124.71 2137.2 2132.51 2131.23 2136.63 2133.65 2131.78 2134.28 2134.02 2123.41 2126.01 2129.09 2118.17 2127.19 2118.04 2123.33 2121.75 2116.54 2131.58 2116.53 2130.14 2113.16 2020.5 1979.9 1973.17 1949.85 1921.29 1904.73 1901.41 1876.28 1870.58 1844.26 1796.34 1722.55 1679.24 1623.18 1584.56 1544.77 1523.66 1494.4 1453.01 1396.99 1364.27 1303.16 1243.55 1174.44 1108.92 1094.18 1067.67 993.641 940.911 904.025 883.383 921.985 887.793 814.654 766.652 658.023 628.775 568.032 494.659 363.566 289.053 225.609 147.393 -40.2505 -141.98 82.9645 331.57 361.018 397.28 455.772 516.47 598.003 226.915 -79.0185 -61.1599 -59.4265 -57.4065 -66.9528 -59.2384 -58.0647 -57.2111 -42.401 -38.3396 -20.2032 -15.2947 -8.22756 4.28322 12.7235 25.5465 25.6212 39.727 37.8363 65.1439 78.7504 100.902 111.321 137.549 181.008 179.141 117.496 44.0012 2.83616 -38.0207 -81.1145 -80.1821 53.1262 97.6753 61.1827 
34.0018 80.5282 108.76 3.25447 -105.607 -68.8321 -18.1004 26.5951 81.7226 148.211 197.173 171.371 121.762 96.9421 80.6856 65.8149 45.489 34.442 29.039 30.4326 14.8253 6.4455 5.35497 -10.7096 -21.8595 -39.4847 -51.5136 -52.93 -52.7411 -55.7081 -59.5229 -64.8771 -70.2245 -73.3559 -97.8849 361.154 538.966 461.729 390.307 346.275 313.754 297.821 -70.9518 -25.39 97.9872 174.601 270.737 328.998 381.273 453.649 529.983 599.177 687.844 716.811 770.346 790.521 841.765 908.425 893.625 935.813 953.338 987.335 1026.31 1069.69 1144.41 1219.23 1279.09 1294.84 1321.84 1374.09 1414.06 1470.89 1527.31 1566.86 1618.48 1664.31 1697.72 1739.18 1754.48 1789.77 1817.81 1833.48 1854 1875.72 1909.75 1932.54 1966.93 2005.54 2061.93 2141.18 2128.28 2140.2 2133.32 2131.47 2136 2131.51 2129.38 2132.09 2131.33 2120.55 2122.88 2125.69 2115.45 2124.69 2115.39 2121.75 2123.01 2119.36 2133.63 2119.25 2133.49 2117.26 2025.21 1984.9 1979.03 1957.27 1928.5 1911.56 1907.98 1883.61 1876.26 1850.03 1803.32 1730.81 1688.62 1633.18 1595.01 1554.95 1533.79 1504.51 1462.85 1406.56 1373.39 1312 1253.72 1185.52 1119.36 1104.38 1078.29 1004.31 950.453 913.85 892.462 929.555 895.868 823.034 776.399 670.123 640.697 578.501 505.862 374.555 300.485 236.15 158.092 -30.0962 -134.395 84.2375 330.086 359.409 395.465 453.818 513.725 598.913 233.933 -80.4217 -61.9486 -60.2409 -58.1121 -67.6754 -59.6832 -58.3051 -57.805 -42.8674 -39.0453 -20.844 -15.7174 -8.84379 3.72281 12.1358 25.149 25.0421 38.463 36.0109 62.3475 76.3401 98.6134 109.964 135.809 180.771 178.562 117.202 44.5083 2.69852 -37.8798 -80.7789 -82.4169 49.6306 96.8835 60.6867 
35.3912 83.8189 108.636 -0.385729 -107.368 -72.0585 -20.8908 23.7594 79.0691 146.229 185.267 157.233 108.451 84.8629 67.9506 52.4448 33.0312 20.7654 14.4179 15.961 0.0896482 -8.54721 -8.94854 -24.9757 -36.9278 -53.9742 -65.6033 -66.3488 -65.7273 -68.4963 -71.9121 -76.7291 -81.7781 -84.7966 -109.358 376.214 551.232 473.442 403.632 358.744 326.303 310.316 -43.253 9.52508 134.075 209.885 304.215 362.822 415.207 489.018 565.303 634.524 724.29 752.215 806.906 829.571 881.01 948.534 933.25 976.72 996.819 1034.17 1075.85 1122.09 1198.05 1277.07 1338.63 1355.33 1384.42 1437.93 1477.63 1535.11 1591.85 1630.64 1681.3 1726.21 1758.3 1799.1 1812.82 1846.1 1874.1 1886.99 1906.42 1923.06 1949.25 1968.8 1998.58 2028.48 2075.18 2151.75 2133.63 2141.83 2127.6 2121.85 2122.87 2113.61 2112.33 2115 2113.5 2104.3 2111.45 2114.51 2104.55 2113.19 2108.55 2116.54 2119.36 2132.95 2150.12 2137.92 2162.61 2152.96 2062.47 2021.57 2020.6 2002.26 1975.81 1959.78 1956.42 1930.99 1926.34 1902.64 1858.55 1788.88 1748.45 1695.28 1657.96 1618.61 1597.89 1568.54 1525.96 1468.21 1433.16 1371.27 1313.1 1241.47 1173.37 1156.2 1127.11 1050.47 991.93 953.336 930.444 969.18 934.286 860.542 813.914 706.05 676.074 614.089 540.413 408.879 335.327 270.635 192.471 6.11734 -99.6828 96.5106 343.555 372.263 410.301 466.022 526.104 611.823 250.533 -92.7122 -72.9199 -71.4954 -69.83 -79.6653 -72.1628 -71.1785 -71.0065 -56.6159 -53.0142 -35.6 -29.9005 -23.4712 -10.7817 -2.26244 9.80455 10.4052 24.6371 23.5501 49.5305 63.5122 86.5144 97.8574 123.055 166.587 174.84 115.335 41.9226 -0.191181 -40.4733 -83.7081 -86.087 45.6711 100.843 63.1666 
36.6417 86.7806 113.301 4.80844 -105.477 -69.6959 -17.9987 27.0305 82.6749 150.021 191.329 164.613 115.769 92.7058 76.0922 61.2735 42.2916 31.0956 26.2358 28.7039 13.5532 5.78899 5.38633 -10.3825 -21.6265 -37.9112 -49.1484 -49.5841 -48.7108 -50.9092 -53.5116 -57.7155 -62.2476 -64.7782 -89.612 395.899 583.066 504.859 435.146 389.87 357.412 343.575 -19.7312 29.7004 153.008 230.114 325.149 383.066 435.493 509.273 586.195 655.459 744.565 773.62 828.3 849.502 901.973 968.307 950.065 994.421 1014.2 1052.09 1092.68 1138.66 1214 1290.74 1350.97 1368.04 1397.06 1448.54 1487.65 1544.03 1600.32 1639.98 1691.55 1737.77 1773.18 1814.94 1829.16 1863.73 1892.61 1905.67 1925.24 1942.79 1970.68 1989.72 2020.1 2051.79 2099.39 2178.7 2159.98 2167.32 2152.75 2137.55 2135.07 2125.17 2123.87 2126.44 2125.3 2116.64 2124.36 2127.42 2116.55 2125.58 2122.45 2131.58 2133.63 2150.12 2178.95 2165.89 2191.03 2179.95 2087.33 2044.91 2043.48 2025.6 1999.7 1984.33 1981.55 1955.99 1951.32 1925.2 1878.08 1805.02 1761.95 1706.06 1667.28 1627.51 1606.62 1578.58 1537.29 1479.82 1446.28 1384.68 1325.26 1254.76 1188.16 1171.55 1142.23 1066.42 1008.38 970.191 950.089 992.64 957.924 883.584 836.998 725.884 696.389 634.68 560.453 428.707 355.83 290.757 213.388 25.2246 -78.4871 129.159 374.8 403.868 442.177 497.831 557.874 639.451 271.813 -71.5861 -52.7153 -51.7225 -50.5464 -60.8181 -54.0433 -53.9409 -53.9346 -40.0448 -36.7228 -19.787 -14.6995 -8.40668 3.68482 12.0028 22.9749 22.9008 36.1164 33.1716 58.5061 72.0093 94.5374 105.711 130.971 172.635 180.308 119.535 45.5578 3.32015 -37.8883 -81.7157 -81.1911 50.5944 104.406 65.3985 
36.999 87.6267 113.514 7.38151 -101.049 -64.3877 -12.5787 32.8243 88.0002 152.97 194.037 166.571 118.492 95.808 79.4744 64.9554 45.4507 33.7112 28.5391 30.9441 15.6569 7.79317 7.60261 -7.9409 -19.1212 -35.2255 -46.284 -46.6046 -45.5568 -47.8096 -50.4776 -54.6973 -59.2044 -61.6695 -86.2086 399.547 582.232 503.469 433.799 388.456 357.711 347.364 -10.6474 42.4519 165.514 242.88 337.214 395.306 447.923 521.946 597.91 665.91 755.304 783.068 838.502 860.434 912.304 977.276 957.601 1001.02 1019.62 1054.23 1095.18 1138.97 1209.91 1287.11 1346.46 1363.67 1391.64 1444.06 1484.08 1540.24 1597.29 1636.08 1687.99 1734.29 1768.71 1810.58 1826.45 1859.08 1887.09 1899.86 1917.87 1933.68 1959.68 1977.54 2010.38 2040.58 2087.7 2166.61 2147.59 2154.28 2137.93 2122.94 2119.66 2108.81 2107.73 2110.27 2108.93 2100.25 2108.05 2111.34 2100.5 2109.54 2107.27 2116.53 2119.25 2137.92 2165.89 2155.07 2180.23 2170.14 2077.07 2034.79 2033.12 2012 1987.22 1972.25 1969.44 1945.89 1940.84 1916.14 1870.09 1797.44 1755.55 1700.58 1662.82 1623.78 1603.33 1574.38 1532.44 1474.37 1441.17 1379.6 1322.45 1255.17 1190.87 1174.17 1145.47 1069.93 1014.91 977.853 958.396 1003.28 967.516 893.275 846.074 735.551 705.31 643.691 570.308 440.416 367.826 302.974 225.29 38.5367 -65.6732 133.407 377.617 403.272 441.484 496.424 556.614 638.962 276.661 -68.8028 -49.5204 -48.5713 -47.489 -57.8251 -51.0314 -50.8903 -50.881 -37.1278 -33.9174 -17.167 -12.2344 -6.29206 5.93729 14.0864 25.2354 25.1558 38.6396 36.446 61.8215 75.4241 97.7787 108.482 133.231 175.295 183.985 123.191 51.5721 8.50573 -32.3393 -77.2527 -78.0076 51.5596 105.424 66.0362 
38.6068 91.4345 116.241 8.33467 -100.082 -63.4054 -10.5681 32.9796 88.4991 153.655 184.923 154.126 104.895 80.0546 62.8021 47.677 29.1616 17.4358 12.8965 15.5052 0.19397 -8.3941 -8.32362 -23.469 -35.9075 -51.4216 -61.6632 -61.0916 -59.125 -60.7813 -63.018 -66.7308 -70.6559 -72.6932 -96.6073 399.363 586.072 507.421 441.98 398.4 368.139 360.377 12.129 71.9666 199.37 279.257 374.645 432.899 485.629 557.788 629.345 698.23 789.875 818.598 875.253 899.062 949.914 1013.3 992.715 1036.8 1056.34 1094.24 1137.82 1184.82 1258.19 1338.29 1397.72 1416.05 1445.25 1496.8 1535.44 1590.97 1647.45 1686.25 1738.17 1785.2 1818.73 1860.36 1875.5 1908.49 1935.94 1948.46 1965.15 1977.46 1998.34 2012.9 2043.2 2066.04 2105.81 2184.2 2159.66 2164.19 2144.86 2129.79 2126.36 2113.96 2112.96 2115.49 2113.89 2106.88 2119.96 2123.32 2112.81 2121.83 2120.48 2130.14 2133.49 2162.61 2191.03 2180.23 2218.64 2210.35 2117.41 2075.15 2079.07 2060.79 2037.95 2024 2022.12 1998.81 1994.17 1969.44 1923.38 1849.84 1808.02 1752.46 1713.87 1674.42 1653.48 1626.6 1586.02 1526.64 1493.15 1430.4 1373.11 1304.63 1237.94 1216.98 1186.02 1108.01 1049.45 1011.37 991.755 1038.93 1002 927.209 881.567 769.906 738.43 681.138 610.459 478.858 406.386 339.258 258.314 70.5942 -37.4123 149.207 389.066 413.663 452.536 501.465 561.522 643.58 278.859 -79.2553 -59.7188 -59.7677 -59.1582 -69.9397 -63.523 -63.9538 -64.856 -51.6951 -49.6045 -33.528 -27.7541 -22.2637 -10.3437 -1.50942 8.85716 9.66018 23.4361 20.3319 45.3236 59.0094 82.1133 94.1271 120.93 163.467 183.311 123.916 52.1562 9.03681 -30.8535 -76.2294 -76.2448 52.5536 110.005 68.9058 
23.8987 90.1315 111.063 2.22332 -103.741 -67.2625 -17.4968 23.3795 79.8802 145.99 175.333 143.797 95.2238 72.9082 56.3476 41.3152 23.4222 11.8719 6.26613 9.21626 -6.40683 -15.0125 -14.1134 -28.8319 -40.9489 -55.8174 -65.6948 -64.4302 -61.9986 -63.3265 -65.3915 -68.6216 -72.169 -74.2007 -96.1778 421.288 599.988 524.214 463.995 422.847 393.163 381.825 41.8103 106.833 234.102 312.394 400.542 458.993 511.005 584.687 658.193 723.184 808.144 835.549 892.208 915.573 962.519 1081.4 1014.37 1053.95 1073.99 1123.55 1182.69 1208.8 1257.96 1325.3 1372.17 1394.71 1432.34 1485.57 1531.31 1587.18 1642.24 1680.89 1731.08 1777.19 1806.4 1842.56 1851.94 1882.28 1905.32 1928.37 1962.52 1998.85 2040.15 2041.46 2061.75 2072.12 2141.32 2170.51 2149.51 2152.91 2128.37 2113.6 2110.4 2095.42 2094.45 2096.98 2094.51 2087.48 2100.51 2104.16 2094.03 2102.9 2103.8 2113.16 2117.26 2152.96 2179.95 2170.14 2210.35 2230.32 2134.18 2083.46 2094.74 2084.02 2076.39 2051.71 2023.62 1979.93 1963.02 1944.23 1905.11 1834.2 1799.88 1747.27 1708.69 1669.13 1649.38 1622.28 1579.82 1512.1 1477.15 1409.59 1348.18 1286.49 1232.37 1236.15 1225.52 1144.4 1073.9 1031.76 1023.79 1053.77 1018.81 943.998 898.492 792.527 766.215 705.144 633.257 505.396 437.257 373.067 294.101 107.715 -0.293819 173.225 413.608 439.128 475.925 523.702 578.073 660.718 301.23 -79.3634 -60.6868 -60.8411 -60.7204 -71.6603 -65.8834 -66.5835 -67.9673 -55.4973 -53.6152 -38.1849 -33.1136 -28.1506 -16.3636 -8.20214 2.45982 2.89761 17.0833 14.93 39.0722 52.1805 75.4019 87.0162 111.533 154.23 174.237 114.928 43.7186 1.645 -35.5195 -79.6016 -82.3342 44.9555 109.743 63.5686 
-180.725 -389.469 -384.215 -510.713 -638.469 -600.382 -540.291 -511.19 -442.256 -386.584 -369.743 -393.253 -443.297 -477.124 -480.321 -476.403 -477.148 -469.89 -458.066 -439.686 -440.979 -435.592 -421.788 -422.93 -423.524 -421.996 -417.945 -401.343 -385.128 -376.033 -365.971 -358.943 -351.706 -340.428 -353.183 112.606 270.513 188.038 120.166 74.3987 47.5268 35.5064 -268.809 -189.442 -50.3805 34.501 138.643 200.457 259.5 340.873 425.538 494.696 591.656 617.763 688.288 717.412 732.363 1366.45 2083.7 2007.17 2000.61 1991.6 1878.17 1744.98 1653.97 1636.59 1619.34 1561.59 1526.31 1581.22 1549.52 1610.03 1675.21 1719.73 1766.24 1814.58 1883.93 1970.33 2044.32 2106.91 2201.37 2299.13 2437 2609.56 2794.05 2927.95 3070.28 3151.95 2988.24 2014.5 2053.12 2055.24 2031.28 2018.69 2015.38 1999.42 1999.2 2001.7 1998.98 1993.51 2007.34 2011.76 2001.24 2009.23 2011.16 2020.5 2025.21 2062.47 2087.33 2077.07 2117.41 2134.18 3272.32 3163.51 3111.86 3054.39 2890.73 2693.61 2502.14 2352.03 2258.76 2145.63 2040.82 1957.02 1840.03 1772.32 1739.08 1702.62 1676.02 1643.3 1609.05 1606.35 1579.73 1569.35 1583.47 1595.28 1614.07 1749.85 1875.88 1929.54 1969.43 1994.09 2030.18 765.054 820.985 731.871 684.732 570.996 535.173 464.867 386.976 254.903 179.426 104.288 14.3933 -176.155 -290.07 -145.25 78.7681 101.397 140.939 193.489 254.363 346.919 8.35327 -322.536 -323.577 -335.044 -346.606 -369.312 -371.25 -384.707 -396.392 -398.342 -411.081 -410.481 -420.602 -428.199 -429.723 -433.21 -437.772 -452.679 -453.464 -473.121 -467.102 -472.274 -468.717 -464.643 -430.482 -388.4 -371.44 -421.28 -494.514 -534.151 -573.324 -626.603 -610.763 -450.978 -357.527 -338.401 
-191.388 -436.954 -524.743 -654.87 -790.504 -760.738 -698.221 -672.355 -603.862 -554.71 -539.449 -567.473 -613.781 -648.712 -656.072 -650.042 -646.384 -632.304 -615.429 -592.658 -589.696 -579.815 -561.765 -558.12 -554.876 -548.207 -545.116 -527.952 -512.624 -500.05 -486.684 -476.786 -465.727 -449.828 -454.843 -3.28136 141.889 56.3604 -9.56299 -48.1218 -67.1386 -73.9472 -363.407 -276.889 -130.072 -38.9712 75.3735 140.058 202.013 283.124 367.582 437.944 534.438 562.535 640.514 673.047 691.307 1270.85 2106.51 2363.72 2292.44 2175.38 2070.12 1938.21 1837.99 1825.93 1808.84 1750.06 1727.01 1784.4 1759.64 1819.54 1885.07 1928.7 1980.33 2031.28 2099.37 2176.96 2240.05 2313.34 2404.44 2504.37 2635.03 2810.11 3002.29 3137.45 3316.64 3398.19 2845.46 1976.93 2011.87 2013.92 1989.92 1978.5 1975.75 1959.77 1959.81 1962.35 1959.64 1954.16 1967.34 1971.84 1961.7 1969.31 1971.3 1979.9 1984.9 2021.57 2044.91 2034.79 2075.15 2083.46 3163.51 3515.86 3432.54 3255.48 3090.36 2881.53 2699.75 2550.01 2458.3 2347.22 2243.31 2160.12 2052.8 1981.58 1948.49 1911.9 1884.18 1856.18 1817.41 1801.73 1770.54 1756 1773.9 1784.9 1803.38 1937.66 2066.24 2124.32 2181.95 2310.23 1889.33 719.163 771.162 675.687 625.517 512.618 475.23 405.23 328.197 189.326 111.302 29.8862 -66.8824 -261.285 -388.833 -250.212 -35.2047 -19.5307 18.7438 63.7789 127.855 228.147 -102.686 -417.46 -431.818 -446.837 -462.368 -488.419 -493.975 -511.147 -524.185 -523.795 -534.46 -538.287 -553.854 -565.884 -571.352 -579.215 -588.071 -607.547 -612.765 -638.551 -637.844 -648.018 -644.733 -636.189 -604.387 -560.838 -544.916 -587.283 -659.963 -692.313 -735.567 -775.248 -757.208 -590.624 -500.74 -326.286 
-184.083 -393.82 -559.057 -699.437 -834.989 -810.531 -754.091 -726.61 -657.774 -607.171 -594.944 -626.315 -674.076 -706.106 -715.157 -710.1 -705.332 -689.712 -670.263 -645.518 -640.606 -628.767 -608.538 -602.119 -597.837 -591.756 -593.805 -573.536 -555.12 -540.588 -525.322 -513.057 -499.982 -482.111 -484.898 -38.1134 101.777 20.7522 -39.0831 -77.4127 -97.5766 -103.707 -385.686 -288.744 -143.796 -50.8665 64.0869 128.193 185.874 268.249 356.269 426.538 527.521 556.076 632.494 667.303 687.652 1252.07 2012.31 2310.15 2449.1 2314.02 2198.5 2066.31 1967.23 1950.62 1942.34 1887.62 1871.35 1920.86 1897.79 1958.87 2022.49 2068.25 2116.44 2173.2 2245.97 2320.35 2385.41 2454.94 2541.45 2636.23 2773.44 2954.43 3145.09 3297.57 3464.92 3298.23 2808.7 1974.98 2005.28 2006.5 1980.49 1969.59 1967.15 1950.12 1950.24 1952.57 1949.33 1944.84 1960.36 1965.18 1955.24 1962.54 1964.09 1973.17 1979.03 2020.6 2043.48 2033.12 2079.07 2094.74 3111.86 3432.54 3596.34 3422.57 3239.97 3027.91 2841.12 2687.6 2597.23 2488.12 2390.16 2303.68 2192.97 2119.49 2087.12 2050.04 2022.08 1996.77 1958.27 1945.3 1914.86 1890.71 1904.6 1907.56 1923.97 2068.71 2196.26 2258.76 2332.54 2223.15 1816.21 704.604 752.193 658.379 610.801 497.914 458.692 388.783 311.523 177.701 101.805 19.1628 -77.8451 -270.661 -398.49 -275.596 -64.1865 -44.4643 -8.18261 33.8001 95.1992 195.356 -133.933 -443.547 -462.469 -479.625 -497.27 -524.782 -532.676 -552.166 -567.941 -570.604 -580.851 -581.651 -596.863 -611.196 -619.278 -628.366 -639.887 -661.394 -668.341 -696.307 -698.074 -709.801 -701.445 -693.033 -663.842 -623.066 -597.324 -641.683 -718.023 -750.679 -788.275 -822.757 -801.8 -633.607 -460.605 -300.645 
-143.28 -336.627 -482.628 -699.522 -831.531 -812.005 -756.132 -732.784 -664.361 -610.34 -606.068 -634.709 -684.515 -714.804 -726.19 -724.417 -721.387 -703.51 -682.497 -656.355 -650.855 -638.239 -616.617 -609.404 -604.896 -602.295 -606.055 -584.222 -564.543 -549.329 -533.164 -519.92 -505.891 -485.945 -490.69 -48.5267 86.7507 4.74854 -53.0082 -87.3474 -106.153 -115.211 -383.859 -283.278 -132.006 -48.1642 67.4063 131.692 190.261 271.777 358.486 428.76 527.835 554.106 625.574 660.289 682.394 1245.13 1909.56 2141.74 2354.52 2472.12 2320.46 2178.68 2083.09 2061.6 2046.64 1994.53 1976.23 2028.12 2010.16 2071.61 2134.49 2179.21 2225.33 2279.84 2346.58 2418.79 2484.68 2553.92 2645.56 2743.01 2880.67 3059.6 3257.48 3415.3 3385.88 3168.55 2781.85 1956.76 1983.39 1982.79 1958.5 1947.21 1941.5 1927.3 1925.35 1930.66 1923.89 1923.18 1939.45 1941.33 1932.29 1938.95 1941.48 1949.85 1957.27 2002.26 2025.6 2012 2060.79 2084.02 3054.39 3255.48 3422.57 3549.61 3354.76 3135.5 2945.62 2794.29 2702.03 2588.81 2491.12 2404.69 2296.52 2230.68 2198.11 2161.92 2133.29 2107.97 2063.42 2047.34 2016.71 1999.71 2014.08 2019.05 2038.53 2179.08 2309.41 2389.78 2323.37 2093.93 1795.4 705.82 746.908 657.494 611.404 499.352 460.501 392.385 314.816 181.233 105.844 23.7 -66.9835 -262.828 -393.91 -280.352 -71.1565 -53.3106 -20.5062 19.9552 76.719 182.333 -140.994 -448.318 -466.054 -484.742 -503.506 -531.87 -540.648 -561.18 -577.789 -581.983 -593.337 -593.401 -603.78 -619.144 -627.881 -637.95 -650.761 -672.763 -680.727 -710.699 -713.265 -722.308 -710.718 -702.525 -671.521 -635.115 -604.21 -650.374 -723.269 -755.684 -788.84 -820.958 -796.806 -628.773 -395.74 -254.464 
-94.7201 -273.896 -404.083 -672.908 -805.8 -794.094 -741.542 -718.327 -651.311 -600.3 -597.398 -625.952 -674.082 -701.571 -714.702 -716.267 -714.504 -700.591 -680.153 -653.876 -648.199 -635.137 -613.994 -606.909 -603.332 -603.055 -608.191 -586.079 -566.007 -550.419 -533.541 -519.722 -505.291 -474.611 -479.142 -40.2743 101.175 30.5439 -29.4797 -71.3802 -84.3345 -86.411 -353.474 -251.087 -112.872 -27.1705 79.3751 143.403 205.209 289.333 379.516 452.071 554.263 580.358 659.189 693.662 721.289 1257.69 1798.08 2021.6 2198.55 2388.26 2476.61 2310.05 2208.97 2185.45 2171.31 2118.98 2099.6 2146.71 2125.05 2181.06 2241.96 2288.57 2337.33 2390.68 2456.25 2526.05 2592.02 2663.3 2758.42 2852.69 2985.75 3161.05 3367.7 3324.46 3194.88 2995.91 2693.67 1931.55 1956.13 1953.93 1929.37 1917.28 1911.39 1896.84 1895.56 1900.42 1893.44 1892.66 1909.88 1913.04 1903.8 1909.9 1913.47 1921.29 1928.5 1975.81 1999.7 1987.22 2037.95 2076.39 2890.73 3090.36 3239.97 3354.76 3463.14 3253.42 3059.07 2906.07 2815.05 2701.04 2601.92 2514.36 2405.71 2337.56 2310.1 2272.94 2242.53 2221.11 2178.86 2164.33 2135.88 2124.23 2141.94 2145.96 2164.37 2313.25 2466.98 2396.76 2167.04 1970.26 1685.16 750.695 779.282 684.416 637.662 523.592 480.846 406.344 325.833 191.315 121.789 43.4357 -47.1809 -229.077 -355.508 -249.141 -47.4506 -35.3327 1.08859 48.996 101.078 193.936 -131.36 -436.255 -454.299 -481.831 -503.086 -531.753 -541.268 -562.56 -579.278 -584.059 -596.005 -595.002 -601.07 -616.303 -624.831 -634.671 -648.448 -670.858 -677.7 -707.441 -708.491 -714.131 -700.301 -688.625 -661.575 -626.179 -593.702 -640.731 -706.488 -739.832 -768.684 -798.447 -767.153 -553.993 -328.356 -199.622 
-26.0224 -193.034 -313.002 -576.205 -754.598 -747.302 -701.04 -678.919 -622.14 -562.032 -560.218 -592.219 -637.589 -666.17 -681.51 -684.643 -686.336 -677.968 -658.145 -632.491 -627.563 -615.185 -594.411 -587.383 -584.253 -590.599 -595.762 -574.043 -554.498 -539.375 -523.172 -509.847 -495.96 -456.434 -462 -11.7265 132.092 56.8541 1.22108 -31.7331 -45.6566 -46.4864 -313.979 -218.121 -70.8416 8.21015 122.691 186.029 245.916 325.774 411.649 483.113 582.02 608.649 681.317 714.877 751.601 1151.49 1628.42 1840.94 2016.9 2187.4 2370.33 2474.44 2335.87 2302.38 2278.75 2231.25 2212.34 2257.66 2232.04 2286.54 2345.2 2389.7 2442.41 2495.38 2557.48 2627.37 2694.5 2763.89 2854.3 2955.36 3100.31 3285.11 3211.37 3090.26 2980.66 2788.04 2487.46 1928.75 1939.88 1937.7 1912.28 1899.62 1893.96 1878.87 1877.73 1882.42 1875.79 1875 1892.44 1895.61 1886.31 1892.57 1896.59 1904.73 1911.56 1959.78 1984.33 1972.25 2024 2051.71 2693.61 2881.53 3027.91 3135.5 3253.42 3381.68 3180.21 3010.95 2910.22 2802.54 2705.8 2616.24 2511.07 2442.91 2411.7 2375.66 2349.35 2328.85 2287.31 2276.28 2246.28 2236.48 2248.36 2260.5 2286.13 2473.82 2429.41 2186.92 1978.13 1787.88 1512.95 785.639 800.853 712.403 667.053 555.06 514.624 446.282 368.299 235.772 163.146 81.2163 -5.80445 -196.975 -322.954 -207.868 -9.14266 5.53869 35.8299 73.888 126.274 223.756 -103.353 -420.132 -436.334 -470.836 -493.517 -521.604 -530.658 -551.27 -567.574 -572.002 -583.667 -579.508 -581.856 -596.722 -604.941 -614.315 -627.326 -648.845 -655.603 -684.68 -680.104 -683.865 -667.008 -650.995 -627.518 -591.451 -556.526 -602.863 -673.042 -695.62 -721.226 -749.283 -723.529 -453.855 -242.827 -129.52 
47.7186 -110.363 -224.393 -477.532 -693.205 -688.146 -647.36 -623.581 -573.578 -512.221 -508.351 -541.577 -583.385 -609.987 -630.761 -634.71 -641.519 -636.529 -617.976 -593.707 -589.607 -578.352 -558.255 -551.738 -549.338 -559.632 -565.511 -544.25 -525.158 -510.441 -494.964 -482.247 -468.936 -430.515 -436.252 18.1548 171.462 107.606 57.4457 25.5106 14.3804 14.0347 -258.718 -167.366 -30.7894 48.1216 158.817 218.638 276.984 354.623 438.741 509.944 606.781 633.296 706.337 738.829 786.052 1020.03 1461.05 1680.69 1852.31 2008.53 2171.15 2331.58 2455.28 2395.54 2365.17 2309.13 2287.27 2331.9 2309.64 2362.99 2421.32 2464.33 2516.55 2568.7 2629.81 2698.55 2769.78 2836.33 2931.24 3041.45 3206.6 3117.8 3005.4 2904.1 2795.83 2604.34 2295.94 1940.68 1936.95 1934.22 1908.54 1895.49 1890.12 1874.85 1873.84 1878.46 1872.15 1871.18 1888.53 1892.13 1882.86 1889.06 1893.61 1901.41 1907.98 1956.42 1981.55 1969.44 2022.12 2023.62 2502.14 2699.75 2841.12 2945.62 3059.07 3180.21 3280.27 3101.16 2991.14 2876.33 2779.58 2690.16 2587.27 2517.49 2486.7 2451.26 2425.41 2405.25 2365.15 2352.77 2323.81 2315.17 2333.94 2353.08 2405.98 2360.8 2225.87 2010.6 1820.92 1627.06 1348.55 826.045 825.709 736.951 691.623 580.754 541.859 474.523 397.926 268.231 198.884 119.432 35.1 -145.94 -268.445 -149.871 51.7618 61.2362 92.5764 126.864 173.597 257.403 -75.0161 -395.209 -410.707 -444.213 -466.129 -493.638 -502.201 -521.842 -538.202 -541.884 -553.305 -548.698 -546.603 -561.079 -568.582 -577.163 -588.99 -609.425 -615.23 -640.359 -633.232 -633.384 -615.902 -595.836 -575.454 -541.445 -502.279 -550.965 -623.026 -638.453 -660.86 -683.014 -630.154 -360.467 -161.424 -56.2111 
93.0558 -54.2985 -160.743 -407.32 -644.443 -650.021 -613.97 -590.636 -545.683 -486.727 -479.176 -514.574 -556.434 -578.335 -603.527 -607.94 -616.314 -611.986 -598.386 -574.55 -571.217 -560.516 -540.944 -534.49 -532.496 -544.861 -552.699 -532.509 -512.871 -498.68 -483.777 -472.472 -449.705 -413.723 -416.899 37.8737 195.596 136.748 91.3969 62.8403 54.7824 56.5348 -218.185 -130.393 2.73884 76.0736 183.638 242.928 300.862 377.572 463.549 533.237 627.231 655.796 724.433 755.663 809.353 936.437 1342.18 1559.39 1727.89 1886.62 2039.07 2181.17 2355.25 2503.71 2440.04 2374.81 2344.61 2389.59 2366.02 2414.86 2472.97 2515.96 2568.98 2626.35 2684.76 2756.64 2832.86 2896.61 2990.81 3132.77 3049.22 2950.4 2847.7 2751.84 2641.3 2456.26 2150.11 1925 1912.69 1908.22 1883.53 1870.47 1864.32 1849.81 1847.3 1853.7 1845.68 1846.67 1864 1866.03 1858.43 1863.75 1868.56 1876.28 1883.61 1930.99 1955.99 1945.89 1998.81 1979.93 2352.03 2550.01 2687.6 2794.29 2906.07 3010.95 3101.16 3187.28 3069.47 2939 2839.62 2747.8 2638.89 2568.49 2541.94 2502.43 2477.34 2457.92 2421.82 2411.41 2386.46 2381.71 2408.64 2462.03 2333.25 2210.71 2092.1 1886.25 1700.24 1509.18 1234.88 851.123 841.615 758.654 712.93 604.797 565.368 499.433 420.15 290.805 224.745 146.423 67.1851 -109.874 -228.576 -105.405 92.6895 101.178 125.137 160.897 200.614 279.045 -56.0927 -376.521 -393.2 -426.124 -454.059 -484.404 -490.754 -511.54 -525.777 -529.11 -540.509 -535.452 -529.552 -543.494 -550.812 -558.946 -570.049 -590.026 -595.392 -619.265 -608.726 -606.651 -584.806 -565.869 -547.563 -515.747 -471.443 -524.334 -593.014 -603.395 -624.497 -643.682 -552.431 -296.384 -102.529 -7.72915 
96.2291 -17.2159 -114.935 -358.294 -584.749 -624.568 -589.644 -565.747 -522.305 -462.313 -452.371 -488.593 -528.788 -551.761 -576.096 -581.307 -588.695 -587.077 -574.493 -550.864 -547.512 -536.88 -517.721 -511.913 -509.743 -523.292 -532.837 -513.469 -495.048 -481.607 -466.539 -453.384 -419.536 -385.285 -386.561 71.3073 228.742 165.113 117.746 88.6649 80.6866 82.5783 -194.452 -106.505 31.1341 103.964 207.524 267.083 324.994 404.65 493.291 563.303 659.24 685.598 753.762 784.709 843.799 897.565 1283.19 1508.21 1672.86 1826.75 1982.19 2114.21 2268.51 2430.79 2585.09 2482.82 2442.19 2488.1 2457.62 2510.92 2566.44 2607.42 2660.95 2717.89 2779.33 2851.31 2930.61 2996.59 3119.47 3011.01 2940.56 2849.1 2754.52 2660.52 2550.16 2366.08 2053.17 1928.06 1908.05 1901.9 1877.57 1864 1857.01 1843.95 1841.73 1846.55 1838.63 1838.87 1857.97 1860.43 1853.39 1858.69 1861.54 1870.58 1876.26 1926.34 1951.32 1940.84 1994.17 1963.02 2258.76 2458.3 2597.23 2702.03 2815.05 2910.22 2991.14 3069.47 3202.64 3040.86 2934.38 2841.42 2731.28 2663.53 2635.77 2597.76 2574.56 2550.34 2513.88 2509.19 2484.73 2487.02 2553.62 2406.52 2245.98 2141.83 2032.15 1828.07 1645.76 1456.93 1175 891.433 873.348 790.024 744.33 635.127 597.463 525.514 444.955 313.918 247.808 172.656 93.9522 -83.5497 -205.913 -83.6913 119.253 126.334 151.604 190.031 228.507 311.702 -23.3851 -346.474 -363.1 -395.471 -434.438 -465.153 -472.833 -493.578 -507.006 -511.915 -521.412 -514.863 -506.862 -520.346 -527.354 -535.189 -546.413 -566.704 -571.387 -592.431 -581.556 -580.599 -555.614 -540.243 -524.113 -489.032 -448.141 -500.613 -567.679 -577.058 -597.646 -624.814 -499.119 -252.289 -62.5365 28.2533 
98.4324 21.9218 -68.3157 -300.661 -515.953 -590.925 -559.084 -539.289 -492.195 -433.557 -431.699 -467.157 -504.69 -530.186 -553.398 -561.796 -568.305 -567.945 -558.836 -535.793 -532.476 -522.022 -501.922 -495.806 -493.576 -509.3 -519.848 -500.358 -481.05 -466.446 -449.909 -436.889 -404.467 -369.029 -370.406 82.8368 233.313 173.538 131.071 103.954 97.5678 96.0641 -158.035 -66.564 66.1159 141.172 245.137 301.522 358.765 432.927 515.208 584.083 678.765 703.481 773.676 806.43 867.904 870.993 1220.86 1454.25 1614.68 1768.06 1926.18 2061.85 2207.65 2356.69 2502.74 2636.11 2561.17 2595.25 2564.15 2614.96 2669.45 2706.28 2751.21 2800.33 2851.77 2920.86 3022.46 3036.78 2972.91 2892.99 2831.68 2747.09 2645.36 2554.04 2444.31 2258.42 1933.53 1910.37 1883.32 1876.66 1853.67 1840.01 1831.93 1817.85 1816.96 1820.66 1813.44 1812.71 1832.92 1834.53 1826.54 1832.64 1835.45 1844.26 1850.03 1902.64 1925.2 1916.14 1969.44 1944.23 2145.63 2347.22 2488.12 2588.81 2701.04 2802.54 2876.33 2939 3040.86 3126.35 3019.97 2921.17 2816.04 2758.17 2735.38 2699.45 2677.45 2654.21 2624.58 2616.73 2614.74 2629.16 2467.15 2330.73 2186.84 2090.75 1978.97 1771.31 1590.34 1401.06 1111.48 921.908 894.159 810.794 763.332 654.635 615.649 548.468 474.034 349.543 283.154 209.616 127.505 -42.344 -164.234 -68.0659 135.705 142.458 169.446 199.74 238.835 318.263 -13.3398 -330.113 -347.076 -380.767 -417.834 -449.735 -456.48 -479.316 -492.589 -498.249 -508.055 -499.726 -491.276 -505.321 -512.03 -520.605 -532.228 -552.012 -554.149 -573.099 -561.307 -560.445 -532.065 -518.195 -501.818 -466.89 -425.693 -467.75 -538.301 -545.243 -562.185 -559.495 -439.221 -198.695 -18.8867 66.3415 
98.1148 46.3204 -48.056 -277.09 -483.704 -573.402 -540.571 -520.896 -474.27 -418.056 -420.006 -455.004 -489.598 -513.147 -537.074 -547.179 -553.485 -552.748 -545.596 -523.505 -520.333 -510.288 -490.291 -484.28 -482.731 -499.94 -511.014 -491.293 -472.28 -457.395 -441.488 -416.319 -384.066 -347.965 -346.628 126.326 259.652 200.248 158.405 132.313 126.423 124.062 -99.241 -12.4609 119.867 190.824 293.688 349.435 408.248 482.154 566.238 637.039 730.973 753.851 825.369 856.996 918.606 902.714 1213.47 1450.32 1614.58 1771.23 1924.37 2060.63 2207.49 2352.5 2490.57 2614.54 2652.79 2702.26 2659.66 2707.66 2762.36 2793.54 2832.05 2876.54 2915.31 2967.99 2966.61 2938.67 2884.09 2810.91 2750.21 2661.41 2552.06 2462.75 2347.55 2156.41 1825.38 1867.77 1836.68 1830.41 1807.16 1792.86 1785.13 1770.74 1769.24 1774.28 1767.15 1766.35 1785.26 1787.23 1780.42 1785.96 1788.46 1796.34 1803.32 1858.55 1878.08 1870.09 1923.38 1905.11 2040.82 2243.31 2390.16 2491.12 2601.92 2705.8 2779.58 2839.62 2934.38 3019.97 3021.11 2997.79 2891.99 2838.05 2821.5 2789.89 2769.68 2748.83 2723.25 2726.57 2664.04 2606.97 2455.16 2323.4 2184.29 2086.96 1970.86 1768.24 1587.4 1396.43 1101.77 974.962 941.509 859.885 813.175 707.995 668.702 601.215 526.45 400.909 331.744 259.188 176.745 12.8862 -108.263 -31.7115 165.321 171.067 198.124 226.984 266.517 346.214 32.6345 -310.795 -326.043 -360.557 -397.467 -430.871 -447.633 -470.371 -483.9 -489.342 -498.458 -489.427 -480.426 -494.44 -500.687 -508.921 -520.504 -539.821 -539.714 -558.594 -546.443 -545.794 -516.77 -500.874 -488.73 -454.057 -412.286 -448.052 -519.411 -526.811 -543.714 -523.945 -411.377 -175.784 8.19832 91.0309 
100.477 54.8493 -52.1294 -276.978 -471.852 -584.746 -545.527 -525.684 -479.809 -425.279 -439.178 -473.443 -506.634 -528.549 -553.121 -564.519 -569.312 -568.593 -561.215 -538.725 -534.941 -524.643 -503.42 -497.119 -495.437 -513.357 -524.324 -503.213 -483.842 -467.805 -451.616 -417.411 -384.257 -347.419 -340.104 162.43 269.094 208.065 166.259 141.314 135.713 132.672 -43.0727 47.7732 178.649 248.206 348.603 403.605 465.02 536.071 620.361 690.704 783.311 804.376 879.085 911.574 976.457 956.536 1265.03 1504.58 1670.06 1826.8 1977.62 2114.2 2264.4 2407.28 2541.27 2648.93 2772.44 2846.4 2784.07 2825.22 2879.24 2901.2 2927.25 2967.32 2982.62 3001.6 2900.8 2859.96 2819.13 2748.07 2684.51 2590.88 2474.65 2386.86 2268.12 2072.87 1738.1 1795.68 1762.83 1757.65 1736.09 1719.21 1711.92 1697.8 1696.02 1701.73 1694.92 1694.33 1711.96 1714.13 1708.71 1712.92 1716.88 1722.55 1730.81 1788.88 1805.02 1797.44 1849.84 1834.2 1957.02 2160.12 2303.68 2404.69 2514.36 2616.24 2690.16 2747.8 2841.42 2921.17 2997.79 3077.15 2982.28 2932.93 2928.49 2905.27 2887.93 2877.7 2860.12 2873.93 2728.47 2641.49 2506.4 2376.84 2238.72 2139.03 2019.15 1820.22 1640.05 1451.93 1150.48 1032.66 996.379 914.227 864.673 761.313 719.788 652.009 578.495 455.226 386.134 315.396 228.439 72.904 -47.1667 -13.1351 175.576 180.495 209.017 235.823 276.866 359.033 70.9841 -312.141 -324.95 -360.581 -398.567 -432.998 -457.463 -481.599 -495.89 -502.258 -510.957 -501.9 -493.776 -508.207 -514.336 -523.521 -536.417 -555.572 -554.736 -573.59 -562.649 -563.807 -534.205 -515.755 -504.404 -472.238 -429.014 -451.389 -524.342 -532.166 -549.868 -509.285 -406.15 -177.381 17.5317 98.895 
102.144 86.9439 -25.9301 -244.835 -431.283 -540.754 -527.456 -508.326 -464.478 -410.052 -431.224 -463.09 -495.359 -514.814 -538.554 -551.518 -557.432 -556.359 -549.312 -527.64 -523.427 -512.877 -491.478 -485.551 -483.466 -502.012 -513.452 -493.27 -473.547 -456.932 -436.007 -402.195 -368.104 -331.055 -320.808 212.708 305.008 249.141 207.305 183.81 178.5 174.085 26.6683 110.856 235.699 301.868 400.574 456.413 518.864 590.253 674.368 746.848 840.487 862.286 936.39 968.469 1037.27 1018.12 1256.71 1504.23 1669.73 1828.52 1981.69 2120.02 2272.74 2410.41 2540.13 2642.85 2754.02 2834.98 2900.51 2965.74 3015.5 3022.74 3015.43 2999.38 2945.01 2888.53 2799.67 2764.22 2727.38 2659.4 2596.59 2498.16 2374 2282.99 2163.75 1956.92 1633.02 1757.87 1719.14 1714.6 1694.31 1676.05 1668.63 1654.48 1653.54 1658.3 1652.38 1651.73 1668.35 1670.36 1666.64 1669.57 1674.78 1679.24 1688.62 1748.45 1761.95 1755.55 1808.02 1799.88 1840.03 2052.8 2192.97 2296.52 2405.71 2511.07 2587.27 2638.89 2731.28 2816.04 2891.99 2982.28 3038.26 3056.97 3059.39 3039.7 3008.91 2952.92 2899.38 2842.39 2710.77 2635.19 2508.68 2380.07 2248.33 2145.47 2024.25 1823.43 1638.84 1451.13 1131.88 1099.27 1055.11 974.903 924.275 819.316 776.731 707.61 634.29 509.114 438.9 368.833 279.174 136.496 20.9953 30.4228 219.061 222.371 250.737 277.12 316.929 396.135 118.803 -296.038 -307.951 -344.142 -382.941 -417.929 -442.92 -471.031 -485.633 -492.595 -500.155 -491.046 -482.436 -496.836 -502.582 -512.12 -525.837 -544.75 -543.082 -561.17 -550.991 -550.199 -519.799 -501.254 -496.057 -463.151 -420.554 -434.249 -505.741 -513.517 -530.733 -465.434 -374.073 -147.549 52.7801 130.303 
104.288 95.6139 -16.472 -235.1 -411.189 -517.07 -520.393 -505.578 -461.622 -406.858 -438.661 -470.357 -502.752 -522.13 -545.21 -558.819 -565.508 -562.932 -557.598 -536.656 -532.352 -521.877 -499.628 -493.364 -491.198 -510.23 -521.472 -501.439 -480.829 -463.797 -425.204 -392.674 -356.082 -318.031 -304.624 235.825 310.54 251.171 213.002 197.07 193.012 186.664 74.5478 158.486 289.396 353.65 451.989 509.984 573.347 642.938 723.662 794.639 881.971 903.689 981.077 1014.36 1084.94 1064.39 1292.99 1534.8 1707.01 1866.88 2019.26 2156.5 2309.07 2446.51 2576.42 2678.78 2781.5 2861.26 2990.89 3071.57 3120.75 3117.96 3071.39 2991.52 2908.87 2835.81 2754.52 2716.07 2678.05 2608.23 2543.45 2441.66 2313.65 2223.92 2095.1 1885.6 1565.36 1703.87 1663.36 1658.75 1639.87 1620.9 1612.94 1598.9 1598.56 1602.9 1596.56 1596.09 1612.62 1614.29 1611.91 1613.83 1619.66 1623.18 1633.18 1695.28 1706.06 1700.58 1752.46 1747.27 1772.32 1981.58 2119.49 2230.68 2337.56 2442.91 2517.49 2568.49 2663.53 2758.17 2838.05 2932.93 3056.97 3151.86 3160.31 3143.69 3099.38 3002.98 2932.94 2862.37 2743.87 2670.36 2545.47 2415.46 2283.74 2179.83 2058.84 1861.12 1674.46 1482.42 1165.8 1147.45 1100.9 1019.42 965.7 865.478 825.159 760.837 690.338 564.906 491.929 421.519 326.424 184.831 71.9746 51.3963 234.688 235.112 262.815 281.066 322.453 403.262 144.303 -279.228 -294.109 -331.697 -372.044 -408.242 -435.351 -478.054 -493.246 -501.073 -508.8 -499.849 -490.775 -505.721 -511.207 -521.397 -535.46 -553.612 -551.39 -567.548 -559.029 -557.208 -526.12 -508.103 -505.008 -469.824 -426.3 -430.927 -500.857 -507.378 -526.388 -445.586 -360.761 -139.527 64.8833 138.501 
106.829 97.4855 -19.5294 -238.447 -409.287 -514.067 -517.536 -500.779 -458.757 -406.124 -444.607 -475.646 -505.301 -523.992 -547.045 -559.531 -565.39 -562.982 -556.097 -534.321 -529.259 -519.009 -496.141 -488.854 -486.621 -504.344 -514.558 -493.306 -471.476 -453.617 -416.2 -383.068 -345.928 -307.229 -291.675 253.271 317.286 261.405 227.112 210.389 213.43 211.105 121.047 208.897 330.429 393.998 488.915 545.268 606.012 679.111 764.567 835.102 922.462 944.744 1023.31 1057.09 1128.22 1100.29 1334.46 1579.37 1747.66 1906.54 2061.04 2194.44 2347.81 2487.28 2614.75 2716.51 2814.68 2890.27 3014.75 3093.17 3141.94 3134.35 3081.28 2993.66 2902.42 2822.46 2740.16 2698.22 2659.94 2591.45 2521.25 2418.27 2288.83 2195.45 2066.19 1851.39 1529.61 1665.59 1625.23 1619.96 1602.19 1582.07 1574.22 1560.28 1559.75 1564.09 1558.15 1558.16 1574.2 1575.59 1573.88 1575.44 1581.72 1584.56 1595.01 1657.96 1667.28 1662.82 1713.87 1708.69 1739.08 1948.49 2087.12 2198.11 2310.1 2411.7 2486.7 2541.94 2635.77 2735.38 2821.5 2928.49 3059.39 3160.31 3179.04 3163.24 3121.02 3027.83 2960.93 2896.14 2781.32 2708.68 2584.88 2457.98 2324.37 2218.38 2100.12 1903.14 1718.16 1526.35 1208.96 1187.51 1139.83 1060.22 1005.63 906.172 863.818 795.421 721.306 602.618 530.893 461.964 364.716 233.286 119.97 82.0036 256.786 251.289 275.919 294.382 331.963 412.418 164.474 -268.266 -282.823 -321.121 -362.067 -398.903 -426.198 -468.156 -484.476 -493.274 -502.142 -494.57 -486.455 -502.044 -508.011 -518.38 -533.009 -551.617 -550.533 -567.385 -559.456 -558.259 -528.151 -510.339 -507.285 -475.6 -431.546 -429.249 -496.185 -504.025 -523.484 -442.307 -360.199 -142.216 65.2232 139.805 
105.896 95.5373 -24.4487 -242.82 -412.483 -519.199 -523.76 -509.443 -466.802 -413.046 -450.488 -480.943 -510.309 -529.256 -552.244 -565.102 -570.661 -567.444 -561.934 -540.437 -535.644 -525.607 -502.569 -495.615 -493.491 -511.491 -521.967 -500.91 -479.473 -442.829 -405.373 -370.411 -333.232 -292.522 -275.958 278.284 339.641 284.866 253.485 240.576 237.868 234.044 148.942 230.759 353.669 410.363 501.998 559.367 623.61 692.227 772.057 842 928.793 950.004 1026.91 1059.84 1132.42 1109.86 1345.62 1591.25 1762.83 1922.07 2076.14 2209.93 2360.55 2495.65 2624.51 2726.7 2828.65 2908.01 3033.51 3112.46 3140.85 3121.51 3067.4 2978.97 2884.82 2800.98 2716.42 2672.44 2633.42 2562.34 2495.45 2390.36 2258.32 2164.11 2032.78 1813.79 1491.13 1625.27 1584.02 1579.69 1561.71 1541.89 1533.79 1519.91 1519.87 1523.95 1518.25 1518.28 1534.29 1535.61 1534.27 1535.62 1542.96 1544.77 1554.95 1618.61 1627.51 1623.78 1674.42 1669.13 1702.62 1911.9 2050.04 2161.92 2272.94 2375.66 2451.26 2502.43 2597.76 2699.45 2789.89 2905.27 3039.7 3143.69 3163.24 3177.84 3139.3 3045.03 2977.67 2910.25 2791.14 2717.13 2594.56 2468.59 2340.68 2236.31 2116.12 1918.18 1731.53 1539.45 1219.21 1192.91 1146.14 1067.42 1011.95 912.17 870.626 806.073 736.379 615.629 546.278 478.009 384.654 253.356 147.462 100.363 283.212 280.784 305.843 321.75 355.33 429.628 186.526 -251.339 -267.383 -307.884 -349.623 -388.221 -415.22 -460.57 -492.322 -500.811 -509.336 -501.521 -493.305 -508.748 -514.524 -525.073 -539.27 -557.354 -555.684 -571.984 -564.481 -564.06 -533.444 -515.558 -512.797 -481.024 -436.929 -435.594 -505.172 -511.782 -529.133 -447.532 -365.712 -146.744 63.7358 137.727 
106.829 100.099 -18.6601 -234.784 -399.212 -506.112 -502.546 -485.392 -442.526 -390.913 -426.828 -456.531 -480.989 -498.786 -520.804 -532.431 -537.023 -534.399 -527.092 -504.788 -499.757 -489.592 -466.865 -459.879 -457.269 -474.118 -483.578 -462.02 -439.28 -401.034 -364.542 -329.018 -291.631 -250.375 -234.142 319.251 370.1 317.441 287.911 275.208 278.113 275.593 201.012 279.957 395.826 451.194 542.809 598.66 661.082 731.794 814.029 885.725 971.844 992.929 1069.25 1100.89 1171.79 1141.77 1369.41 1612.33 1779.11 1935.87 2086.8 2220.43 2368.82 2502.88 2631.79 2732.9 2832.44 2910.68 3011.92 3083.59 3107.42 3082.43 3035.3 2962.17 2871.56 2786.4 2701.12 2655.82 2615.44 2541.77 2474.02 2367.29 2230.04 2137.5 2005.82 1786 1467.48 1605.57 1564.24 1559.14 1541.36 1520.94 1512.63 1498.92 1499 1503.09 1496.44 1497.08 1513.11 1513.51 1512.76 1514 1521.79 1523.66 1533.79 1597.89 1606.62 1603.33 1653.48 1649.38 1676.02 1884.18 2022.08 2133.29 2242.53 2349.35 2425.41 2477.34 2574.56 2677.45 2769.68 2887.93 3008.91 3099.38 3121.02 3139.3 3115.5 3042.49 2980.98 2915.42 2796.21 2724.47 2602.4 2476.24 2349.1 2245.98 2125.8 1933.7 1750.38 1561.38 1244.6 1230.07 1183.58 1106.76 1053.34 955.579 914.376 847.11 774.728 657.18 587.591 519.256 424.551 298.914 198.02 145.652 324.429 316.696 339.849 355.723 388.852 462.197 229.308 -208.959 -225.109 -266.091 -308.108 -347.119 -374.524 -419.337 -452.26 -462.068 -471.032 -464.379 -457.254 -472.537 -478.509 -488.757 -503.361 -522.039 -521.277 -538.42 -531.099 -531.721 -502.613 -485.123 -485.019 -457.102 -413.506 -413.294 -481.135 -489.814 -507.016 -434.749 -356.073 -139.719 68.9267 141.212 
105.916 100.022 -19.4838 -238.271 -404.212 -511.602 -481.24 -462.307 -416.638 -369.512 -415.539 -445.456 -469.18 -486.25 -510.896 -519.94 -522.817 -520.917 -510.841 -488.778 -484.501 -474.627 -453.206 -445.768 -444.276 -459.423 -467.379 -444.421 -404.659 -368.467 -330.754 -294.654 -255.504 -213.124 -195.369 362.076 415.32 362.973 335.227 324.529 328.912 346.264 272.059 350.347 460.074 517.311 609.459 666.066 728.303 797.049 879.935 951.151 1035.86 1061.02 1137.86 1172.26 1245.08 1218.65 1442.47 1688.03 1855.48 2011.23 2162.66 2296.25 2443.71 2574.43 2697.15 2795.15 2887.17 2952.58 2951.25 2991.92 3014.41 2995.18 2968.7 2942.92 2862.72 2771.89 2677.94 2631.4 2590.69 2521.06 2453.68 2345.95 2206.87 2113.11 1977.9 1757.28 1438.9 1577.48 1535.66 1530.43 1512.8 1491.03 1482.79 1469.01 1469.12 1473.27 1466.65 1467.45 1483.39 1483.64 1482.79 1484.36 1492.57 1494.4 1504.51 1568.54 1578.58 1574.38 1626.6 1622.28 1643.3 1856.18 1996.77 2107.97 2221.11 2328.85 2405.25 2457.92 2550.34 2654.21 2748.83 2877.7 2952.92 3002.98 3027.83 3045.03 3042.49 3062.4 3029.78 2978.64 2861.11 2789.5 2669.43 2548.49 2424.14 2322.07 2202.34 2010.56 1829.3 1635.94 1315.89 1303.36 1253.62 1176.3 1119.08 1020.48 980.108 912.474 842.174 724.619 654.752 586.006 486.791 365.865 265.779 217.825 373.78 366.697 389.049 401.279 436.612 507.168 273.199 -171.197 -186.952 -230.172 -271.823 -313.014 -342.099 -386.386 -420.692 -444.329 -454.625 -449.511 -444.273 -458.366 -463.646 -473.8 -488.135 -506.492 -505.243 -525.24 -517.45 -520.947 -492.512 -472.276 -471.02 -445.647 -400.975 -389.372 -458.582 -469.265 -484.098 -437.21 -360.364 -142.565 67.8728 141.808 
109.548 102.82 -15.0534 -227.536 -392.41 -507.083 -474.533 -456.633 -414.218 -368.671 -420.901 -450.057 -472.066 -487.885 -512.956 -521.43 -523.485 -522.423 -511.237 -489.134 -484.231 -473.582 -451.913 -442.502 -440.947 -454.025 -460.43 -435.629 -392.939 -356.249 -317.485 -280.479 -240.096 -196.544 -177.963 371.582 431.517 393.621 376.311 370.73 377.818 408.268 336.068 409.244 510.3 559.834 646.358 702.708 765.063 829.56 910.223 978.78 1061.23 1087.93 1161.88 1198.29 1274.33 1245.08 1475.91 1720.5 1883.41 2038.29 2188.04 2323.44 2472.97 2603.85 2726.39 2827.42 2914.98 2965.1 2911.76 2928.49 2946.57 2929.71 2906.88 2893.57 2826.98 2751.17 2649.02 2597.31 2551.93 2479.94 2411.33 2302.99 2162.35 2070.44 1939.39 1720.84 1408.29 1535.34 1493.47 1488.36 1471.51 1448.49 1440.39 1426.61 1426.72 1430.62 1425.1 1425.6 1441.39 1441.8 1440.38 1442.26 1450.69 1453.01 1462.85 1525.96 1537.29 1532.44 1586.02 1579.82 1609.05 1817.41 1958.27 2063.42 2178.86 2287.31 2365.15 2421.82 2513.88 2624.58 2723.25 2860.12 2899.38 2932.94 2960.93 2977.67 2980.98 3029.78 3030.16 3010.88 2895 2822.99 2698.17 2578 2451.48 2348.84 2227.77 2037.49 1858.16 1668.56 1354.93 1333.67 1282.7 1205.81 1145.89 1045.75 1005.77 941.654 874.593 761.337 696.064 630.867 538.317 423.646 334.176 283.561 420.757 415.649 433.511 440.361 461.826 518.473 284.455 -152.864 -169.872 -214.185 -256.919 -299.041 -329.152 -374.424 -409.894 -435.965 -448.067 -444.674 -441.314 -455.822 -462.357 -472.877 -488.551 -507.022 -505.5 -527.398 -518.653 -522.806 -495.375 -475.097 -472.724 -450.568 -407.401 -385.815 -454.85 -462.963 -475.858 -428.325 -347.818 -133.999 71.449 141.497 
113.002 84.98 -43.8298 -261.618 -427.009 -539.74 -500.011 -478.114 -433.025 -390.725 -455.292 -479.442 -496.288 -511.181 -537.031 -542.412 -542.257 -540.408 -527.355 -505.487 -498.962 -486.111 -464.377 -452.972 -451.103 -462.593 -467.629 -421.618 -379.382 -339.728 -299.032 -258.981 -216.748 -170.888 -140.957 428.162 479.214 429.534 404.648 395.396 395.572 450.662 383.127 457.602 556.245 610.99 704.87 760.963 823.256 884.689 968.362 1038.65 1125.75 1157.47 1236.63 1277.23 1358.91 1336.18 1624.97 1860.54 2029.12 2183.45 2332.24 2464.6 2612.65 2737.35 2857.39 2946.53 3003.08 3006.85 2857.54 2863.18 2880.64 2863.42 2842.12 2824.83 2791.19 2766.22 2653.09 2597.4 2551.77 2473.01 2404.77 2294.71 2149.22 2061.62 1927.93 1715.53 1404.01 1476.05 1439.65 1434.62 1418.23 1393.86 1385.8 1371.99 1372.2 1376.01 1370.45 1370.97 1385.58 1385.77 1384.54 1386.06 1394.71 1396.99 1406.56 1468.21 1479.82 1474.37 1526.64 1512.1 1606.35 1801.73 1945.3 2047.34 2164.33 2276.28 2352.77 2411.41 2509.19 2616.73 2726.57 2873.93 2842.39 2862.37 2896.14 2910.25 2915.42 2978.64 3010.88 3131.98 3026.01 2953.41 2839.1 2722.7 2596.1 2494.3 2373.39 2184.1 2003.57 1807.7 1509.2 1410.62 1359.86 1277.66 1212.77 1109.63 1063.69 995.893 930.476 819.233 750.289 682.2 580.068 467.034 380.871 332.006 437.112 441.68 460.661 470.805 505.823 571.995 341.655 -126.815 -143.598 -188.221 -234.323 -279.927 -311.795 -360.432 -396.465 -438.698 -455.594 -454.182 -452.473 -466.728 -474.119 -486.294 -503.885 -523.87 -522.501 -546.149 -538.453 -545.255 -520.516 -500.206 -498.106 -481.96 -443.305 -404.431 -477.676 -488.129 -504.374 -463.586 -381.205 -165.336 45.1996 121.079 
112.903 82.2072 -53.554 -271.524 -435.941 -512.441 -479.185 -456.69 -410.444 -364.998 -437.219 -459.15 -475.136 -489.123 -515.328 -517.728 -518.037 -515.91 -500.062 -477.769 -471.567 -458.401 -437.967 -426.679 -425.066 -433.276 -430.456 -386.228 -342.882 -303.749 -261.335 -221.055 -179.013 -132.714 -95.7781 482.025 531.965 492.332 465.747 461.583 462.688 526.314 466.556 536.209 628.091 673.387 767.956 827.345 892.626 953.469 1036.57 1103.69 1184.81 1221.27 1299.82 1342.21 1424.09 1401.82 1690.26 1922.83 2094.53 2249.29 2398.59 2531.34 2683.17 2808.42 2922.55 3017.87 2942.22 2896.98 2747.7 2755.4 2765.57 2745.09 2719.62 2686.97 2647.56 2630.67 2636.82 2585.11 2521.93 2442.47 2370.93 2262.35 2117.92 2030.63 1897.35 1686.69 1381.59 1442.91 1406.86 1401.21 1385.02 1361.29 1352.64 1338.77 1339.33 1341.74 1337.06 1338.25 1352.53 1352.04 1351.06 1352.87 1361.13 1364.27 1373.39 1433.16 1446.28 1441.17 1493.15 1477.15 1579.73 1770.54 1914.86 2016.71 2135.88 2246.28 2323.81 2386.46 2484.73 2614.74 2664.04 2728.47 2710.77 2743.87 2781.32 2791.14 2796.21 2861.11 2895 3026.01 3062.5 3037.42 2909.86 2796.19 2666.23 2561.98 2443.54 2252.97 2068.91 1869.74 1576.62 1471.6 1421.29 1337.61 1271.67 1174.3 1130.79 1065.26 1001.17 885.013 814.552 745.164 650.16 544.556 460.913 417.938 497.06 508.751 522.384 534.877 561.366 621.798 398.182 -88.5574 -105.329 -150.003 -195.138 -242.434 -275.513 -324.029 -360.057 -401.57 -424.656 -427.191 -426.703 -439.709 -446.84 -458.767 -476.526 -495.965 -497.273 -521.342 -514.592 -520.916 -496.571 -478.039 -477.891 -462.871 -426.196 -379.884 -454.019 -465.779 -485.864 -474.275 -387.652 -174.813 36.8062 117.791 
115.423 64.4891 -80.8276 -307.798 -461.922 -536.27 -507.67 -481.218 -435.255 -391.392 -465.552 -485.961 -502.466 -516.175 -540.883 -541.562 -540.683 -537.286 -520.579 -497.117 -489.999 -476.09 -454.723 -441.981 -439.534 -446.504 -427.949 -383.787 -337.689 -297.574 -252.9 -211.09 -167.099 -120.069 -72.8239 525.186 547.474 508.294 488.466 481.306 486.066 549.661 520.973 582.434 674.608 721.159 805.345 863.975 926.744 989.408 1077.71 1149.25 1235.33 1272.13 1352.17 1395.05 1476.69 1466.78 1787.61 2011.04 2174.92 2333.65 2490.74 2622.23 2772.78 2897.69 3004.19 3088.26 2908.11 2855.28 2708.13 2710.12 2708 2683.72 2651.42 2612.46 2570.32 2543.3 2619.09 2599.8 2522.24 2435.47 2360.9 2253.21 2106.1 2013.78 1877.16 1674.15 1376.55 1378.85 1346.44 1339.89 1324.15 1300.01 1291.29 1277.56 1278.06 1280.52 1275.55 1277.35 1291.35 1290.62 1289.4 1291.28 1299.52 1303.16 1312 1371.27 1384.68 1379.6 1430.4 1409.59 1569.35 1756 1890.71 1999.71 2124.23 2236.48 2315.17 2381.71 2487.02 2629.16 2606.97 2641.49 2635.19 2670.36 2708.68 2717.13 2724.47 2789.5 2822.99 2953.41 3037.42 3124.72 2998.11 2891.39 2759.51 2653.69 2538.75 2344.61 2155.81 1961.53 1675.85 1516.7 1474.35 1389.49 1322.84 1224.82 1175.46 1106.02 1037.07 922.459 857.991 793.416 696.694 590.848 513.36 466.204 520.74 530.04 543.528 558.694 578.288 636.238 446.926 -74.2141 -91.6751 -137.52 -183.379 -232.151 -268.606 -318.526 -356.037 -398.604 -434.583 -441.42 -441.646 -455.755 -463.647 -476.601 -495.291 -515.565 -518.174 -543.923 -538.775 -545.964 -522.448 -504.532 -503.132 -489.994 -455.205 -409.469 -478.344 -492.587 -511.015 -505.611 -415.382 -206.577 10.2856 98.1897 
117.369 37.5835 -123.17 -355.55 -502.914 -543.877 -509.316 -481.636 -437.73 -398.699 -473.757 -491.956 -507.379 -516.435 -540.661 -536.929 -536.044 -529.88 -508.725 -484.417 -476.441 -461.987 -440.288 -426.644 -423.799 -414.093 -393.865 -346.573 -298.756 -258.015 -212.649 -168.751 -124.174 -76.773 -21.1311 594.903 589.172 549.845 528.462 528.652 528.085 606.278 597.767 660.54 751.279 798.932 882.686 943.872 1009.07 1068.18 1152.29 1222.98 1305.75 1344.62 1423.05 1469.1 1554.17 1589.92 1936.76 2160.38 2322.83 2482.83 2638.91 2760.13 2907.36 3008.8 3119.01 2954.94 2799.36 2755.85 2606.78 2606.11 2596.54 2567.22 2531.31 2489.98 2443.62 2408.98 2458.51 2480.1 2586.3 2460.42 2382.06 2265.36 2122.27 2025.77 1890.42 1682.25 1402.32 1316.92 1289.49 1282.91 1266.41 1241.1 1233.1 1219.48 1219.33 1222.95 1215.56 1218.42 1230.31 1231.99 1231.02 1232.69 1240.61 1243.55 1253.72 1313.1 1325.26 1322.45 1373.11 1348.18 1583.47 1773.9 1904.6 2014.08 2141.94 2248.36 2333.94 2408.64 2553.62 2467.15 2455.16 2506.4 2508.68 2545.47 2584.88 2594.56 2602.4 2669.43 2698.17 2839.1 2909.86 2998.11 3138.23 3040.27 2909.88 2795.81 2684.03 2492.12 2302.53 2107.45 1824.96 1587.05 1551.27 1464.5 1394.66 1298.16 1247.57 1182.72 1117.67 998.565 933.827 866.864 769.137 667.848 594.017 537.358 567.81 575.791 584.847 598.974 621.589 681.792 520.476 -30.0398 -46.7375 -92.5977 -140.876 -189.128 -228.849 -279.456 -319.348 -363.752 -400.533 -423.487 -426.235 -441.15 -449.322 -463 -481.836 -502.827 -508.286 -536.622 -534.642 -543.76 -523.995 -503.694 -507.839 -496.204 -463.875 -417.758 -480.743 -497.261 -518.634 -542.759 -457.005 -252.445 -28.7245 70.6616 
122.731 7.72611 -161.32 -393.586 -538.529 -549.225 -514.058 -483.168 -435.5 -413.808 -490.931 -506.705 -522.766 -530.406 -553.605 -545.748 -546.864 -536.982 -514.518 -489.15 -480.587 -465.741 -443.722 -429.516 -425.726 -407.211 -386.24 -336.421 -286.307 -243.889 -197.3 -153.664 -107.623 -58.8381 -0.498342 610.192 582.667 547.299 531.373 531.25 525.254 635.747 656.26 714.835 804.995 850.091 934.882 994.632 1056.17 1115.3 1201.48 1274.39 1356.77 1402.03 1484.98 1535.98 1618.53 1722.11 2088.15 2302.87 2468.97 2630.91 2784.46 2898.26 3030.65 3111.89 3010.37 2861.19 2710.05 2665.28 2512.87 2501.78 2486.99 2451.36 2408.69 2362.65 2314.4 2279.2 2326.69 2341.96 2428.06 2509.99 2401.76 2279.41 2131.22 2030.72 1895.14 1689.56 1423.11 1241.92 1220.02 1214.64 1198.83 1172.74 1164.76 1150.26 1150.4 1155.07 1147.16 1150.78 1161.09 1162.97 1160.98 1162.95 1173.19 1174.44 1185.52 1241.47 1254.76 1255.17 1304.63 1286.49 1595.28 1784.9 1907.56 2019.05 2145.96 2260.5 2353.08 2462.03 2406.52 2330.73 2323.4 2376.84 2380.07 2415.46 2457.98 2468.59 2476.24 2548.49 2578 2722.7 2796.19 2891.39 3040.27 3167.27 3076.98 2946.9 2831.01 2637.37 2447.48 2251.35 1978.51 1645.16 1615.69 1526.53 1449.53 1349.17 1294.04 1226.91 1161.11 1050.71 987.538 919.417 821.499 721.699 654.455 592.324 579.624 577.75 584.972 597.955 618.826 672.074 541.872 -10.2762 -29.2111 -75.7043 -124.151 -174.428 -214.49 -267.037 -308.455 -353.401 -391.207 -422.922 -428.974 -444.567 -452.211 -467.33 -486.058 -508.207 -513.368 -545.049 -546.02 -554.891 -539.126 -514.374 -520.245 -510.828 -476.752 -425.677 -480.593 -500.583 -525.679 -547.709 -488.837 -288.078 -63.3839 39.5952 
97.0724 -30.4319 -199.35 -434.999 -557.337 -550.207 -511.591 -477.88 -426.38 -426.917 -503.918 -514.515 -529.479 -540.598 -559.554 -548.501 -550.374 -538.611 -513.887 -488.75 -479.58 -464.498 -443.527 -429.814 -414.577 -385.946 -360.706 -307.738 -256.839 -212.584 -163.359 -118.708 -71.4731 -19.3745 33.5429 635.755 594.07 558.479 541.41 538.882 527.379 680.048 714.524 761.523 853.764 900.094 984.785 1044.82 1106.3 1164.77 1254.84 1334.72 1423.15 1474.23 1562.9 1619.47 1698.28 1867.55 2260.85 2466.48 2635.71 2797.61 2949.62 3043.49 3133.47 2989.97 2873.34 2742 2600.33 2553.96 2398.58 2384.43 2366.73 2324.99 2280.13 2227.88 2181.93 2144.45 2187.24 2196.67 2269.4 2359.74 2458.58 2304.41 2152.86 2052.32 1912.94 1709.97 1447.8 1173.4 1156.13 1152.92 1136.01 1108.62 1100.96 1085.22 1087.26 1090.54 1083.76 1085.79 1094.54 1097.39 1093.87 1096.49 1107.41 1108.92 1119.36 1173.37 1188.16 1190.87 1237.94 1232.37 1614.07 1803.38 1923.97 2038.53 2164.37 2286.13 2405.98 2333.25 2245.98 2186.84 2184.29 2238.72 2248.33 2283.74 2324.37 2340.68 2349.1 2424.14 2451.48 2596.1 2666.23 2759.51 2909.88 3076.98 3251.96 3123.76 2995.44 2804.57 2614.48 2416.63 2149.16 1717.14 1691.58 1600.13 1516.4 1410.73 1352.24 1279.43 1211.66 1100.42 1037.88 970.128 870.242 768.771 707.583 648.777 599.811 581.993 592.055 605.872 630.449 683.271 573.04 29.274 9.44281 -37.8902 -88.8686 -139.219 -181.282 -236.018 -280.424 -326.893 -367.356 -399.462 -429.202 -444.79 -450.794 -466.783 -484.966 -508.153 -510.834 -545.214 -548.95 -559.474 -549.145 -519.713 -527.881 -517.805 -490.907 -426.955 -473.086 -496.562 -526.683 -548.997 -527.801 -326.167 -98.8198 6.53568 
31.2216 -95.7423 -277.322 -522.309 -613.341 -605.484 -564.234 -532.634 -474.834 -477.445 -550.692 -555.683 -569.272 -583.041 -595.53 -583.545 -580.964 -565.48 -537.417 -510.237 -499.065 -481.567 -458.827 -439.706 -419.245 -385.785 -357.824 -302.879 -250.195 -204.262 -153.852 -107.02 -58.5503 -4.83508 53.4867 654.923 620.032 582.168 563.792 559.115 546.766 703.288 723.756 769.261 858.11 905.13 990.058 1049.43 1111.19 1169.3 1261.09 1341.21 1430.54 1481.7 1571.92 1627.93 1697.03 2007.95 2421.11 2625.8 2795.09 2954.24 3113.23 3227.42 3013.64 2855.49 2754.13 2632.3 2493.7 2445.82 2289.57 2276.15 2258.54 2217.88 2178.14 2128.8 2087.24 2050.41 2088.78 2101.1 2165.97 2235.28 2380.48 2497.17 2314.81 2193.57 2059.55 1843.9 1587.73 1145.12 1142.02 1140.28 1122.2 1095.66 1087.96 1072.08 1074.26 1077.13 1070.98 1072.45 1079.83 1083.05 1078.9 1081.68 1092.53 1094.18 1104.38 1156.2 1171.55 1174.17 1216.98 1236.15 1749.85 1937.66 2068.71 2179.08 2313.25 2473.82 2360.8 2210.71 2141.83 2090.75 2086.96 2139.03 2145.47 2179.83 2218.38 2236.31 2245.98 2322.07 2348.84 2494.3 2561.98 2653.69 2795.81 2946.9 3123.76 3304.28 3177.88 2972.49 2777.21 2578.05 2311.37 1710.84 1698.91 1606.27 1522.76 1416.81 1358.11 1284 1215.58 1104.33 1041.94 973.89 874.139 775.136 716.331 667.996 623.024 603.153 613.985 628.198 656.08 711.508 593.148 45.0687 25.023 -23.8392 -76.9472 -128.464 -172.176 -227.996 -274.577 -322.914 -365.231 -399.301 -434.35 -458.598 -466.585 -484.763 -504.678 -530.24 -535.657 -574.448 -581.3 -594.894 -587.602 -563.705 -571.489 -561.468 -543.717 -481.023 -522.793 -553.341 -582.689 -607.917 -619.655 -406.102 -169.57 -52.1864 
-26.3781 -161.722 -355.286 -609.571 -665.337 -653.573 -609.032 -583.902 -522.744 -533.885 -603.817 -605.397 -621.637 -631.95 -640.736 -627.48 -619.018 -598.706 -569.419 -540.866 -527.646 -508.155 -483.666 -456.748 -427.741 -386.855 -355.763 -297.794 -242.381 -193.635 -141.679 -92.1649 -41.7273 13.4595 85.5495 693.539 661.854 622.906 611.26 608.653 603.817 762.325 775.302 817.699 908.549 958.793 1045.94 1103.53 1162.18 1219.6 1310.3 1392.09 1480.02 1530.85 1622.02 1678.38 1737.44 2171.46 2624.61 2820.05 2964.61 3126.74 3275.54 3108.76 2880.99 2736.65 2640.09 2516.5 2374.73 2324.6 2168.52 2155.48 2137.35 2100.73 2058.11 2008.6 1967.49 1930.42 1972.16 1986.1 2051.15 2115.91 2242.61 2396.34 2467.43 2326.46 2188.68 1980.75 1725.5 1106.76 1117.18 1116.61 1097.33 1071.37 1064.06 1047.91 1049.43 1052.67 1047.73 1047.7 1054.43 1056.61 1052.56 1056.41 1065.58 1067.67 1078.29 1127.11 1142.23 1145.47 1186.02 1225.52 1875.88 2066.24 2196.26 2309.41 2466.98 2429.41 2225.87 2092.1 2032.15 1978.97 1970.86 2019.15 2024.25 2058.84 2100.12 2116.12 2125.8 2202.34 2227.77 2373.39 2443.54 2538.75 2684.03 2831.01 2995.44 3177.88 3349.6 3168.48 2974.89 2784.13 2513.24 1745.36 1746.44 1652.49 1569.57 1466.18 1407.39 1335.67 1268.61 1161.41 1097.13 1027.44 927.172 825.438 767.415 724.819 682.284 655.136 663.782 669.589 698.006 756.071 633.141 65.9739 45.7364 -5.82399 -61.529 -115.362 -160.466 -218.323 -268.136 -318.713 -364.803 -405.184 -443.807 -482.343 -492.289 -512.273 -533.512 -561.405 -568.563 -609.52 -621.685 -639.448 -633.749 -613.921 -620.614 -609.86 -599.573 -538.697 -569.846 -605.026 -633.712 -660.582 -666.515 -489.263 -245.664 -108.868 
-75.7952 -219.852 -437.158 -650.291 -679.292 -659.756 -607.529 -576.443 -508.881 -545.286 -611.106 -609.852 -623.281 -636.31 -642.019 -625.67 -617.087 -587.71 -558.538 -530.263 -515.965 -496.945 -473.055 -424.847 -394 -347.274 -310.406 -250.388 -194.062 -144.891 -92.6778 -41.7695 10.434 66.9108 157.672 768.004 718.913 678.276 660.457 654.009 676.023 840.158 876.841 920.18 1004.61 1049.76 1134.28 1198.51 1263.08 1325.3 1422.16 1507.22 1600.08 1653.51 1748.69 1806.56 1858.61 2390.03 2891.53 3071.21 3171.98 3286.51 3148.41 2914.73 2696.75 2549.74 2444.38 2320.64 2177.01 2126.35 1972.19 1960.31 1945.69 1905.3 1856.96 1808.77 1773.26 1737.4 1774.47 1784.22 1847.37 1910.83 2032.31 2163.29 2316.37 2423.65 2255.19 2039.96 1793.52 1025.02 1048.39 1043.45 1024.74 999.051 991.33 975.731 977.125 979.877 974.781 973.895 980.484 979.809 978.149 981.243 992.119 993.641 1004.31 1050.47 1066.42 1069.93 1108.01 1144.4 1929.54 2124.32 2258.76 2389.78 2396.76 2186.92 2010.6 1886.25 1828.07 1771.31 1768.24 1820.22 1823.43 1861.12 1903.14 1918.18 1933.7 2010.56 2037.49 2184.1 2252.97 2344.61 2492.12 2637.37 2804.57 2972.49 3168.48 3401.55 3237.03 3045.66 2787.08 1863.21 1873.72 1778.68 1691.89 1583.9 1516.46 1437.17 1364.87 1249.39 1186.9 1122.66 1018.98 927.524 868.235 825.9 761.504 694.462 709.893 723.447 752.445 812.049 723.897 117.553 99.4962 46.5182 -9.44912 -63.4824 -111.494 -169.633 -221.33 -273.174 -321.52 -364.851 -411.992 -450.258 -479.784 -500.411 -522.111 -549.302 -558.684 -599.672 -615.693 -636.481 -635.222 -619.671 -623.036 -615.375 -606.3 -547.783 -560.033 -601.726 -640.484 -670.594 -677.435 -578.518 -318.714 -161.245 
-108.116 -259.209 -507.137 -641.27 -663.627 -637.785 -587.227 -551.095 -483.657 -542.472 -600.537 -597.34 -614.848 -626.195 -629.007 -607.578 -597.652 -567.483 -539.914 -512.207 -497.167 -478.69 -443.918 -397.305 -363.536 -309.838 -269.319 -208.482 -151.7 -101.549 -47.6784 4.89148 58.1842 114.5 223.331 834.274 779.486 739.371 726.977 724.734 778.989 948.926 993.815 1028.77 1111.86 1160.24 1246.86 1312.87 1374.76 1439.27 1537.94 1625.8 1719.6 1776.17 1873.22 1931.09 1977.82 2497.78 3111.43 3283.31 3311.57 3178.47 2953.64 2736.63 2518.64 2367.38 2258.01 2129.8 1992.04 1941.34 1786.1 1772.52 1757.96 1719.09 1671.65 1626.3 1596.62 1561.79 1598.62 1604.4 1658.14 1721.53 1842.35 1958.07 2093.16 2239.93 2340.54 2099.09 1753.9 971.256 998.84 990.732 970.751 945.966 940.735 922.717 926.263 925.884 923.086 919.07 924.835 925.584 924.37 927.563 938.715 940.911 950.453 991.93 1008.38 1014.91 1049.45 1073.9 1969.43 2181.95 2332.54 2323.37 2167.04 1978.13 1820.92 1700.24 1645.76 1590.34 1587.4 1640.05 1638.84 1674.46 1718.16 1731.53 1750.38 1829.3 1858.16 2003.57 2068.91 2155.81 2302.53 2447.48 2614.48 2777.21 2974.89 3237.03 3472.76 3284.23 3003.7 1980.81 1997.57 1904.38 1813.34 1702.39 1630.7 1550.59 1474.71 1362.05 1299.26 1236.71 1126.92 1035.98 981.468 949.513 872.756 760.716 778.248 783.019 813.893 866.245 800.106 166.177 148.904 94.688 37.6298 -17.4442 -66.3664 -127.088 -178.961 -232.432 -281.13 -327.879 -382.913 -422.77 -455.214 -481.421 -502.972 -530.05 -541.134 -579.264 -599.61 -621.003 -624.471 -607.494 -616.717 -603.14 -600.565 -543.931 -537.125 -579.671 -624.699 -656.246 -666.848 -584.749 -377.039 -193.497 
-143.222 -320.423 -504.708 -611.1 -622.015 -588.356 -538.145 -500.716 -440.566 -502.454 -552.063 -548.794 -558.745 -573.609 -572.043 -549.013 -537.736 -507.072 -481.985 -455.293 -441.603 -422.572 -381.18 -335.124 -301.082 -242.828 -195.34 -136.068 -81.1196 -31.7504 21.3244 73.154 125.807 180.796 295.228 907.476 837.3 805.226 796.136 794.087 859.381 1024.86 1087.75 1121.72 1202.43 1236 1316.9 1383.01 1448.44 1515.65 1614.56 1702.72 1793.49 1848.08 1938.12 1994.54 2031.58 2548.53 3266.3 3428.94 3192.94 2994.81 2786.04 2563.09 2330.74 2178.69 2057.35 1929.41 1792.21 1748.68 1591.91 1576.69 1563.9 1524.72 1483.62 1436.4 1406.48 1375.84 1409.75 1417.34 1469.97 1530.55 1645.78 1764.55 1899.4 2017.29 2173.64 2204.46 1743.95 932.865 963.208 954.53 933.684 909.202 904.498 886.731 889.611 889.393 885.816 882.221 887.232 886.814 886.762 890.308 901.736 904.025 913.85 953.336 970.191 977.853 1011.37 1031.76 1994.09 2310.23 2223.15 2093.93 1970.26 1787.88 1627.06 1509.18 1456.93 1401.06 1396.43 1451.93 1451.13 1482.42 1526.35 1539.45 1561.38 1635.94 1668.56 1807.7 1869.74 1961.53 2107.45 2251.35 2416.63 2578.05 2784.13 3045.66 3284.23 3440.31 3099.2 2040.45 2065.79 1978.26 1890.65 1782.39 1710.7 1628.31 1547.51 1431.33 1372.33 1315.28 1215.55 1131.94 1071.97 1046.08 951.876 833.338 843.676 854.019 870.945 923.732 885.74 229.35 215.014 161.636 105.349 50.9236 3.04201 -57.1194 -107.746 -159.884 -210.388 -262.174 -320.287 -360.685 -396.238 -425.331 -446.416 -472.467 -481.929 -519.043 -539.27 -560.556 -570.56 -555.912 -563.758 -548.423 -552.543 -498.819 -485.672 -527.738 -577.486 -609.051 -626.702 -557.422 -441.445 -239.758 
-131.791 -264.643 -342.295 -443.202 -437.797 -393.456 -336.396 -301.135 -253.606 -311.813 -355.428 -347.755 -359.975 -372.928 -365.499 -344.058 -337.459 -312.932 -294.647 -273.322 -264.076 -232.292 -196.197 -151.921 -118.763 -64.3829 -12.5882 46.7008 103.491 151.085 201.574 251.105 302.483 353.673 465.28 1080.16 1010.41 977.726 966.257 964.07 1050.2 1214.48 1271.83 1288.68 1356.39 1394.94 1478.04 1545.1 1609.28 1675.95 1772.56 1863.25 1948.6 2001.93 2083.56 2136.65 2159.58 2703.04 3233.08 3045.32 2850 2751.42 2533.55 2303.94 2071.71 1908.93 1771.89 1640.96 1489 1437.91 1274.62 1255.96 1244.87 1205.71 1163.38 1116.04 1091.83 1077.36 1123.84 1123.26 1179.97 1245.11 1362.91 1474.27 1600.7 1720.63 1826.84 1881.15 1840.6 908.709 945.428 935.821 913.253 887.687 883.644 866.104 868.507 868.625 863.381 859.989 864.823 862.478 863.255 867.979 880.216 883.383 892.462 930.444 950.089 958.396 991.755 1023.79 2030.18 1889.33 1816.21 1795.4 1685.16 1512.95 1348.55 1234.88 1175 1111.48 1101.77 1150.48 1131.88 1165.8 1208.96 1219.21 1244.6 1315.89 1354.93 1509.2 1576.62 1675.85 1824.96 1978.51 2149.16 2311.37 2513.24 2787.08 3003.7 3099.2 3295.24 2183.38 2210.39 2130.99 2047.23 1945.51 1879.73 1796.69 1714.41 1599.95 1535.59 1473.36 1372.51 1297.3 1248.11 1246.33 1144.93 1016.55 1012.12 1017.92 1047.96 1087.72 1061.16 396.571 385.639 336.817 282.568 230.734 185.714 127.646 76.496 21.8324 -32.9568 -82.9741 -138.261 -177.659 -209.026 -240.021 -266.232 -288.094 -291.767 -323.719 -337.507 -353.652 -364.98 -356.063 -360.98 -348.175 -353.823 -310.43 -280.051 -327.179 -374.79 -424.32 -447.716 -394.238 -286.045 -255.731 
106.575 243.561 178.958 96.1218 122.726 159.35 205.479 256.45 261.714 218.134 191.488 185.74 180.593 177.274 170.128 170.743 160.23 166.576 166.453 173.565 184.065 201.919 226.936 259.244 282.735 323.84 362.534 408.338 451.465 489.872 528.657 568.792 610.658 647.211 766.685 1451.17 1414.15 1394.18 1387.36 1378.94 1517.73 1679.12 1687.63 1680.29 1727.73 1756.86 1830.76 1898.78 1961.41 2029.49 2119.99 2214.63 2290.64 2341.48 2400.32 2437.13 2479.59 2282.66 2062.11 1995.78 1821.9 1750.69 1705.15 1678.5 1629.14 1575.48 1522.23 1470.97 1394.4 1339.43 1268.31 1239.31 1223.06 1172.71 1137.98 1089.29 1026.04 959.454 944.118 911.054 893.672 864.293 850.339 780.127 727.492 706.804 697.942 695.698 800.57 1021.85 986.587 977.145 952.16 925.327 920.778 903.618 905.737 905.979 900.172 896.31 902.539 899.378 900.112 906.042 918.864 921.985 929.555 969.18 992.64 1003.28 1038.93 1053.77 765.054 719.163 704.604 705.82 750.695 785.639 826.045 851.123 891.433 921.908 974.962 1032.66 1099.27 1147.45 1187.51 1192.91 1230.07 1303.36 1333.67 1410.62 1471.6 1516.7 1587.05 1645.16 1717.14 1710.84 1745.36 1863.21 1980.81 2040.45 2183.38 2582.22 2518.42 2460.86 2385.87 2287.96 2227.66 2148.92 2060.16 1944.42 1881.7 1822.99 1741.52 1677.2 1642.06 1671.32 1603.48 1449.34 1420.57 1424.2 1448.24 1468.23 1414.36 675.418 675.615 638.717 595.377 554.078 516.773 470.992 429.187 389.086 347.207 310.773 268.603 238.751 217.394 201.332 174.386 165.072 177.314 160.06 165.249 168.802 177.713 195.29 179.832 191.656 195.924 224.026 280.992 230.499 182.162 143.264 107.178 127.675 207.615 189.42 
88.4681 206.71 137.202 55.7134 86.1157 127.407 171.134 224.303 230.139 190.292 170.177 166.336 161.729 159.65 155.2 158.129 149.953 159.698 161.923 173.902 195.68 215.911 244.241 278.506 305.098 348.719 389.125 437.152 482.386 522.033 562.699 605.394 648.533 684.166 812.251 1485.19 1436.01 1415.93 1408.1 1400.5 1541.82 1689.96 1707.44 1710.06 1761.25 1784.8 1852 1922.14 1987.19 2057.73 2149.71 2241.99 2315.75 2361.69 2402.91 2426.65 2437.46 2266.54 2094.66 2016.78 1839.71 1759.81 1702.72 1664.73 1608.2 1550.95 1491.27 1432.8 1354.99 1304.51 1229.54 1199.26 1181.13 1131.24 1096.73 1048.72 991.359 928.93 919.413 889.517 875.787 855.786 849.95 793.407 753.922 742.489 743.573 748.814 840.887 982.301 952.332 943.973 917.442 892.202 887.598 870.7 872.766 872.939 866.714 863.099 868.914 866.134 866.708 872.667 884.599 887.793 895.868 934.286 957.924 967.516 1002 1018.81 820.985 771.162 752.193 746.908 779.282 800.853 825.709 841.615 873.348 894.159 941.509 996.379 1055.11 1100.9 1139.83 1146.14 1183.58 1253.62 1282.7 1359.86 1421.29 1474.35 1551.27 1615.69 1691.58 1698.91 1746.44 1873.72 1997.57 2065.79 2210.39 2518.42 2497.79 2466.18 2402.44 2313.4 2252.82 2173.45 2081.29 1963.38 1904.35 1849.3 1775.11 1709.37 1668.83 1687.76 1622.6 1472.91 1440.71 1449.76 1464.74 1495.24 1454.78 714.986 711.133 675.853 632.673 588.932 550.613 502.497 459.498 417.222 373.192 335.06 290.366 257.51 232.803 214.303 185.961 162.439 172.523 152.202 154.448 155.327 161.257 176.678 160.876 171.624 173.009 194.057 247.587 197.384 146.075 108.282 68.9755 86.5932 167.319 157.899 
94.3038 214.691 133.437 54.318 90.2068 136.836 180.959 232.732 205.74 166.663 148.728 142.93 139.001 139.539 133.266 137.819 132.253 141.154 144.224 164.029 190.646 209.559 241.901 279.246 308.718 354.983 397.993 448.742 496.913 538.12 580.789 626.069 669.9 701.797 858.551 1544.94 1490.48 1463.22 1465.08 1511.42 1665.78 1801.32 1840.3 1839.69 1902.27 1928.56 2009.73 2086.87 2155.54 2231.22 2318.36 2410.23 2482.61 2514.69 2435.88 2412.4 2390.95 2198.65 2010.06 1926.69 1746.1 1668.38 1609.37 1573.51 1520.14 1465.04 1399.36 1342.76 1270.98 1218.67 1151.16 1120.21 1100.42 1052.1 1017.54 971.083 914.13 852.321 844.397 813.769 797.487 776.705 763.718 708.849 662.944 650.019 650.279 658.191 755.476 909.907 878.255 869.886 843.032 818.624 814.08 797.24 798.567 799.299 793.852 790.625 795.481 792.601 793.946 799.561 811.351 814.654 823.034 860.542 883.584 893.275 927.209 943.998 731.871 675.687 658.379 657.494 684.416 712.403 736.951 758.654 790.024 810.794 859.885 914.227 974.903 1019.42 1060.22 1067.42 1106.76 1176.3 1205.81 1277.66 1337.61 1389.49 1464.5 1526.53 1600.13 1606.27 1652.49 1778.68 1904.38 1978.26 2130.99 2460.86 2466.18 2575.19 2561.23 2482.46 2422.17 2348.73 2248.38 2130.19 2063.06 1994.84 1915.95 1840.86 1792.64 1813.68 1744.96 1600.22 1498.27 1499.83 1515.38 1553.12 1524.8 740.845 730.654 696.343 653.382 609.006 568.375 517.978 472.919 428.066 381.108 340.375 292.714 256.255 228.426 209.488 180.483 149.611 154.192 134.405 136.253 134.059 138.306 154.347 137.944 149.273 154.337 170.848 221.486 206.496 155.922 116.305 73.555 84.7732 161.405 168.314 
95.4749 216.128 131.684 55.6372 97.9394 143.095 189.815 244.076 207.693 178.139 164.728 159.074 157.927 161.325 154.303 158.875 154.903 165.598 171.639 206.756 235.16 254.946 290.466 330.177 360.895 407.843 452.455 504.713 553.348 595.254 638.863 684.936 727.651 756.798 921.888 1581.68 1540.45 1510.66 1511.74 1566.23 1721.3 1837.93 1900.56 1888.5 1951.4 1982.45 2066.96 2143.85 2214.06 2292.85 2378.52 2469.18 2542.95 2565.97 2436.8 2376.94 2339.49 2126.69 1927.42 1837.97 1661.13 1586.42 1527.11 1494.46 1448.6 1395.67 1329.83 1272.63 1206.25 1156.15 1095.81 1065.08 1044.74 997.081 963.327 917.944 860.547 799.37 792.326 762.398 743.081 723.532 710.241 659.496 611.114 597.94 600.733 610.048 704.166 862.48 830.948 822.266 793.652 769.619 765.744 748.292 746.745 748.756 743.848 741.454 745.916 742.815 745.484 751.941 761.939 766.652 776.399 813.914 836.998 846.074 881.567 898.492 684.732 625.517 610.801 611.404 637.662 667.053 691.623 712.93 744.33 763.332 813.175 864.673 924.275 965.7 1005.63 1011.95 1053.34 1119.08 1145.89 1212.77 1271.67 1322.84 1394.66 1449.53 1516.4 1522.76 1569.57 1691.89 1813.34 1890.65 2047.23 2385.87 2402.44 2561.23 2601.33 2541.97 2478.39 2408.44 2304.61 2186.92 2118.66 2045.91 1962.61 1888.96 1851.53 1871.53 1795.09 1660.36 1540.07 1545.34 1565.89 1597.71 1581.5 797.274 785.875 753.111 710.892 668.327 626.847 574.892 529.31 484.157 434.933 392.998 344.018 305.269 274.984 254.956 223.479 188.903 179.492 158.768 158.73 156.421 159.095 173.61 156.43 165.175 170.637 178.44 223.243 215.386 164.777 121.851 83.2661 83.2771 159.385 170.405 
96.6658 219.09 134.419 64.5508 127.38 172.442 220.551 253.612 217.457 194.681 181.606 176.098 176.654 183.685 176.567 181.127 177.125 189.203 212.957 246.533 275.41 298.61 334.802 377.176 408.927 456.636 502.167 555.601 606.265 647.026 691.963 737.198 779.889 807.107 975.095 1577.63 1528.33 1505.08 1501.79 1602.13 1755.16 1857.18 1981.81 1968.81 2028.64 2059.78 2149.34 2235.42 2309.22 2383.36 2465.58 2527.99 2548.74 2551.37 2402.59 2343.83 2283.37 2044.19 1831.9 1725.87 1557.71 1483.54 1423.91 1392.18 1351.16 1300.49 1229.16 1172.05 1106.28 1056.35 997.204 965.671 944.595 894.933 861.34 818.127 756.561 695.217 689.894 658.714 635.56 615.372 596.856 548.829 500.934 486.96 488.415 499.698 590.191 753.653 723.827 715.521 685.649 662.491 659.777 642.714 639.776 642.049 637.727 636.064 638.635 634.746 639.26 646.565 652.539 658.023 670.123 706.05 725.884 735.551 769.906 792.527 570.996 512.618 497.914 499.352 523.592 555.06 580.754 604.797 635.127 654.635 707.995 761.313 819.316 865.478 906.172 912.17 955.579 1020.48 1045.75 1109.63 1174.3 1224.82 1298.16 1349.17 1410.73 1416.81 1466.18 1583.9 1702.39 1782.39 1945.51 2287.96 2313.4 2482.46 2541.97 2590.15 2562.88 2496.75 2395.45 2272.82 2199.61 2120.01 2037.06 1971.52 1933.41 1936.73 1825.06 1699.13 1546.79 1541.48 1555.94 1586.45 1610.98 847.041 837.099 803.318 761.875 721.196 680.164 627.096 582.105 534.834 484.554 441.204 391.731 350.046 318.49 295.466 263.651 229.454 205.641 181.941 182.319 179.187 181.152 193.682 176.582 184.062 188.418 192.339 234.47 246.638 192.849 152.533 110.149 86.6284 161.848 172.53 
99.6432 225.146 141.118 72.2141 131.844 176.752 222.986 233.428 198.973 182.228 170.993 165.018 166.231 175.008 167.736 172.272 169.565 191.604 224.701 261.507 291.742 317.27 356.41 399.655 434.133 483.465 530.562 585.824 637.817 680.085 723.434 768.225 809.207 833.647 1002.56 1619.45 1575.31 1554.55 1548.37 1696.38 1838.05 1930.82 2039.94 2022.71 2084.49 2118.45 2218.35 2308.05 2375.98 2446.98 2519.91 2548.17 2494.17 2486.98 2332.73 2273.78 2212.83 1977.98 1763.8 1652.29 1494.27 1422.07 1363.23 1334.19 1298.73 1250.82 1180.37 1128.61 1064.97 1014.55 952.914 922.131 900.816 849.845 817.051 776.491 715.49 655.091 649.943 617.732 596.925 575.23 552.337 507.525 462.826 449.479 447.01 460.754 554.065 724.513 693.082 685.874 655.741 633.314 630.207 613.102 610.466 612.773 608.068 606.214 609.019 605.645 609.802 616.813 623.094 628.775 640.697 676.074 696.389 705.31 738.43 766.215 535.173 475.23 458.692 460.501 480.846 514.624 541.859 565.368 597.463 615.649 668.702 719.788 776.731 825.159 863.818 870.626 914.376 980.108 1005.77 1063.69 1130.79 1175.46 1247.57 1294.04 1352.24 1358.11 1407.39 1516.46 1630.7 1710.7 1879.73 2227.66 2252.82 2422.17 2478.39 2562.88 2611.16 2553.21 2462.4 2347.75 2266.69 2177.18 2094.42 2024.13 1989.09 2000.41 1900.31 1790.26 1611.67 1590.72 1603.73 1631.92 1648.06 874.463 864.182 832.026 791.125 752.905 713.233 658.855 613.62 563.931 512.624 466.981 415.127 372.874 337.918 312.686 279.471 242.133 217.954 174.748 174.927 169.791 172.044 183.964 164.508 174.394 176.887 179.533 214.692 250.913 196.319 156.516 114.949 94.5141 167.066 177.844 
103.613 231.357 136.685 72.8975 133.753 182.521 230.207 214.393 183.792 175.373 164.48 159.963 162.371 172.781 166.535 171.965 173.103 212.443 247.987 286.231 318.978 348.963 390.526 435.705 473.082 525.058 573.718 631.633 686.108 729.633 772.308 817.742 858.212 880.728 1060.36 1695.72 1647.84 1622.94 1645.89 1818.89 1944.43 2026.97 2142.9 2135.85 2201.56 2248.08 2363.58 2451.88 2516.34 2534.34 2527.15 2507.25 2429.37 2420.09 2256.26 2201.26 2138.94 1906.98 1684.6 1573.46 1418.21 1346.56 1288.51 1262.95 1233.61 1189.13 1117.18 1062.53 999.074 949.482 891.778 860.653 834.449 782.468 750.086 714.582 648.626 587.398 583.797 551.933 526.478 510.792 484.272 436.153 394.052 380.318 374.06 386.091 481.884 661.794 629.976 622.974 592.842 571.57 568.172 551.675 548.803 550.868 545.526 544.917 547.36 545.399 549.394 555.24 561.617 568.032 578.501 614.089 634.68 643.691 681.138 705.144 464.867 405.23 388.783 392.385 406.344 446.282 474.523 499.433 525.514 548.468 601.215 652.009 707.61 760.837 795.421 806.073 847.11 912.474 941.654 995.893 1065.26 1106.02 1182.72 1226.91 1279.43 1284 1335.67 1437.17 1550.59 1628.31 1796.69 2148.92 2173.45 2348.73 2408.44 2496.75 2553.21 2616.52 2596.72 2487.21 2409.55 2308.99 2212.73 2136.66 2098.49 2098.78 2004.59 1906.1 1734.76 1658.11 1673.74 1705.46 1729.13 921.438 913.081 882.478 841.472 802.799 763.419 708.72 661.545 609.273 555.272 507.916 453.253 408.15 370.978 341.214 305.496 267.44 239.432 196.738 175.615 168.098 170.14 180.868 159.825 168.711 169.555 171.844 196.667 238.843 201.937 160.244 116.999 91.1774 161.794 184.93 
105.618 231.03 121.093 66.7079 127.228 176.703 224.53 188.404 167.953 163.699 151.621 148.661 150.08 160.92 154.654 162.984 186.765 228.932 269.186 309.158 344.714 377.458 420.738 467.515 505.901 560.649 610.012 670.18 725.045 767.681 807.98 852.371 892.962 911.06 1105.96 1760.66 1711.75 1683.91 1728.46 1912.7 2018.97 2100.09 2222.33 2236.68 2306.63 2361.56 2484.1 2569.15 2627.64 2586.09 2472.33 2420.15 2332.12 2321.31 2164.13 2114.71 2054.3 1835.78 1608.92 1496.52 1348.25 1277.87 1220.49 1195.75 1167.68 1122.41 1052.57 997.789 931.847 881.554 823.575 791.62 762.52 710.361 676.334 645.009 574.886 513.262 509.676 476.871 448.738 433.773 408.205 357.501 317.888 305.896 296.631 308.585 408.255 591.536 559.431 553.118 521.584 501.444 496.943 480.981 477.898 478.836 472.725 471.661 472.847 471.753 475.721 482.259 488.483 494.659 505.862 540.413 560.453 570.308 610.459 633.257 386.976 328.197 311.523 314.816 325.833 368.299 397.926 420.15 444.955 474.034 526.45 578.495 634.29 690.338 721.306 736.379 774.728 842.174 874.593 930.476 1001.17 1037.07 1117.67 1161.11 1211.66 1215.58 1268.61 1364.87 1474.71 1547.51 1714.41 2060.16 2081.29 2248.38 2304.61 2395.45 2462.4 2596.72 2687.31 2598.23 2526.19 2422.3 2318.1 2237.81 2196.19 2174.12 2077.69 1990.53 1836.02 1717.67 1735.26 1768.02 1800.92 952.163 945.884 917.176 877.3 839.318 801.476 747.612 701.376 648.441 591.792 542.732 486.674 439.635 400.323 366.962 328.368 288.901 257.921 212.175 175.501 155.299 157.694 168 147.117 157.623 153.376 160.217 175.903 218.392 195.017 154.004 111.189 76.0523 146.502 188.508 
107.384 236.4 130.348 99.9688 163.975 217.376 243.332 193.212 178.361 174.742 162.788 158.351 163.977 175.27 167.363 195.262 226.436 269.799 312.483 352.977 387.205 420.675 465.627 514.433 554.197 611.054 661.374 722.517 776.951 816.741 857.244 902.298 941.822 960.321 1156.64 1739.83 1687.54 1656.31 1787.42 1964.23 2053.59 2130.99 2263.72 2333.94 2415.23 2487.46 2617.76 2645.25 2611.8 2540 2401.05 2324.68 2224.47 2201.54 2053.48 1996.95 1945.49 1733.59 1501.01 1375.15 1237.15 1166.43 1109.47 1087.18 1057.96 1006.48 938.01 887.909 818.158 764.485 709.794 674.676 646.112 587.548 551.282 522.251 451.883 387.194 385.562 340.901 320.231 304.763 276.543 227.571 179.843 171.272 158.829 177.832 276.869 459.963 427.42 421.769 390.401 372.433 366.739 352.197 349.243 348.128 341.758 340.67 341.921 342.906 345.574 353.348 359.517 363.566 374.555 408.879 428.707 440.416 478.858 505.396 254.903 189.326 177.701 181.233 191.315 235.772 268.231 290.805 313.918 349.543 400.909 455.226 509.114 564.906 602.618 615.629 657.18 724.619 761.337 819.233 885.013 922.459 998.565 1050.71 1100.42 1104.33 1161.41 1249.39 1362.05 1431.33 1599.95 1944.42 1963.38 2130.19 2186.92 2272.82 2347.75 2487.21 2598.23 2709.52 2655.88 2554.65 2438.53 2339 2292.19 2210.32 2112.2 2036.39 1895.74 1697.61 1707.89 1742.04 1792.54 1002.01 995.036 966.181 926.821 889.864 849.305 798.315 753.255 700.518 642.058 591.506 533.832 485.701 444.708 409.323 372.343 328.531 296.929 251.562 215.066 183.486 170.04 181.379 159.892 167.325 165.109 172.656 185.595 221.07 236.953 192.851 145.854 86.1666 154.852 191.661 
109.766 237.202 132.852 108.133 173.967 230.071 232.102 188.027 178.322 175.002 164.987 161.042 170.854 181.964 194.172 225.405 257.593 305.842 349.671 395.085 428.414 464.686 511.927 561.502 603.822 663.077 714.446 774.751 826.308 866.924 905.324 948.641 987.87 1005.69 1199.13 1777.98 1723.5 1696.62 1876.89 2033.44 2115.19 2190.93 2325.69 2412.18 2500.18 2569.15 2617.41 2623.57 2565.27 2474.95 2331.26 2253.47 2161.78 2135.28 1996.85 1936.84 1888.1 1679.98 1443.06 1312.14 1175.4 1103.16 1046.19 1024.87 995.419 941.502 873.7 818.883 752.782 698.818 645.253 607.701 577.104 520.62 481.474 453.602 384.891 320.682 320.156 273.713 253.36 235.689 204.993 161.111 108.347 98.457 86.4389 102.408 199.859 388.624 353.972 347.484 315.717 297.851 291.62 277.236 274.51 272.79 265.635 264.861 266.902 268.229 270.293 278.535 285.189 289.053 300.485 335.327 355.83 367.826 406.386 437.257 179.426 111.302 101.805 105.844 121.789 163.146 198.884 224.745 247.808 283.154 331.744 386.134 438.9 491.929 530.893 546.278 587.591 654.752 696.064 750.289 814.552 857.991 933.827 987.538 1037.88 1041.94 1097.13 1186.9 1299.26 1372.33 1535.59 1881.7 1904.35 2063.06 2118.66 2199.61 2266.69 2409.55 2526.19 2655.88 2695.18 2641.32 2529.97 2423.42 2367.87 2269.32 2172.55 2100.63 1979.26 1780.3 1741.55 1778.27 1827.34 1044.07 1039.28 1011.95 973.18 937.06 898.48 848.135 805.287 754.663 694.838 643.093 581.515 532.713 490.786 452.001 412.797 369.3 334.208 284.642 244.943 212.803 177.109 187.433 163.704 168.019 165.084 174.038 184.118 209.397 244.056 204.15 155.052 89.1656 156.388 195.912 
113.339 219.648 118.046 94.7276 161.329 215.243 189.312 156.895 151.891 147.709 136.507 133.969 146.301 167.83 195.461 230.686 263.948 318.395 364.061 412.588 446.718 486.823 536.783 588.923 632.418 695.311 746.779 806.761 858.913 898.326 936.714 979.567 1019.39 1035.4 1224.3 1873.75 1811.47 1799.01 2015.92 2146.62 2221.42 2297.63 2438.83 2534.66 2633.34 2643.68 2566.58 2533.42 2466.37 2377.71 2243.22 2172.08 2091.36 2066.88 1941.47 1879.49 1832.59 1629.61 1388 1250.17 1109.83 1035.75 977.855 957.002 928.218 871.897 807.264 749.507 687.291 635.025 578.635 540.098 509.478 456.362 412.699 382.989 315.054 250.053 246.997 197.534 177.807 153.042 124.917 84.6317 28.8829 19.9982 11.1379 27.1108 127.829 326.056 290.599 284.078 251.655 234.034 228.056 213.858 211.165 209.379 202.466 201.783 203.15 205.74 207.345 214.778 222.005 225.609 236.15 270.635 290.757 302.974 339.258 373.067 104.288 29.8862 19.1628 23.7 43.4357 81.2163 119.432 146.423 172.656 209.616 259.188 315.396 368.833 421.519 461.964 478.009 519.256 586.006 630.867 682.2 745.164 793.416 866.864 919.417 970.128 973.89 1027.44 1122.66 1236.71 1315.28 1473.36 1822.99 1849.3 1994.84 2045.91 2120.01 2177.18 2308.99 2422.3 2554.65 2641.32 2721.65 2665.61 2555.26 2487.97 2377.99 2277.92 2206.42 2108.94 1925.65 1827.17 1872.29 1886.09 1070.42 1069.86 1043.27 1004.74 968.492 930.202 879.862 838.436 787.069 728.033 674.94 610.664 559.668 515.446 474.381 429.341 385.619 349.063 294.482 248.172 214.011 179.366 160.811 136.794 139.036 136.127 147.606 156.396 170.67 215.868 189.861 142.575 74.0987 140.588 202.289 
118.56 220.665 124.048 111.163 168.828 220.56 158.4 137.136 126.15 124.07 116.946 116.711 131.74 178.824 209.758 247.877 285.405 342.343 386.402 437.733 474.628 518.908 571.982 628.446 673.574 738.851 790.344 851.31 902.362 942.039 980.085 1023.32 1061.74 1077.53 1264.62 1922.83 1880.06 1940.72 2161 2279.17 2350.14 2429 2541.19 2650.7 2745.52 2609.21 2480.68 2426.76 2365.73 2283.33 2160.65 2092.42 2009.48 1987.86 1858.22 1797.16 1746.39 1534.07 1284.45 1143.25 1004.62 931.1 872.764 853.094 826.858 772.931 705.841 646.287 584.995 535.616 479.543 436.983 408.28 357.497 314.018 285.988 217.588 151.712 147.801 93.5276 81.8968 49.3327 23.7445 -19.9748 -74.4989 -83.6427 -84.8003 -61.3537 36.8261 248.622 210.387 203.729 170.092 151.812 146.961 132.453 130.154 128.464 121.705 121.599 123.534 128.04 131.044 137.564 142.987 147.393 158.092 192.471 213.388 225.29 258.314 294.101 14.3933 -66.8824 -77.8451 -66.9835 -47.1809 -5.80445 35.1 67.1851 93.9522 127.505 176.745 228.439 279.174 326.424 364.716 384.654 424.551 486.791 538.317 580.068 650.16 696.694 769.137 821.499 870.242 874.139 927.172 1018.98 1126.92 1215.55 1372.51 1741.52 1775.11 1915.95 1962.61 2037.06 2094.42 2212.73 2318.1 2438.53 2529.97 2665.61 2782.68 2688.36 2601.75 2496.13 2404.15 2337.18 2243.19 2090.58 1904.13 1943.29 1915.62 1113.19 1112.41 1086.2 1048.28 1012.88 973.603 923.914 882.04 829.886 772.752 717.517 651.84 597.034 549.847 505.646 456.758 410.276 373.753 315.686 266.052 226.981 190.279 161.554 119.072 120.372 117.509 125.594 136.549 149.558 181.98 198.069 154.049 87.1527 144.131 211.606 
121.279 228.04 133.911 131.813 203.806 211.635 145.312 130.83 117.72 111.493 106.738 112.19 149.216 200.966 233.391 275.259 314.813 371.807 422.308 471.573 512.341 559.808 614.421 673.837 719.227 784.853 836.809 896.022 945.667 984.718 1022.91 1065.2 1103.56 1118.05 1307.22 1931.12 1866.75 2068.48 2254.52 2356.84 2429.27 2503.23 2653.99 2771.47 2678.02 2527 2400.38 2338.77 2289.46 2206.51 2091.13 2025.92 1944.96 1918.4 1796.21 1742.21 1691.37 1463.37 1207.74 1061.66 915.788 841.022 778.086 757.846 729.294 675.591 599.47 543.924 475.969 421.553 368.917 318.902 282.79 229.272 184.724 153.939 74.5417 4.00804 -1.26457 -61.2548 -78.0324 -116.928 -146.897 -195.117 -255.861 -270.967 -273.37 -261.095 -156.719 58.2214 21.6741 13.3389 -18.4209 -38.2425 -42.9643 -57.1525 -59.1565 -60.1588 -67.1367 -65.3982 -63.3827 -58.8633 -54.75 -50.5736 -42.6136 -40.2505 -30.0962 6.11734 25.2246 38.5367 70.5942 107.715 -176.155 -261.285 -270.661 -262.828 -229.077 -196.975 -145.94 -109.874 -83.5497 -42.344 12.8862 72.904 136.496 184.831 233.286 253.356 298.914 365.865 423.646 467.034 544.556 590.848 667.848 721.699 768.771 775.136 825.438 927.524 1035.98 1131.94 1297.3 1677.2 1709.37 1840.86 1888.96 1971.52 2024.13 2136.66 2237.81 2339 2423.42 2555.26 2688.36 2811.77 2737.96 2593.44 2480.46 2408.5 2325.95 2200.74 1996.32 1926.1 1931.3 1155.11 1152.87 1126.92 1090.42 1055.41 1016.69 966.938 925.893 874.998 819.134 762.86 697.503 641.809 591.919 546.496 493.165 443.604 406.771 346.256 293.83 251.016 207.949 180.665 124.754 111.649 106.79 116.098 130.497 141.826 158.883 233.469 182.651 104.104 152.709 216.46 
126.598 238.72 150.44 135.989 202.142 160.98 107.046 91.9929 79.665 73.1466 72.1439 103.595 151.513 210.751 240.759 287.374 330.723 387.097 439.51 489.779 535.5 587.243 643.738 705.66 751.863 817.579 869.202 927.081 976.561 1015.11 1054.01 1096.14 1134.14 1149.87 1331.64 1994.12 2019.2 2258.14 2418.03 2511.95 2578.82 2650.49 2797.52 2756.38 2606.82 2447.57 2350.92 2293.27 2252.99 2170.08 2057.95 1991.6 1908.85 1880.53 1760.32 1697.4 1651.57 1413.67 1149.34 999.955 859.967 778.692 714.53 691.771 663.288 605.397 522.829 460.445 388.134 326.046 277.9 215.017 169.56 116.112 68.5888 33.789 -48.6289 -121.854 -128.926 -187.492 -210.917 -246.075 -274.675 -320.966 -380.98 -396.419 -395.147 -379.807 -272.008 -48.4342 -82.7147 -92.5824 -121.838 -143.931 -148.267 -162.514 -164.667 -165.778 -170.753 -167.381 -166.259 -161.329 -158.953 -154.772 -144.39 -141.98 -134.395 -99.6828 -78.4871 -65.6732 -37.4123 -0.293819 -290.07 -388.833 -398.49 -393.91 -355.508 -322.954 -268.445 -228.576 -205.913 -164.234 -108.263 -47.1667 20.9953 71.9746 119.97 147.462 198.02 265.779 334.176 380.871 460.913 513.36 594.017 654.455 707.583 716.331 767.415 868.235 981.468 1071.97 1248.11 1642.06 1668.83 1792.64 1851.53 1933.41 1989.09 2098.49 2196.19 2292.19 2367.87 2487.97 2601.75 2737.96 2883.86 2746.26 2628.15 2562.01 2482.03 2369.36 2196.76 1997.72 1991.52 1183.14 1183.99 1158.28 1121.46 1086.75 1047.41 997.858 957.457 906.813 851.547 793.733 729.347 672.714 620.819 571.677 516.233 461.531 422.092 361.673 309.075 259.45 213.459 185.281 122.475 92.3183 69.0942 75.9925 89.6705 105.369 117.666 190.11 187.164 110.5 167.037 226.572 
135.352 241.225 159.123 109.715 110.101 70.2413 22.6226 3.11101 -12.7477 -17.1506 18.8478 51.978 103.288 167.565 198.298 246.14 293.153 347.71 406.231 461.371 512.247 570.421 629.338 693.742 742.359 808.864 861.151 922.957 974.018 1013.26 1053.48 1096.29 1135.89 1154.28 1324.38 2096.87 2329.88 2538.16 2690.84 2781.55 2835.41 2902.79 2825.01 2629.22 2494.01 2345.26 2261.55 2201.51 2159.95 2080.94 1998.82 1969.77 1903.59 1892.71 1767.5 1695.4 1652.88 1406.95 1126.37 977.998 818.653 738.427 665.281 633.639 603.367 545.507 461.497 396.872 326.519 250.321 205.356 148.913 106.936 65.907 32.9944 10.7624 -49.7999 -108.425 -113.299 -159.111 -177.272 -203.246 -232.593 -260.035 -284.316 -294.509 -268.524 -215.863 -88.4513 161.618 136.72 130.703 99.9062 73.8697 76.6919 60.1999 54.4682 56.9762 60.7941 60.6426 52.6144 55.9944 56.0652 62.0013 74.2583 82.9645 84.2375 96.5106 129.159 133.407 149.207 173.225 -145.25 -250.212 -275.596 -280.352 -249.141 -207.868 -149.871 -105.405 -83.6913 -68.0659 -31.7115 -13.1351 30.4228 51.3963 82.0036 100.363 145.652 217.825 283.561 332.006 417.938 466.204 537.358 592.324 648.777 667.996 724.819 825.9 949.513 1046.08 1246.33 1671.32 1687.76 1813.68 1871.53 1936.73 2000.41 2098.78 2174.12 2210.32 2269.32 2377.99 2496.13 2593.44 2746.26 2942.82 2880.75 2828.36 2741.16 2637.7 2470.14 2227 2065.39 1183.74 1188.66 1161.61 1122.38 1086.54 1046.97 995.36 954.483 901.419 843.873 784.509 718.728 662.894 605.889 552.428 493.798 431.785 385.06 319.22 268.548 218.95 168.505 136.481 68.962 39.8614 -3.31847 -16.7601 -2.41073 22.1347 34.9162 94.0772 140.089 121.315 173.462 243.638 
142.557 245.491 168.707 114.407 38.6125 0.139045 -49.0582 -72.2411 -92.1594 -74.3004 -11.7228 22.0521 78.9055 146.239 179.96 226.469 278.781 334.194 397.315 458.418 513.369 575.282 637.387 701.714 751.771 819.561 872.764 933.483 986.374 1027.05 1066.88 1110.55 1151.13 1168.66 1332.54 2212.45 2576.11 2774.21 2921.95 3011.39 3067.23 3065.96 2715.59 2523.62 2389.36 2266.52 2176.23 2105.11 2062.11 1984.87 1897.35 1866.97 1800.86 1776.11 1642.64 1554 1526.49 1291.74 1007.02 860.728 684.309 599.356 539.233 533.635 551.819 528.334 478.228 413.315 360.085 311.306 306.106 274.848 252.803 220.911 209.706 199.962 145.769 90.7614 86.2908 43.7571 25.3885 8.51492 -29.0999 -56.4958 -74.331 -79.9963 -55.8418 0.112613 138.315 406.79 379.717 375.945 345.753 323.233 325.059 308.114 304.555 307.152 310.219 307.974 302.453 310.687 305.219 310.373 324.618 331.57 330.086 343.555 374.8 377.617 389.066 413.608 78.7681 -35.2047 -64.1865 -71.1565 -47.4506 -9.14266 51.7618 92.6895 119.253 135.705 165.321 175.576 219.061 234.688 256.786 283.212 324.429 373.78 420.757 437.112 497.06 520.74 567.81 579.624 599.811 623.024 682.284 761.504 872.756 951.876 1144.93 1603.48 1622.6 1744.96 1795.09 1825.06 1900.31 2004.59 2077.69 2112.2 2172.55 2277.92 2404.15 2480.46 2628.15 2880.75 3099.24 3052.2 2970.5 2865.93 2697.32 2456.61 2086.18 1198 1203.71 1176.69 1137.33 1100.68 1061.08 1009.27 966.59 912.359 855.34 795.646 729.123 671.715 612.17 556.625 494.724 427.876 374.18 303.871 254.83 200.625 147.889 108.118 38.8403 5.33995 -39.8178 -87.103 -82.3308 -51.4318 -31.539 26.0294 71.0477 134.392 181.002 256.498 
143.709 244.418 165.532 112.197 34.5266 -2.66131 -50.9528 -73.2442 -80.8774 -24.2231 40.9357 78.9307 139.542 213.156 246.387 296.051 353.235 408.504 476.396 539.969 595.669 659.736 719.951 781.551 829.099 892.971 944.743 1004.47 1055.24 1094.97 1133.93 1176.32 1214.99 1231.97 1396.83 2277.24 2652.28 2845.27 2988.9 3079.94 3067.75 3024.47 2652.77 2457.02 2327.59 2196.22 2107.23 2029.96 1979.86 1893.05 1795.14 1748.21 1672.09 1640.45 1492.9 1401.5 1379.92 1176.83 892.112 753.307 636.839 575.66 519.755 521.222 555.999 540.711 488.773 416.897 363.52 312.883 301.557 274.618 247.753 219.258 209.263 200.104 145.659 92.007 87.3085 47.6945 35.0764 17.3337 -23.7879 -42.4181 -59.8704 -63.3588 -35.9407 18.3779 157.03 433.539 403.073 404.562 374.869 352.628 354.61 337.953 334.444 337.043 339.845 337.613 332.324 340.592 334.744 340.153 354.164 361.018 359.409 372.263 403.868 403.272 413.663 439.128 101.397 -19.5307 -44.4643 -53.3106 -35.3327 5.53869 61.2362 101.178 126.334 142.458 171.067 180.495 222.371 235.112 251.289 280.784 316.696 366.697 415.649 441.68 508.751 530.04 575.791 577.75 581.993 603.153 655.136 694.462 760.716 833.338 1016.55 1449.34 1472.91 1600.22 1660.36 1699.13 1790.26 1906.1 1990.53 2036.39 2100.63 2206.42 2337.18 2408.5 2562.01 2828.36 3052.2 3107.08 3031.07 2931.76 2763.41 2521.01 2148.9 1258.87 1266.83 1240.12 1202.24 1166.81 1128.31 1077.89 1036.55 983.772 928.188 870.832 808.224 754.215 693.941 639.307 576.379 507.09 451.703 379.174 328.758 268.503 214.48 171.139 98.3528 59.2613 9.02513 -40.593 -85.4553 -52.2342 -33.6291 22.393 67.9437 131.596 178.152 258.759 
142.895 244.662 166.412 112.727 34.3674 -4.22455 -52.5945 -58.3624 -22.9572 35.5565 106.111 151.226 214.711 289.854 326.939 378.587 435.885 494.73 565.887 629.618 686.465 751.819 808.154 867.599 913.317 976.711 1027.88 1083.8 1132.31 1169.3 1206.7 1245.99 1281.98 1296.48 1456.39 2339.59 2705.06 2895.31 3039.89 3052.19 2991.87 2944.93 2569.92 2378.6 2240.91 2099.63 1991.47 1894.27 1830.61 1729.69 1624.37 1590.4 1551.66 1525.27 1453.83 1367.43 1349.6 1186.76 908.024 768.274 650.038 585.976 532.175 532.636 565.041 548.571 506.05 432.074 380.26 338.694 323.905 300.802 274.437 249.424 240.541 231.191 177.891 124.538 119.169 79.8963 68.6522 49.3237 16.6527 -6.19281 -22.7149 -26.4197 4.24023 55.1821 194.85 469.698 441.106 441.739 410.733 388.928 390.304 372.932 370.058 372.404 375.027 372.61 367.837 376.002 370.017 375.264 391.209 397.28 395.465 410.301 442.177 441.484 452.536 475.925 140.939 18.7438 -8.18261 -20.5062 1.08859 35.8299 92.5764 125.137 151.604 169.446 198.124 209.017 250.737 262.815 275.919 305.843 339.849 389.049 433.511 460.661 522.384 543.528 584.847 584.972 592.055 613.985 663.782 709.893 778.248 843.676 1012.12 1420.57 1440.71 1498.27 1540.07 1546.79 1611.67 1734.76 1836.02 1895.74 1979.26 2108.94 2243.19 2325.95 2482.03 2741.16 2970.5 3031.07 3063.79 2976.34 2813.75 2575.63 2207.07 1319.18 1329.81 1305.01 1270.49 1237.99 1201.78 1153.03 1114.74 1064.72 1011.45 955.01 893.194 841.824 784.117 729.515 665.669 597.179 539.93 465.487 411.149 350.922 294.229 248.22 171.61 127.884 70.5986 16.1947 -42.1328 -55.4416 -35.1109 21.6923 67.0593 131.037 180.305 257.306 
141.585 242.102 164.31 109.097 28.6484 -9.94922 -44.5566 2.03834 42.5855 106.971 180.809 231.298 296.143 373.764 412.643 468.841 527.396 588.819 660.599 727.467 785.627 847.343 901.268 956.679 999.57 1059.95 1109.71 1162.96 1208.35 1243.97 1279.68 1316.91 1351.58 1363.24 1520.27 2399.36 2764.08 2958.55 3009.71 2966.59 2896.51 2846.8 2461.3 2262.56 2101.23 1931.12 1796.13 1728.35 1711.41 1651.72 1597.22 1575.3 1557.12 1530.79 1461.47 1374.62 1350.32 1190.19 913.289 778.18 662.074 600.786 546.688 545.696 576.317 561.226 516.445 439.716 389.39 352.164 333.645 313.098 290.321 270.997 263.966 249.352 201.109 148.419 143.598 110.753 101.891 78.6523 51.2812 34.2774 19.5825 15.4698 54.5273 105.665 250.54 525.37 497.404 498.479 469.348 447.445 449.517 433.5 430.398 432.959 435.337 433.011 428.22 436.157 430.19 435.637 449.844 455.772 453.818 466.022 497.831 496.424 501.465 523.702 193.489 63.7789 33.8001 19.9552 48.996 73.888 126.864 160.897 190.031 199.74 226.984 235.823 277.12 281.066 294.382 321.75 355.723 401.279 440.361 470.805 534.877 558.694 598.974 597.955 605.872 628.198 669.589 723.447 783.019 854.019 1017.92 1424.2 1449.76 1499.83 1545.34 1541.48 1590.72 1658.11 1717.67 1697.61 1780.3 1925.65 2090.58 2200.74 2369.36 2637.7 2865.93 2931.76 2976.34 3025.7 2869.85 2634.04 2264.09 1382.49 1395.24 1373.29 1340.73 1309.51 1275.13 1228.54 1191.87 1145.04 1093.95 1039.64 981.033 933.442 877.882 825.972 762.74 694.994 636.131 558.538 502.375 439.147 380.04 330.566 253.121 205.311 144.344 83.6445 17.4465 -12.8407 -42.8376 16.6914 62.7635 129.29 177.125 254.968 
138.865 250.048 171.331 114.874 35.2182 4.52392 44.7676 96.5254 148.437 221.683 298.409 352.603 420.894 502.029 542.443 603.524 665.937 728.336 803.12 865.642 922.659 981.087 1030.95 1082.66 1123.69 1180.72 1226.74 1276.39 1319.11 1352.46 1385.68 1420.11 1451.21 1460 1617.07 2497.12 2823.61 2913.03 2867.37 2797.69 2729.6 2685.45 2314.6 2088.94 1935.09 1860.75 1809.02 1746.9 1733.12 1670.82 1612.2 1588.64 1575.77 1546.42 1481.74 1392.76 1366 1210.67 933.964 808.157 691.527 632.195 576.201 571.869 598.123 583.807 542.933 468.004 415.466 378.433 361.774 348.335 328.852 307.327 305.421 290.832 244.929 192.666 187.2 163.58 149.961 136.596 109.134 87.6358 78.6579 75.4469 111.212 162.864 315.486 581.263 556.8 558.241 529.665 508.187 510.035 494.326 491.984 494.416 496.395 493.626 489.785 497.366 491.487 496.609 511.314 516.47 513.725 526.104 557.874 556.614 561.522 578.073 254.363 127.855 95.1992 76.719 101.078 126.274 173.597 200.614 228.507 238.835 266.517 276.866 316.929 322.453 331.963 355.33 388.852 436.612 461.826 505.823 561.366 578.288 621.589 618.826 630.449 656.08 698.006 752.445 813.893 870.945 1047.96 1448.24 1464.74 1515.38 1565.89 1555.94 1603.73 1673.74 1735.26 1707.89 1741.55 1827.17 1904.13 1996.32 2196.76 2470.14 2697.32 2763.41 2813.75 2869.85 2913.6 2721.1 2358.38 1475.94 1490.72 1471.32 1442.81 1413.73 1382.17 1338.14 1304.14 1260.13 1212.8 1162.37 1106.09 1060.91 1010.17 960.901 900.881 835.626 775.193 698.601 642.014 573.267 511.243 458.942 378.726 326.863 260.525 190.055 114.584 77.9722 21.7323 23.714 69.1016 135.751 184.03 250.321 
133.268 260.671 179.413 119.768 56.362 105.553 156.876 218.209 280.705 361.483 435.479 493.205 567.307 646.133 694.918 756.891 820.524 888.346 958.976 1019.14 1073.25 1127.91 1174.19 1222.38 1259.63 1312.2 1353.7 1400.04 1438.03 1466.94 1495.7 1525.89 1553.15 1556.19 1714.04 2601.85 2755.65 2683.25 2626.14 2555.9 2489.97 2460.42 2125.31 2022.75 1980.48 1906.29 1843.02 1785.79 1768.88 1704.34 1643.04 1617.99 1605.22 1579.11 1512.19 1426.92 1394 1251.74 989.788 861.725 744.311 687.103 631.98 625.108 648.985 636.819 604.064 524.508 476.966 450.612 416.299 420.065 406.576 383.713 387.178 370.042 329.914 278.126 272.058 254.105 242.298 230.536 203.819 183.961 172.833 170.893 204.951 260.523 414.895 671.335 647.422 648.977 620.105 599.143 600.262 585.009 583.005 585.37 581.719 579.107 575.767 582.795 577.457 581.928 591.836 598.003 598.913 611.823 639.451 638.962 643.58 660.718 346.919 228.147 195.356 182.333 193.936 223.756 257.403 279.045 311.702 318.263 346.214 359.033 396.135 403.262 412.418 429.628 462.197 507.168 518.473 571.995 621.798 636.238 681.792 672.074 683.271 711.508 756.071 812.049 866.245 923.732 1087.72 1468.23 1495.24 1553.12 1597.71 1586.45 1631.92 1705.46 1768.02 1742.04 1778.27 1872.29 1943.29 1926.1 1997.72 2227 2456.61 2521.01 2575.63 2634.04 2721.1 2798.8 2456.91 1568.27 1584.15 1569.9 1546.49 1521.25 1493.08 1454.67 1424.3 1385.19 1341.45 1295.58 1244.05 1202 1155.05 1109.47 1052.88 993.677 935.513 856.891 797.038 729.242 666.525 604.135 525.25 466.123 399.396 326.666 242.174 192.115 130.316 85.8303 74.0866 142.016 192.402 240.33 
123.78 260.577 170.989 126.83 199.79 261.27 322.734 394.125 467.756 546.877 623.501 688.072 763.415 843.803 900.794 965.243 1027.21 1100.25 1162.42 1217.31 1265.86 1313.37 1354.76 1396.71 1429.66 1476.74 1513.92 1554.34 1587.92 1612.75 1636.93 1661.89 1683.5 1680.25 1842.71 2537.13 2413.63 2321.26 2262.2 2190.68 2125.39 2083.2 2091.97 2017.02 1983.5 1913.85 1879.16 1844.88 1820.88 1754.43 1680.81 1642.13 1623.16 1595.11 1528.53 1454.13 1395.82 1240.6 981.492 840.644 735.08 672.157 606.704 583.503 577.865 539.115 476.66 396.731 358.463 342.121 288.999 269.882 225.801 186.586 170.689 139.986 96.523 43.7586 42.4435 16.3954 -2.41015 -29.3012 -48.5488 -80.2496 -114.68 -126.821 -105.392 -73.7478 69.4864 307.435 286.355 285.517 254.197 238.343 234.59 221.169 221.564 223.289 213.638 213.415 208.747 208.471 212.241 213.591 225.412 226.915 233.933 250.533 271.813 276.661 278.859 301.23 8.35327 -102.686 -133.933 -140.994 -131.36 -103.353 -75.0161 -56.0927 -23.3851 -13.3398 32.6345 70.9841 118.803 144.303 164.474 186.526 229.308 273.199 284.455 341.655 398.182 446.926 520.476 541.872 573.04 593.148 633.141 723.897 800.106 885.74 1061.16 1414.36 1454.78 1524.8 1581.5 1610.98 1648.06 1729.13 1800.92 1792.54 1827.34 1886.09 1915.62 1931.3 1991.52 2065.39 2086.18 2148.9 2207.07 2264.09 2358.38 2456.91 2513.16 1686.85 1705.12 1695.91 1679.21 1658.85 1636.02 1602.3 1576.39 1541.9 1503.24 1462.83 1415.86 1379.8 1337.75 1297.25 1247.74 1193.93 1142.14 1071.52 1003.7 935.935 871.89 808.578 725.671 661.375 589.183 513 427.611 359.838 287.018 231.63 174.508 133.523 187.765 222.366 
98.6111 245.501 355.751 454.005 554.349 637.247 714.603 797.992 872.264 957.249 1037.63 1105.69 1187.76 1269.22 1338.17 1407.47 1461.28 1520.11 1569.1 1613.07 1650.06 1687.35 1717.6 1748.03 1771.22 1804.59 1831.26 1859.16 1881.06 1897.08 1910.95 1923.51 1933.55 1940.33 1910.8 1660.16 1542.7 1452.24 1385.76 1313.2 1251.6 1200.5 1220.61 1207.91 1178.73 1164.15 1125.47 1080.39 1042.82 997.675 954.965 907.651 873.15 827.418 797.767 753.308 701.358 559.513 321.484 212.395 146.971 111.738 73.8133 44.6384 25.9817 -7.80161 -29.6133 -73.6898 -94.7423 -108.433 -153.155 -183.916 -213.11 -239.551 -245.577 -258.401 -269.939 -284.239 -283.719 -313.639 -327.872 -361.767 -375.228 -397.326 -420.249 -430.264 -413.036 -382.855 -240.812 -42.7938 -59.3713 -54.7731 -53.6261 -64.9578 -68.9061 -61.4748 -58.8147 -59.8557 -72.249 -72.2412 -73.1654 -71.7369 -71.7427 -67.7735 -72.4949 -79.0185 -80.4217 -92.7122 -71.5861 -68.8028 -79.2553 -79.3634 -322.536 -417.46 -443.547 -448.318 -436.255 -420.132 -395.209 -376.521 -346.474 -330.113 -310.795 -312.141 -296.038 -279.228 -268.266 -251.339 -208.959 -171.197 -152.864 -126.815 -88.5574 -74.2141 -30.0398 -10.2762 29.274 45.0687 65.9739 117.553 166.177 229.35 396.571 675.418 714.986 740.845 797.274 847.041 874.463 921.438 952.163 1002.01 1044.07 1070.42 1113.19 1155.11 1183.14 1183.74 1198 1258.87 1319.18 1382.49 1475.94 1568.27 1686.85 1957.44 1944.63 1939.47 1934.71 1923.81 1912.42 1890.82 1873.63 1851.31 1824.11 1795.06 1762.11 1735.82 1706.1 1674.81 1636.43 1594.97 1553.13 1499.39 1444.26 1381.39 1310.21 1239.2 1157.36 1075.46 1005.44 923.915 837.965 761.385 676.923 593.265 506.697 406.378 302.075 177.238 
104.367 253.671 361.458 456.187 560 643.677 723.316 809.268 885.729 974.037 1057.49 1127.47 1211.63 1296.01 1366.85 1434.78 1487.19 1544.68 1594.57 1637.59 1674.33 1710.98 1741.08 1772.03 1794.93 1829.4 1856.26 1883.3 1905.02 1918.98 1929.92 1941.42 1948.93 1954.46 1908.49 1681.69 1563.32 1470.16 1398.57 1324.21 1259.51 1203.87 1222.81 1210.45 1180.01 1160.52 1121.12 1076.04 1038.47 990.914 945.459 897.322 861.704 816.48 791.955 752.507 703.463 555.94 309.405 196.016 128.128 91.264 51.6673 24.26 7.68799 -26.2066 -47.9773 -91.7346 -112.118 -124.488 -169.544 -199.285 -228.101 -254.381 -258.528 -269.632 -283.059 -299.202 -298.641 -327.63 -341.578 -377.689 -389.974 -413.52 -439.258 -448.734 -424.29 -380.494 -231.571 -23.3317 -39.5429 -35.4085 -36.2053 -46.9314 -50.575 -44.5132 -41.7838 -42.9632 -55.0169 -54.7274 -55.8732 -54.969 -54.3545 -50.6471 -54.7959 -61.1599 -61.9486 -72.9199 -52.7153 -49.5204 -59.7188 -60.6868 -323.577 -431.818 -462.469 -466.054 -454.299 -436.334 -410.707 -393.2 -363.1 -347.076 -326.043 -324.95 -307.951 -294.109 -282.823 -267.383 -225.109 -186.952 -169.872 -143.598 -105.329 -91.6751 -46.7375 -29.2111 9.44281 25.023 45.7364 99.4962 148.904 215.014 385.639 675.615 711.133 730.654 785.875 837.099 864.182 913.081 945.884 995.036 1039.28 1069.86 1112.41 1152.87 1183.99 1188.66 1203.71 1266.83 1329.81 1395.24 1490.72 1584.15 1705.12 1944.63 1958.67 1953.86 1951.52 1942.42 1932.04 1913.53 1898 1875.88 1849.53 1819.5 1786.21 1759.97 1729.19 1698.9 1660.7 1620.78 1578.94 1524.32 1470.57 1409.3 1338.12 1263.97 1180.24 1096.35 1023.39 939.269 850.418 771.047 684.774 599.152 510.881 408.079 310.828 186.688 
109.151 263.82 373.809 472.174 579.993 667.336 749.948 838.929 918.136 1009.67 1095.5 1167.92 1255 1340.88 1411.49 1475.3 1526.89 1585.24 1634.79 1676.99 1713.88 1750.86 1780.38 1809.66 1832.09 1865.59 1890.79 1918.66 1938.85 1950.35 1959.57 1968.57 1974.45 1965.63 1904.98 1671.91 1548.54 1450.96 1376.09 1298.1 1232.43 1176.02 1197.35 1185.98 1155.1 1135.17 1095.43 1048.89 1011.47 961.987 915.437 865.405 828.597 784.461 759.339 717.63 666.78 513.575 258.162 143.324 75.5727 39.9232 2.11178 -23.4499 -38.5095 -71.2933 -92.9326 -136.71 -156.406 -168.233 -211.259 -239.876 -267.026 -291.913 -294.966 -305.186 -316.848 -331.708 -330.582 -359.094 -373.843 -410.061 -417.465 -433.188 -456.444 -465.603 -440.345 -395.283 -240.356 -21.8023 -38.3189 -34.0879 -34.6918 -45.08 -49.1835 -42.6081 -39.8997 -41.269 -53.013 -52.6639 -54.0449 -53.3393 -52.4072 -49.0901 -53.007 -59.4265 -60.2409 -71.4954 -51.7225 -48.5713 -59.7677 -60.8411 -335.044 -446.837 -479.625 -484.742 -481.831 -470.836 -444.213 -426.124 -395.471 -380.767 -360.557 -360.581 -344.142 -331.697 -321.121 -307.884 -266.091 -230.172 -214.185 -188.221 -150.003 -137.52 -92.5977 -75.7043 -37.8902 -23.8392 -5.82399 46.5182 94.688 161.636 336.817 638.717 675.853 696.343 753.111 803.318 832.026 882.478 917.176 966.181 1011.95 1043.27 1086.2 1126.92 1158.28 1161.61 1176.69 1240.12 1305.01 1373.29 1471.32 1569.9 1695.91 1939.47 1953.86 1976.71 1977.24 1970.34 1962.62 1945.97 1932.73 1910.98 1884.77 1855.94 1823.24 1798.06 1769.01 1738.52 1700.13 1660.7 1619.04 1565.12 1510.73 1452.12 1383.08 1308.83 1222.54 1135.77 1060.79 973.923 881.533 799.249 709.869 620.918 529.092 422.286 321.242 195.02 
114.153 275.395 389.995 492.449 604.634 695.962 782.105 874.988 957.298 1052.45 1142.4 1217.56 1307.53 1393.46 1464.11 1527.06 1579.78 1638.29 1686.36 1727.84 1763.37 1797.68 1826.4 1854.84 1875.61 1907.31 1933.19 1957.49 1976.1 1985.61 1992.4 2000.1 1992.18 1964.25 1899.81 1654.99 1524.22 1422.95 1343.77 1262.98 1195.96 1136.3 1161.16 1150.77 1118.58 1099.53 1059.82 1010.43 972.932 921.945 875.705 823.908 787.852 742.779 717.658 674.944 623.534 465.912 204.573 87.5023 19.7954 -15.6405 -51.3693 -74.6933 -87.0545 -117.275 -139.486 -182.328 -200.213 -210.439 -253.381 -281.533 -308.185 -332.115 -333.825 -342.721 -354.8 -368.825 -367.337 -389.467 -395.568 -429.571 -437.011 -451.538 -474.293 -483.197 -456.932 -409.819 -249.076 -20.1035 -36.7954 -32.5063 -32.9476 -43.0142 -46.9497 -40.4283 -37.6292 -39.0325 -50.6453 -50.37 -51.9312 -51.2285 -50.1393 -46.9815 -50.9453 -57.4065 -58.1121 -69.83 -50.5464 -47.489 -59.1582 -60.7204 -346.606 -462.368 -497.27 -503.506 -503.086 -493.517 -466.129 -454.059 -434.438 -417.834 -397.467 -398.567 -382.941 -372.044 -362.067 -349.623 -308.108 -271.823 -256.919 -234.323 -195.138 -183.379 -140.876 -124.151 -88.8686 -76.9472 -61.529 -9.44912 37.6298 105.349 282.568 595.377 632.673 653.382 710.892 761.875 791.125 841.472 877.3 926.821 973.18 1004.74 1048.28 1090.42 1121.46 1122.38 1137.33 1202.24 1270.49 1340.73 1442.81 1546.49 1679.21 1934.71 1951.52 1977.24 2006.11 2002.67 1996.36 1983.08 1970.67 1951.72 1926.91 1898.66 1868.04 1844.18 1815.34 1786.02 1750.74 1711.59 1671.23 1618.95 1563.74 1503.7 1435.99 1362.03 1274.4 1184.2 1105.87 1015.14 919.275 833.516 740.224 647.637 551.786 440.487 335.219 203.947 
118.302 285.773 404.282 510.2 626.654 720.305 809.385 905.063 989.827 1087.61 1180.07 1256.58 1345.94 1429.59 1499.78 1563.63 1616.96 1674.4 1722.81 1762.98 1797.88 1831.19 1858.54 1886.44 1905.3 1937.28 1961.75 1982.83 1997.61 2004.42 2009.64 2009.46 1986.15 1955.8 1889.3 1634.94 1498.65 1394.01 1311.67 1229.77 1161 1099.88 1127.65 1116.89 1084.32 1064.68 1025.81 974.965 937.016 884.94 839.543 787.506 748.352 700.782 675.111 631.867 582.586 421.326 152.079 33.407 -34.191 -69.3035 -103.468 -125.137 -136.145 -166.982 -186.873 -230.023 -244.319 -252.039 -293.049 -320.095 -345.496 -368.278 -369.022 -376.812 -387.629 -399.203 -398.409 -418.423 -421.921 -457.334 -463.609 -479.079 -501.989 -510.641 -483.713 -435.011 -267.899 -29.9759 -46.797 -42.4663 -42.794 -52.5779 -56.4593 -49.8422 -47.0171 -48.4352 -59.9156 -59.7739 -61.4543 -60.6724 -59.5176 -56.4593 -60.5407 -66.9528 -67.6754 -79.6653 -60.8181 -57.8251 -69.9397 -71.6603 -369.312 -488.419 -524.782 -531.87 -531.753 -521.604 -493.638 -484.404 -465.153 -449.735 -430.871 -432.998 -417.929 -408.242 -398.903 -388.221 -347.119 -313.014 -299.041 -279.927 -242.434 -232.151 -189.128 -174.428 -139.219 -128.464 -115.362 -63.4824 -17.4442 50.9236 230.734 554.078 588.932 609.006 668.327 721.196 752.905 802.799 839.318 889.864 937.06 968.492 1012.88 1055.41 1086.75 1086.54 1100.68 1166.81 1237.99 1309.51 1413.73 1521.25 1658.85 1923.81 1942.42 1970.34 2002.67 2017.58 2014.09 2002.91 1993.38 1979.27 1955.82 1928.5 1898.81 1876.27 1848.48 1819.83 1785.4 1748.37 1707.32 1655.53 1601.09 1540.38 1472.19 1399.63 1314.03 1222.88 1142.76 1049.31 950.752 862.541 766.041 670.753 571.589 456.449 347.602 211.764 
123.204 295.47 418.317 528.06 648.479 744.984 836.971 936.29 1024.36 1125.87 1220.49 1297.05 1384.63 1468.72 1540.47 1604.07 1656.19 1713.11 1761.64 1801.95 1836.28 1870.25 1897.47 1922.58 1941.93 1971.26 1992.75 2012.77 2025.09 2031.47 2024.36 2004.32 1978.2 1946.24 1876.56 1611.68 1470.28 1361.15 1276.83 1192.72 1123.01 1059.99 1090.84 1080.1 1048.28 1026.97 988.253 937.61 898.674 849.462 802.63 748.517 708.473 659.326 634.925 594.013 545.492 379.739 107.227 -13.9038 -81.2579 -114.339 -147.755 -167.785 -177.406 -204.495 -223.318 -262.005 -275.275 -281.881 -320.985 -346.762 -372.745 -395.025 -394.431 -400.233 -407.334 -407.99 -403.648 -423.596 -429.083 -462.839 -470.846 -487.268 -510.448 -518.675 -490.466 -439.391 -270.213 -22.5674 -39.363 -35.0655 -35.4411 -44.8393 -48.4594 -41.6955 -39.0917 -40.5539 -51.7082 -51.6212 -53.7535 -52.8762 -51.4639 -48.447 -52.8355 -59.2384 -59.6832 -72.1628 -54.0433 -51.0314 -63.523 -65.8834 -371.25 -493.975 -532.676 -540.648 -541.268 -530.658 -502.201 -490.754 -472.833 -456.48 -447.633 -457.463 -442.92 -435.351 -426.198 -415.22 -374.524 -342.099 -329.152 -311.795 -275.513 -268.606 -228.849 -214.49 -181.282 -172.176 -160.466 -111.494 -66.3664 3.04201 185.714 516.773 550.613 568.375 626.847 680.164 713.233 763.419 801.476 849.305 898.48 930.202 973.603 1016.69 1047.41 1046.97 1061.08 1128.31 1201.78 1275.13 1382.17 1493.08 1636.02 1912.42 1932.04 1962.62 1996.36 2014.09 2038.81 2030.02 2022.34 2009.78 1988.84 1963.98 1935.15 1913.36 1887.55 1858.95 1824.16 1786.52 1746.6 1694.65 1640.7 1581.43 1512.57 1438.09 1354.27 1263.8 1182.69 1086.33 983.533 892.207 792.334 694.023 591.746 472.444 359.622 219.896 
128.782 307.866 435.788 550.064 675.944 777.278 873.067 976.189 1067.23 1170.82 1265.73 1339.53 1428.22 1514.61 1587.04 1649.42 1699.71 1756.45 1802.39 1840.54 1874.71 1906.5 1931.11 1956.25 1972.94 1999.24 2019.57 2036.16 2047.03 2043.07 2013.63 1990.88 1962 1928.72 1855.69 1577.28 1429.8 1318.28 1229.33 1143.02 1072.08 1008.14 1041.04 1031.13 999.161 979.025 940.84 888.475 850.49 797.65 750.442 695.204 655.28 606.987 585.722 546.605 499.259 328.491 50.0997 -72.1427 -139.451 -172.08 -204.46 -221.529 -228.72 -253.876 -271.159 -310.515 -321.922 -326.612 -365.781 -390.976 -415.168 -436.415 -426.958 -423.794 -430.107 -430.494 -424.854 -443.767 -449.025 -482.535 -489.285 -506.897 -530.509 -538.245 -508.823 -455.209 -281.4 -21.7204 -38.5783 -34.1932 -34.7367 -43.6211 -46.9403 -40.1441 -37.7132 -39.319 -49.9696 -49.9899 -52.672 -51.5942 -49.8734 -46.9182 -51.6969 -58.0647 -58.3051 -71.1785 -53.9409 -50.8903 -63.9538 -66.5835 -384.707 -511.147 -552.166 -561.18 -562.56 -551.27 -521.842 -511.54 -493.578 -479.316 -470.371 -481.599 -471.031 -478.054 -468.156 -460.57 -419.337 -386.386 -374.424 -360.432 -324.029 -318.526 -279.456 -267.037 -236.018 -227.996 -218.323 -169.633 -127.088 -57.1194 127.646 470.992 502.497 517.978 574.892 627.096 658.855 708.72 747.612 798.315 848.135 879.862 923.914 966.938 997.858 995.36 1009.27 1077.89 1153.03 1228.54 1338.14 1454.67 1602.3 1890.82 1913.53 1945.97 1983.08 2002.91 2030.02 2049.85 2044.63 2034.83 2016.3 1993.81 1967.56 1946.91 1922.08 1896.28 1862.8 1826.6 1788.03 1738.19 1685.46 1627.25 1559.31 1483.31 1397.23 1308.11 1228.31 1131.15 1025.29 930.502 826.594 723.564 616.398 492.161 374.686 229.851 
133.506 317.943 449.867 567.951 697.592 801.368 900.176 1006.09 1098.17 1200.82 1294.21 1368.21 1458.8 1546.81 1619.95 1683 1734.03 1789.89 1837.9 1876.63 1910.07 1941 1966.06 1987.9 2002.63 2027.32 2045.27 2060.62 2059.28 2035.42 2004.19 1978.57 1948.78 1914.11 1838.46 1549.97 1396.87 1284.9 1192.02 1103.99 1032.49 966.896 1001.71 991.808 960.153 940.262 900.797 848.664 807.42 753.067 704.592 649.734 610.303 561.82 542.029 504.064 457.701 283.671 0.534824 -123.127 -190.09 -221.282 -251.547 -266.534 -271.117 -293.164 -309.226 -346.766 -357.014 -361.115 -399.3 -423.919 -436.16 -451.716 -441.839 -437.657 -442.883 -443.119 -437.423 -455.893 -461.88 -495.393 -504.677 -522.896 -546.131 -553.599 -523.469 -467.703 -291.147 -21.2486 -38.5749 -34.1388 -34.2108 -42.7259 -46.4359 -39.5081 -36.7316 -38.3264 -49.3363 -49.1771 -51.7346 -50.6507 -49.2455 -46.418 -50.9742 -57.2111 -57.805 -71.0065 -53.9346 -50.881 -64.856 -67.9673 -396.392 -524.185 -567.941 -577.789 -579.278 -567.574 -538.202 -525.777 -507.006 -492.589 -483.9 -495.89 -485.633 -493.246 -484.476 -492.322 -452.26 -420.692 -409.894 -396.465 -360.057 -356.037 -319.348 -308.455 -280.424 -274.577 -268.136 -221.33 -178.961 -107.746 76.496 429.187 459.498 472.919 529.31 582.105 613.62 661.545 701.376 753.255 805.287 838.436 882.04 925.893 957.457 954.483 966.59 1036.55 1114.74 1191.87 1304.14 1424.3 1576.39 1873.63 1898 1932.73 1970.67 1993.38 2022.34 2044.63 2067.02 2059.47 2042.81 2022.71 1997.96 1980.9 1956.5 1930.79 1898.74 1862.06 1822.93 1771.27 1719.46 1660.87 1592.45 1515.09 1427.34 1336.35 1258.27 1162.49 1056.25 959.183 852.286 746.306 636.47 508.118 386.764 238.283 
139.282 329.94 466.017 588.652 723.217 831.31 933.73 1041.96 1133.2 1235.04 1330.27 1406.27 1499.42 1586.1 1659.9 1723.27 1774.66 1830.31 1876.14 1914.84 1947.42 1978.69 2002.1 2022.87 2036.76 2059.02 2076.21 2074.96 2049.08 2023.47 1990.11 1961.31 1929.49 1892.75 1814.15 1514.69 1354.95 1241.1 1143.98 1054.21 980.672 913.227 950.846 942.008 909.634 891.788 853.076 799.615 756.2 701.585 653.913 599.491 562.529 516.006 499.561 462.163 417.634 236.868 -52.979 -174.183 -240.925 -271.461 -300.415 -313.176 -315.476 -335.17 -351.841 -390.156 -391.268 -386.869 -412.694 -432.397 -444.904 -459.593 -448.702 -443.495 -447.556 -447.665 -441.724 -459.373 -466.148 -497.397 -507.267 -526.235 -549.238 -556.459 -524.767 -466.076 -289.394 -6.76063 -24.2241 -19.5984 -19.3569 -27.4712 -31.0821 -24.3078 -21.487 -23.0745 -33.9706 -33.7557 -36.5809 -35.6088 -34.2064 -31.5156 -36.1325 -42.401 -42.8674 -56.6159 -40.0448 -37.1278 -51.6951 -55.4973 -398.342 -523.795 -570.604 -581.983 -584.059 -572.002 -541.884 -529.11 -511.915 -498.249 -489.342 -502.258 -492.595 -501.073 -493.274 -500.811 -462.068 -444.329 -435.965 -438.698 -401.57 -398.604 -363.752 -353.401 -326.893 -322.914 -318.713 -273.174 -232.432 -159.884 21.8324 389.086 417.222 428.066 484.157 534.834 563.931 609.273 648.441 700.518 754.663 787.069 829.886 874.998 906.813 901.419 912.359 983.772 1064.72 1145.04 1260.13 1385.19 1541.9 1851.31 1875.88 1910.98 1951.72 1979.27 2009.78 2034.83 2059.47 2088.21 2074.24 2055.66 2032.8 2016.11 1993.39 1968.24 1935.76 1900.77 1861.44 1811.72 1760.24 1701.16 1631.54 1555.17 1467.41 1373.85 1293.56 1197.75 1092.47 994.211 884.177 774.427 659.811 526.47 400.459 248.592 
145.058 343.549 481.182 607.901 747.31 857.357 960.53 1068.07 1157.32 1261.45 1359.15 1437.39 1532.29 1622.48 1696.1 1760.2 1810.03 1865.08 1909.15 1945.44 1977.09 2007.5 2028.56 2045.12 2055.04 2075.23 2079.22 2059.07 2029.94 2003.71 1967.76 1937.75 1903.23 1866.99 1786.75 1476.3 1309.32 1192.5 1093.03 999.119 925.377 855.689 896.618 887.629 855.376 836.978 796.446 742.264 699.668 646.032 600.947 548.329 512.293 466.88 453.918 418.76 376.013 190.833 -108.201 -222.821 -287.253 -316.755 -343.063 -353.325 -352.685 -372.337 -383.612 -409.521 -405.331 -397.753 -421.877 -440.88 -453.367 -467.615 -456.606 -451.449 -454.325 -454.774 -450.212 -467.613 -474.889 -507.155 -517.596 -537.277 -559.979 -566.409 -533.769 -478.721 -297.993 -3.00131 -21.024 -16.3293 -15.3874 -23.3673 -27.1252 -20.3587 -17.1267 -18.8929 -29.8008 -29.6709 -32.2966 -31.2957 -29.9312 -27.6534 -31.9944 -38.3396 -39.0453 -53.0142 -36.7228 -33.9174 -49.6045 -53.6152 -411.081 -534.46 -580.851 -593.337 -596.005 -583.667 -553.305 -540.509 -521.412 -508.055 -498.458 -510.957 -500.155 -508.8 -502.142 -509.336 -471.032 -454.625 -448.067 -455.594 -424.656 -434.583 -400.533 -391.207 -367.356 -365.231 -364.803 -321.52 -281.13 -210.388 -32.9568 347.207 373.192 381.108 434.933 484.554 512.624 555.272 591.792 642.058 694.838 728.033 772.752 819.134 851.547 843.873 855.34 928.188 1011.45 1093.95 1212.8 1341.45 1503.24 1824.11 1849.53 1884.77 1926.91 1955.82 1988.84 2016.3 2042.81 2074.24 2088.29 2072.23 2053.32 2041.06 2021.04 1997.66 1966.37 1932.66 1895.13 1847.36 1796.36 1737.59 1668.46 1590.72 1500.15 1403.98 1321.59 1223.51 1117.89 1021.28 911.003 799.678 681.749 543.64 413.877 258.902 
150.993 357.605 498.257 627.683 770.609 881.084 984.503 1092.92 1184.66 1291.76 1392.51 1469.97 1563.67 1652.28 1727.19 1789.36 1838.34 1893.26 1935.91 1971.9 2002.47 2030.51 2049.54 2063.83 2072.28 2074.79 2061.04 2038.46 2007.23 1979.04 1942.27 1909.41 1875.14 1838.48 1756.77 1433.58 1261.77 1141.55 1038.95 942.016 867.028 795.502 839.74 833.267 804.029 786.518 746.299 691.841 649.111 597.899 554.916 502.899 469.201 424.728 414.669 381.244 339.497 150.026 -158.236 -273.049 -331.861 -358.304 -380.473 -385.725 -386.451 -384.168 -391.534 -410.854 -403.3 -393.751 -415.367 -433.355 -445.659 -459.116 -447.527 -441.982 -443.47 -443.548 -440.513 -457.867 -466.847 -500.381 -511.187 -531.696 -557.086 -564.243 -533.425 -481.697 -292.826 15.0306 -3.45349 1.49731 2.72475 -4.63329 -8.34387 -1.45425 1.85299 -0.0915578 -10.9293 -11.0835 -13.9545 -13.1626 -11.8207 -9.45706 -13.9511 -20.2032 -20.844 -35.6 -19.787 -17.167 -33.528 -38.1849 -410.481 -538.287 -581.651 -593.401 -595.002 -579.508 -548.698 -535.452 -514.863 -499.726 -489.427 -501.9 -491.046 -499.849 -494.57 -501.521 -464.379 -449.511 -444.674 -454.182 -427.191 -441.42 -423.487 -422.922 -399.462 -399.301 -405.184 -364.851 -327.879 -262.174 -82.9741 310.773 335.06 340.375 392.998 441.204 466.981 507.916 542.732 591.506 643.093 674.94 717.517 762.86 793.733 784.509 795.646 870.832 955.01 1039.64 1162.37 1295.58 1462.83 1795.06 1819.5 1855.94 1898.66 1928.5 1963.98 1993.81 2022.71 2055.66 2072.23 2088.64 2070.73 2061.06 2043.53 2021.3 1992.34 1958.79 1922.9 1876.31 1825.04 1767.96 1699.42 1621.22 1532.29 1436.94 1353.86 1252.85 1144.22 1045.21 935.56 823.591 703.007 562.002 430.235 269.494 
157.345 372.649 518.641 648.5 792.501 903.638 1008.2 1119.74 1214.34 1325.08 1427.71 1507.47 1600.86 1690.25 1762.68 1823.58 1872.58 1924.99 1968.09 2001.99 2030.75 2056.64 2072.21 2084.24 2075.33 2055.69 2039.92 2013.5 1981.03 1950.87 1913.74 1879.88 1843.28 1806.49 1722.31 1387.01 1208.5 1084.51 979.117 879.547 802.77 729.056 777.286 773.22 742.558 723.963 683.776 631.816 591.972 542.602 501.454 450.83 419.664 375.518 368.383 337.336 297.152 103.963 -213.127 -329.261 -383.072 -401.735 -418.068 -412.144 -395.369 -389.092 -392.944 -409.855 -400.138 -389.156 -408.104 -425.018 -437.798 -450.537 -438.34 -433.058 -434.02 -433.788 -430.386 -447.563 -457.995 -493.104 -507.566 -533.613 -562.491 -574.209 -548.981 -497.548 -301.168 19.6215 0.329422 5.05209 6.49862 -0.361935 -4.10166 3.00204 6.22585 4.30945 -6.44894 -6.44535 -8.75254 -8.10533 -6.47902 -4.31535 -9.05764 -15.2947 -15.7174 -29.9005 -14.6995 -12.2344 -27.7541 -33.1136 -420.602 -553.854 -596.863 -603.78 -601.07 -581.856 -546.603 -529.552 -506.862 -491.276 -480.426 -493.776 -482.436 -490.775 -486.455 -493.305 -457.254 -444.273 -441.314 -452.473 -426.703 -441.646 -426.235 -428.974 -429.202 -434.35 -443.807 -411.992 -382.913 -320.287 -138.261 268.603 290.366 292.714 344.018 391.731 415.127 453.253 486.674 533.832 581.515 610.664 651.84 697.503 729.347 718.728 729.123 808.224 893.194 981.033 1106.09 1244.05 1415.86 1762.11 1786.21 1823.24 1868.04 1898.81 1935.15 1967.56 1997.96 2032.8 2053.32 2070.73 2087.64 2082.44 2067.41 2048.43 2021.52 1990.51 1954.73 1909.4 1859.51 1802.55 1737.03 1659.78 1569.95 1473.43 1389.22 1284.65 1172.52 1070.94 958.808 845.679 724.783 582.176 448.334 280.831 
162.585 385.059 535.914 670.098 818.894 933.733 1041.78 1157.03 1254.79 1367.72 1469.72 1548.74 1644.31 1734.24 1807.16 1868.53 1916.62 1969.32 2011.3 2043.84 2068.24 2089.2 2101.2 2091.14 2065.48 2043.81 2024.32 1996.44 1961.84 1929.41 1892.5 1856.44 1818.35 1782.13 1695.63 1350.69 1164.57 1038.31 929.588 828.516 748.833 675.364 725.207 720.175 688.639 671.315 633.091 582.333 543.77 496.387 457.419 408.177 378.671 335.857 332.653 304.147 267.651 72.4302 -251.17 -367.583 -421.948 -440.824 -437.896 -429.26 -410.493 -403.941 -406.974 -423.511 -413.402 -403.199 -423.784 -440.493 -452.975 -465.319 -453.019 -447.019 -446.96 -447.134 -443.571 -460.245 -470.663 -505.624 -520.683 -547.811 -576.66 -588.018 -562.335 -508.718 -304.875 26.5759 6.7855 11.6334 13.7107 6.9054 3.10759 10.2832 13.9658 11.6791 0.853166 0.81093 -1.44681 -0.998392 0.448618 2.60344 -1.77141 -8.22756 -8.84379 -23.4712 -8.40668 -6.29206 -22.2637 -28.1506 -428.199 -565.884 -611.196 -619.144 -616.303 -596.722 -561.079 -543.494 -520.346 -505.321 -494.44 -508.207 -496.836 -505.721 -502.044 -508.748 -472.537 -458.366 -455.822 -466.728 -439.709 -455.755 -441.15 -444.567 -444.79 -458.598 -482.343 -450.258 -422.77 -360.685 -177.659 238.751 257.51 256.255 305.269 350.046 372.874 408.15 439.635 485.701 532.713 559.668 597.034 641.809 672.714 662.894 671.715 754.215 841.824 933.442 1060.91 1202 1379.8 1735.82 1759.97 1798.06 1844.18 1876.27 1913.36 1946.91 1980.9 2016.11 2041.06 2061.06 2082.44 2111.52 2097.94 2082.54 2060.8 2032.92 1999.41 1953.16 1903.94 1848.04 1781.38 1703.82 1612.92 1515.47 1431.71 1327.28 1211.57 1106.61 990.741 873.844 748.921 601.565 463.265 290.184 
168.004 397.893 553.775 692.432 846.187 964.853 1076.5 1195.59 1295.78 1408.18 1509.75 1589.94 1683.77 1772.59 1847.1 1907.19 1954.31 2006.08 2045.14 2074.35 2095.79 2114.54 2106.57 2077.76 2049.62 2024.47 2002.4 1971.44 1936.71 1904.5 1867.76 1829.03 1789.6 1752.39 1663.15 1308.26 1116.07 986.947 874.583 769.813 691.103 618.143 672.337 668.738 640.192 625.076 589.646 540.275 503.642 457.81 421.487 373.764 347.233 305.917 305.798 279.711 246.389 49.1202 -285.098 -395.162 -445.876 -450.511 -446.998 -437.488 -418.702 -412.482 -415.105 -430.751 -419.978 -409.153 -430.519 -446.586 -458.836 -470.867 -458.805 -452.725 -452.548 -453.201 -449.702 -466.29 -476.899 -511.309 -526.74 -555.59 -584.878 -595.784 -570.008 -514.39 -303.21 39.281 18.6521 23.4607 26.1467 19.5286 15.6213 22.7586 26.76 24.3596 13.483 13.1709 11.2555 11.5592 13.1337 15.2756 10.6631 4.28322 3.72281 -10.7817 3.68482 5.93729 -10.3437 -16.3636 -429.723 -571.352 -619.278 -627.881 -624.831 -604.941 -568.582 -550.812 -527.354 -512.03 -500.687 -514.336 -502.582 -511.207 -508.011 -514.524 -478.509 -463.646 -462.357 -474.119 -446.84 -463.647 -449.322 -452.211 -450.794 -466.585 -492.289 -479.784 -455.214 -396.238 -209.026 217.394 232.803 228.426 274.984 318.49 337.918 370.978 400.323 444.708 490.786 515.446 549.847 591.919 620.819 605.889 612.17 693.941 784.117 877.882 1010.17 1155.05 1337.75 1706.1 1729.19 1769.01 1815.34 1848.48 1887.55 1922.08 1956.5 1993.39 2021.04 2043.53 2067.41 2097.94 2118.97 2108.13 2089.71 2065.97 2033.87 1991.7 1942.68 1887.21 1820.99 1743.79 1654.16 1556.32 1471.73 1368.04 1251.95 1143.49 1023.76 902.968 773.882 621.615 478.705 299.855 
172.986 409.693 570.197 712.966 871.281 993.466 1108.43 1230.72 1329.09 1443.01 1545.66 1622.93 1717.7 1807.17 1880.4 1939.61 1984.9 2032.76 2067.73 2092.92 2111.22 2119.83 2091.31 2059.84 2028.12 2001.73 1978.58 1945.8 1911.29 1877.61 1840.68 1800.44 1760.59 1722.34 1630.83 1266.1 1068.73 937.114 821.293 717.612 639.782 563.849 620.991 622.354 594.746 583.853 549.272 502.472 468.729 426.489 392.854 347.655 323.896 283.854 285.104 260.918 230.179 23.6373 -311.789 -416.891 -466.134 -470.496 -465.868 -454.779 -433.588 -426.315 -427.835 -442.873 -430.781 -419.982 -440.812 -456.979 -468.885 -480.806 -468.168 -461.551 -460.077 -461.146 -456.931 -473.324 -484.213 -518.35 -534.341 -564.751 -594.462 -605.557 -579.093 -522.247 -304.92 47.3157 26.3416 30.8112 33.9554 27.4165 23.7068 30.6092 35.083 32.2668 21.7171 21.2456 19.9549 20.0291 21.7959 23.4423 19.1852 12.7235 12.1358 -2.26244 12.0028 14.0864 -1.50942 -8.20214 -433.21 -579.215 -628.366 -637.95 -634.671 -614.315 -577.163 -558.946 -535.189 -520.605 -508.921 -523.521 -512.12 -521.397 -518.38 -525.073 -488.757 -473.8 -472.877 -486.294 -458.767 -476.601 -463 -467.33 -466.783 -484.763 -512.273 -500.411 -481.421 -425.331 -240.021 201.332 214.303 209.488 254.956 295.466 312.686 341.214 366.962 409.323 452.001 474.381 505.646 546.496 571.677 552.428 556.625 639.307 729.515 825.972 960.901 1109.47 1297.25 1674.81 1698.9 1738.52 1786.02 1819.83 1858.95 1896.28 1930.79 1968.24 1997.66 2021.3 2048.43 2082.54 2108.13 2120.25 2105.91 2086.57 2059.4 2019.77 1974.62 1920.17 1856.05 1778.06 1688.32 1590.84 1507.74 1402.69 1287.05 1177.4 1054.12 929.746 796.831 640.049 492.901 308.747 
178.901 423.702 589.695 737.345 901.074 1027.44 1144.88 1266.89 1365.98 1480.3 1583.4 1662.09 1756.62 1843.82 1916.44 1975.97 2018.29 2063.16 2093.68 2116.29 2119.99 2101.48 2070.9 2035.19 2000.83 1971.54 1948.46 1913.73 1878.49 1843.32 1806.43 1765.43 1723.84 1685.57 1592.12 1214.93 1010.88 876.292 759.636 657.295 578.585 501.316 563.397 566.092 543.613 536.651 507.322 462.626 428.449 389.719 358.438 313.677 289.726 251.376 255.009 233.493 203.127 5.53274 -328.864 -437.378 -487.83 -492.622 -487.069 -474.387 -452.263 -444.836 -446.049 -460.338 -447.496 -435.863 -456.156 -471.434 -483.439 -494.959 -481.211 -473.959 -471.813 -472.411 -467.409 -483.245 -494.554 -527.846 -544.541 -576.458 -606.515 -616.881 -589.761 -529.599 -304.656 60.1106 38.7615 43.3163 46.4034 40.48 37.0685 44.2547 48.7988 45.9046 35.455 34.3725 32.4958 32.3305 34.6373 36.5309 31.8647 25.5465 25.149 9.80455 22.9749 25.2354 8.85716 2.45982 -437.772 -588.071 -639.887 -650.761 -648.448 -627.326 -588.99 -570.049 -546.413 -532.228 -520.504 -536.417 -525.837 -535.46 -533.009 -539.27 -503.361 -488.135 -488.551 -503.885 -476.526 -495.291 -481.836 -486.058 -484.966 -504.678 -533.512 -522.111 -502.972 -446.416 -266.232 174.386 185.961 180.483 223.479 263.651 279.471 305.496 328.368 372.343 412.797 429.341 456.758 493.165 516.233 493.798 494.724 576.379 665.669 762.74 900.881 1052.88 1247.74 1636.43 1660.7 1700.13 1750.74 1785.4 1824.16 1862.8 1898.74 1935.76 1966.37 1992.34 2021.52 2060.8 2089.71 2105.91 2126.38 2110.67 2086.92 2052.42 2009.09 1957.26 1892.22 1817.24 1727.55 1629.95 1545.88 1439.84 1324.14 1213.99 1090.17 961.538 824.078 661.935 509.755 319.305 
185.094 438.369 610.108 762.869 932.266 1063 1182.55 1305.06 1404.73 1520.15 1621.75 1700.49 1794.78 1882.75 1956.63 2012.53 2052.18 2093.58 2121.61 2122.98 2100.9 2078.82 2043.95 2005.94 1968.32 1937.71 1914.92 1878.75 1842.11 1807.31 1769.37 1726 1684.12 1647.11 1550.48 1160.12 948.923 813.342 694.346 590.692 510.425 433.886 504.816 514.039 495.351 490.827 460.14 418.045 387.436 348.948 319.171 276.171 254.073 217.022 222.599 206.707 193.788 -7.30465 -352.1 -463.396 -515.65 -520.406 -513.82 -498.903 -474.644 -466.201 -466.222 -479.712 -466.141 -454.411 -474.606 -489.609 -502.101 -512.911 -499.896 -492.371 -490.389 -491.51 -486.253 -501.785 -513.987 -546.522 -564.035 -597.386 -628.428 -638.636 -611.174 -549.712 -317.367 60.1627 37.968 42.3335 45.733 40.0609 36.6721 43.8511 48.3913 45.3492 35.1834 34.2519 32.6954 32.5327 34.7971 36.5798 31.7827 25.6212 25.0421 10.4052 22.9008 25.1558 9.66018 2.89761 -452.679 -607.547 -661.394 -672.763 -670.858 -648.845 -609.425 -590.026 -566.704 -552.012 -539.821 -555.572 -544.75 -553.612 -551.617 -557.354 -522.039 -506.492 -507.022 -523.87 -495.965 -515.565 -502.827 -508.207 -508.153 -530.24 -561.405 -549.302 -530.05 -472.467 -288.094 165.072 162.439 149.611 188.903 229.454 242.133 267.44 288.901 328.531 369.3 385.619 410.276 443.604 461.531 431.785 427.876 507.09 597.179 694.994 835.626 993.677 1193.93 1594.97 1620.78 1660.7 1711.59 1748.37 1786.52 1826.6 1862.06 1900.77 1932.66 1958.79 1990.51 2032.92 2065.97 2086.57 2110.67 2136.68 2115.14 2084.16 2045.31 1995.32 1932.42 1855.66 1767.3 1668.49 1585.25 1479.72 1362.52 1252.27 1126.4 994.823 852.605 684.849 527.401 330.358 
190.97 452.284 629.474 787.085 961.858 1092.83 1210.28 1334.27 1433.55 1548.19 1649.8 1728.75 1821.95 1910.88 1982.51 2036.1 2072.01 2109.85 2116.95 2099.33 2073.91 2048.38 2011.74 1970.9 1932.01 1902.02 1877.56 1840.48 1803.48 1768.65 1729.05 1685.57 1643.75 1605.76 1506.5 1105.61 890.633 755.734 636.712 532.434 453.899 381.736 461.099 473.471 456.293 452.825 422.459 382.468 353.408 319.435 292.016 252.546 232.338 201.425 220.334 217.813 206.452 -4.0942 -359.475 -473.52 -523.734 -527.686 -519.646 -504.577 -480.84 -472.093 -471.834 -481.07 -465.166 -453.147 -472.99 -487.863 -500.631 -511.498 -498.068 -490.599 -487.516 -489.668 -487.01 -503.657 -517.647 -550.732 -567.909 -603.86 -636.022 -645.267 -618.241 -554.528 -315.745 73.6847 50.3531 55.6125 58.7823 53.4016 49.9483 56.9237 62.4132 58.464 48.619 47.3825 46.4831 46.2609 49.1308 49.9756 45.0763 39.727 38.463 24.6371 36.1164 38.6396 23.4361 17.0833 -453.464 -612.765 -668.341 -680.727 -677.7 -655.603 -615.23 -595.392 -571.387 -554.149 -539.714 -554.736 -543.082 -551.39 -550.533 -555.684 -521.277 -505.243 -505.5 -522.501 -497.273 -518.174 -508.286 -513.368 -510.834 -535.657 -568.563 -558.684 -541.134 -481.929 -291.767 177.314 172.523 154.192 179.492 205.641 217.954 239.432 257.921 296.929 334.208 349.063 373.753 406.771 422.092 385.06 374.18 451.703 539.93 636.131 775.193 935.513 1142.14 1553.13 1578.94 1619.04 1671.23 1707.32 1746.6 1788.03 1822.93 1861.44 1895.13 1922.9 1954.73 1999.41 2033.87 2059.4 2086.92 2115.14 2129.64 2101.81 2065.78 2019.62 1960.12 1883.85 1794.8 1696.96 1613.47 1509.67 1392.98 1280.84 1155.68 1025.63 879.669 706.588 544.142 340.844 
198.135 469.254 653.094 816.618 995.738 1126.66 1245.29 1369.95 1467.79 1582.23 1684.2 1761.85 1855.2 1941.89 2010.97 2060.23 2092.35 2107.31 2086.7 2065 2035.51 2006.41 1968.58 1925.31 1885.99 1855.58 1829.77 1791.76 1753.06 1717.56 1677.92 1634.4 1590.32 1552.17 1450.79 1035.81 816.22 678.38 558.73 457.987 381.033 309.141 397.097 411.862 395.595 395.169 369.623 333.937 306.062 274.458 248.039 208.841 202.115 179.372 200.14 198.505 188.966 -25.7025 -392.862 -511.925 -564.233 -568.79 -559.671 -542.721 -514.528 -503.033 -499.652 -504.981 -488.543 -474.95 -491.547 -504.127 -517.187 -528.15 -515.42 -509.888 -506.468 -508.656 -505.669 -523.449 -538.405 -572.792 -592.909 -632.094 -665.205 -674.037 -646.254 -579.968 -332.399 71.4081 46.9177 52.6738 56.6374 51.4691 47.7981 54.8077 60.4642 56.6898 47.4299 44.6621 45.1617 44.4907 48.0731 48.4079 42.9245 37.8363 36.0109 23.5501 33.1716 36.446 20.3319 14.93 -473.121 -638.551 -696.307 -710.699 -707.441 -684.68 -640.359 -619.265 -592.431 -573.099 -558.594 -573.59 -561.17 -567.548 -567.385 -571.984 -538.42 -525.24 -527.398 -546.149 -521.342 -543.923 -536.622 -545.049 -545.214 -574.448 -609.52 -599.672 -579.264 -519.043 -323.719 160.06 152.202 134.405 158.768 181.941 174.748 196.738 212.175 251.562 284.642 294.482 315.686 346.256 361.673 319.22 303.871 379.174 465.487 558.538 698.601 856.891 1071.52 1499.39 1524.32 1565.12 1618.95 1655.53 1694.65 1738.19 1771.27 1811.72 1847.36 1876.31 1909.4 1953.16 1991.7 2019.77 2052.42 2084.16 2101.81 2121.57 2087.73 2045.97 1990.55 1917.69 1828.65 1731.41 1648.73 1543.07 1427.68 1316.95 1190.1 1059.08 912.173 733.1 564.56 353.634 
205.162 485.896 676.255 843.624 1019.89 1150.92 1270.43 1395.26 1492.26 1607.98 1709.43 1787.45 1878.94 1961.67 2027.51 2072.38 2084.95 2072.56 2048.99 2022.36 1990.72 1958.75 1920.54 1877.38 1837.07 1804.99 1779.86 1740.29 1701.78 1664.95 1625.57 1581.66 1536.51 1498.6 1395.85 970.573 755.969 620.234 500.513 404.509 329.681 260.239 342.527 357.533 341.084 347.487 327.63 294.981 268.605 238.19 229.126 203.05 200.566 178.551 199.428 198.606 190.963 -32.0046 -411.4 -532.914 -585.691 -587.539 -575.368 -552.155 -520.037 -504.302 -498.272 -500.671 -484.108 -470.997 -487.018 -499.52 -512.164 -522.168 -507.165 -500.361 -496.17 -498.01 -495.745 -512.559 -529.101 -563.836 -586.295 -627.823 -664.971 -674.668 -647.369 -577.529 -320.694 97.1562 72.9359 79.1825 82.8583 78.6221 74.8712 81.8494 87.5918 83.4243 75.0094 72.1759 72.3375 71.079 75.0322 75.1365 69.357 65.1439 62.3475 49.5305 58.5061 61.8215 45.3236 39.0722 -467.102 -637.844 -698.074 -713.265 -708.491 -680.104 -633.232 -608.726 -581.556 -561.307 -546.443 -562.649 -550.991 -559.029 -559.456 -564.481 -531.099 -517.45 -518.653 -538.453 -514.592 -538.775 -534.642 -546.02 -548.95 -581.3 -621.685 -615.693 -599.61 -539.27 -337.507 165.249 154.448 136.253 158.73 182.319 174.927 175.615 175.501 215.066 244.943 248.172 266.052 293.83 309.075 268.548 254.83 328.758 411.149 502.375 642.014 797.038 1003.7 1444.26 1470.57 1510.73 1563.74 1601.09 1640.7 1685.46 1719.46 1760.24 1796.36 1825.04 1859.51 1903.94 1942.68 1974.62 2009.09 2045.31 2065.78 2087.73 2097.56 2060.2 2008.15 1940.08 1854.26 1756.52 1674.02 1569.01 1453.07 1343.11 1215.75 1083.48 936.711 758.455 584.581 366.175 
212.486 503.243 699.689 866.927 1045.48 1179.37 1295.57 1419.67 1515.69 1628.77 1730.49 1805.35 1892.1 1969.67 2031.76 2057.07 2044.19 2027.84 2000.98 1972.41 1938.67 1904.66 1865.83 1821.29 1780.93 1747.76 1722.89 1681.38 1643.72 1606.66 1567.24 1521.77 1477.42 1440.42 1333.08 900.977 685.251 550.684 436.999 342.08 271.405 206.23 292.563 311.066 299.448 309.11 289.947 259.407 234.354 222.853 219.491 196.786 197.523 176.797 200.785 201.688 194.048 -36.9886 -429.93 -555.476 -609.019 -609.611 -593.629 -566.806 -531.769 -514.84 -506.608 -507.485 -489.657 -476.722 -488.47 -500.71 -512.499 -522.168 -507.073 -500.932 -496.553 -497.692 -495.548 -511.733 -528.721 -562.113 -587.01 -631.78 -670.727 -683.995 -658.902 -587.521 -322.497 111.71 86.6348 92.4546 96.233 92.6614 89.1183 95.8597 101.116 96.2648 89.0749 86.4253 86.531 84.6513 88.7544 89.0134 83.1204 78.7504 76.3401 63.5122 72.0093 75.4241 59.0094 52.1805 -472.274 -648.018 -709.801 -722.308 -714.131 -683.865 -633.384 -606.651 -580.599 -560.445 -545.794 -563.807 -550.199 -557.208 -558.259 -564.06 -531.721 -520.947 -522.806 -545.255 -520.916 -545.964 -543.76 -554.891 -559.474 -594.894 -639.448 -636.481 -621.003 -560.556 -353.652 168.802 155.327 134.059 156.421 179.187 169.791 168.098 155.299 183.486 212.803 214.011 226.981 251.016 259.45 218.95 200.625 268.503 350.922 439.147 573.267 729.242 935.935 1381.39 1409.3 1452.12 1503.7 1540.38 1581.43 1627.25 1660.87 1701.16 1737.59 1767.96 1802.55 1848.04 1887.21 1920.17 1957.26 1995.32 2019.62 2045.97 2060.2 2060.17 2014.71 1950.38 1870.05 1776.92 1695.56 1591.34 1478.87 1367.45 1242.81 1110.82 961.701 782.058 605.451 379.247 
220.763 521.73 716.706 882.83 1062.01 1194.11 1310.16 1433.06 1528.9 1643.6 1743.08 1816.45 1897.75 1972.99 2013.08 2006.45 1989.5 1968.27 1940.29 1907.87 1874.75 1840.41 1800.76 1755.61 1714.38 1679.27 1653.74 1613.53 1574.77 1537.2 1497.99 1454.31 1410.82 1371.93 1262.85 835.692 619.707 487.413 375.613 284.909 215.916 152.035 242.62 264.777 259.207 270.647 254.023 233.283 229.443 224.302 220.986 198.468 198.741 178.547 202.743 205.323 199.566 -38.0809 -443.929 -564.382 -612.357 -608.358 -588.567 -558.821 -520.507 -498.729 -486.153 -482.832 -463.091 -449.345 -459.445 -470.785 -483.273 -492.263 -478.488 -472.146 -468.929 -471.332 -469.564 -485.966 -504.688 -540.646 -570.086 -615.964 -656.513 -671.559 -650.569 -586.552 -316.314 135.065 108.572 114.389 117.836 114.773 111.267 117.803 122.715 117.834 110.883 108.152 108.362 106.52 110.257 110.829 104.968 100.902 98.6134 86.5144 94.5374 97.7787 82.1133 75.4019 -468.717 -644.733 -701.445 -710.718 -700.301 -667.008 -615.902 -584.806 -555.614 -532.065 -516.77 -534.205 -519.799 -526.12 -528.151 -533.444 -502.613 -492.512 -495.375 -520.516 -496.571 -522.448 -523.995 -539.126 -549.145 -587.602 -633.749 -635.222 -624.471 -570.56 -364.98 177.713 161.257 138.306 159.095 181.152 172.044 170.14 157.694 170.04 177.109 179.366 190.279 207.949 213.459 168.505 147.889 214.48 294.229 380.04 511.243 666.525 871.89 1310.21 1338.12 1383.08 1435.99 1472.19 1512.57 1559.31 1592.45 1631.54 1668.46 1699.42 1737.03 1781.38 1820.99 1856.05 1892.22 1932.42 1960.12 1990.55 2008.15 2014.71 2015.51 1954.62 1878.18 1788.18 1709.86 1605.85 1492.12 1382.04 1257.34 1126.35 978.481 797.709 623.885 394.021 
228.329 526.523 718.836 885.483 1063.92 1194.16 1310.63 1434.42 1529.83 1641.48 1736.68 1804.99 1884.17 1932.14 1948.24 1938.23 1917.9 1894.24 1865.01 1832.28 1799.86 1763.84 1724.31 1678.85 1637.95 1601.98 1578.48 1537.32 1498.24 1461.77 1424.19 1382.58 1338.09 1298.3 1192.34 771.358 561.477 435.248 325.662 238.706 172.394 114.34 209.91 233.785 228.608 239.773 246.876 241.716 238.455 234.219 231.621 210.108 211.385 192.29 215.56 218.707 215.277 -25.4489 -433.113 -549.551 -597.014 -593.291 -568.483 -534.944 -493.372 -476.046 -467.4 -465.388 -442.962 -429.475 -441.266 -453.416 -465.419 -473.949 -461.431 -454.003 -451.426 -455.201 -457.231 -473.692 -490.878 -522.62 -550.497 -601.56 -645.284 -663.63 -643.465 -581.538 -314.545 145.34 117.221 122.634 128.292 125.352 121.622 128.083 133.312 128.582 120.979 118.374 119.466 116.279 120.213 121.858 115.412 111.321 109.964 97.8574 105.711 108.482 94.1271 87.0162 -464.643 -636.189 -693.033 -702.525 -688.625 -650.995 -595.836 -565.869 -540.243 -518.195 -500.874 -515.755 -501.254 -508.103 -510.339 -515.558 -485.123 -472.276 -475.097 -500.206 -478.039 -504.532 -503.694 -514.374 -519.713 -563.705 -613.921 -619.671 -607.494 -555.912 -356.063 195.29 176.678 154.347 173.61 193.682 183.964 180.868 168 181.379 187.433 160.811 161.554 180.665 185.281 136.481 108.118 171.139 248.22 330.566 458.942 604.135 808.578 1239.2 1263.97 1308.83 1362.03 1399.63 1438.09 1483.31 1515.09 1555.17 1590.72 1621.22 1659.78 1703.82 1743.79 1778.06 1817.24 1855.66 1883.85 1917.69 1940.08 1950.38 1954.62 1942.94 1864.92 1779.42 1705.45 1606.04 1492.25 1383.37 1258.19 1128.48 981.289 800.728 625.964 401.445 
223.902 519.018 713.293 878.976 1057.41 1187.4 1303.31 1426.79 1518.82 1628.69 1719.21 1783.35 1835.14 1854.77 1868.04 1852.61 1830.79 1804.69 1776.52 1742.55 1711.81 1674.72 1635.5 1588.11 1549.14 1513.62 1490.69 1448.55 1411.44 1376.82 1340.36 1297.49 1251.57 1212.78 1109.37 686.137 478.335 352.968 246.674 161.044 99.1284 43.4554 144.104 174.438 177.231 212.216 221.525 218.054 213.694 212.558 211.709 191.502 194.076 175.601 200.593 204.773 199.548 -36.7151 -438.965 -558.151 -604.883 -597.421 -575.324 -541.364 -501.152 -481.579 -470.877 -465.377 -445.11 -431.808 -443.725 -455.477 -466.576 -472.759 -457.295 -447.376 -440.016 -440.561 -439.997 -453.857 -472.004 -501.757 -527.325 -574.51 -615.037 -630.726 -613.877 -546.522 -279.974 170.446 144.269 149.963 154.623 152.841 149.931 156.163 159.874 155.167 148.553 146.187 146.116 142.401 144.207 147.206 141.175 137.549 135.809 123.055 130.971 133.231 120.93 111.533 -430.482 -604.387 -663.842 -671.521 -661.575 -627.518 -575.454 -547.563 -524.113 -501.818 -488.73 -504.404 -496.057 -505.008 -507.285 -512.797 -485.019 -471.02 -472.724 -498.106 -477.891 -503.132 -507.839 -520.245 -527.881 -571.489 -620.614 -623.036 -616.717 -563.758 -360.98 179.832 160.876 137.944 156.43 176.582 164.508 159.825 147.117 159.892 163.704 136.794 119.072 124.754 122.475 68.962 38.8403 98.3528 171.61 253.121 378.726 525.25 725.671 1157.36 1180.24 1222.54 1274.4 1314.03 1354.27 1397.23 1427.34 1467.41 1500.15 1532.29 1569.95 1612.92 1654.16 1688.32 1727.55 1767.3 1794.8 1828.65 1854.26 1870.05 1878.18 1864.92 1841.7 1759.45 1689.96 1593.34 1483.96 1375.67 1251.33 1121.86 974.455 793.666 619.41 394.922 
221.602 519.31 710.893 874.099 1050.79 1177.18 1291.95 1411.39 1500.43 1602.75 1689.47 1729.3 1750.49 1766.04 1776.61 1759.1 1734.04 1709.04 1679.84 1646.99 1615.92 1577.27 1537.95 1492.02 1453.78 1418.8 1395.77 1356.24 1321.46 1288.87 1250.47 1206.73 1162.85 1126.13 1028.62 621.251 419.3 299.359 195.619 117.905 61.1102 12.4295 112.991 148.867 172.834 211.841 221.258 222.945 219.186 220.139 217.491 198.202 201.372 185.128 207.072 213.546 208.58 -24.3232 -427.938 -544.406 -595.175 -591.728 -568.743 -532.412 -494.419 -474.454 -459.012 -450.122 -429.292 -412.021 -419.869 -427.835 -435.094 -440.611 -426.038 -416.097 -409.818 -408.12 -408.202 -420.495 -437.694 -469.763 -491.887 -539.968 -579.794 -591.938 -575.301 -504.982 -235.196 214.838 187.043 194.352 196.952 198.405 194.982 201.841 205.648 201.06 194.67 188.842 188.6 185.604 187.981 191.912 184.262 181.008 180.771 166.587 172.635 175.295 163.467 154.23 -388.4 -560.838 -623.066 -635.115 -626.179 -591.451 -541.445 -515.747 -489.032 -466.89 -454.057 -472.238 -463.151 -469.824 -475.6 -481.024 -457.102 -445.647 -450.568 -481.96 -462.871 -489.994 -496.204 -510.828 -517.805 -561.468 -609.86 -615.375 -603.14 -548.423 -348.175 191.656 171.624 149.273 165.175 184.062 174.394 168.711 157.623 167.325 168.019 139.036 120.372 111.649 92.3183 39.8614 5.33995 59.2613 127.884 205.311 326.863 466.123 661.375 1075.46 1096.35 1135.77 1184.2 1222.88 1263.8 1308.11 1336.35 1373.85 1403.98 1436.94 1473.43 1515.47 1556.32 1590.84 1629.95 1668.49 1696.96 1731.41 1756.52 1776.92 1788.18 1779.42 1759.45 1727.07 1661.35 1570.52 1467.27 1363.12 1239.53 1113.06 968.422 790.26 617.534 392.76 
225.954 520.884 712.158 876.01 1050.77 1179.05 1290.89 1408.7 1492 1589.57 1647.62 1659.89 1677.7 1687.73 1695.73 1677.02 1652.79 1626.87 1596.41 1565.18 1531.64 1492.29 1454.39 1408.88 1370.36 1335.4 1314.09 1277.02 1244.27 1209.41 1169.66 1127.24 1085.67 1052.26 955.29 548.943 351.734 233.799 135.107 62.9033 11.7644 -33.0459 80.4818 139.702 168.851 207.063 215.183 216.97 211.702 217.285 216.842 200.807 205.579 189.311 208.916 217.302 211.959 -27.6589 -432.183 -546.285 -592.195 -581.524 -556.194 -513.2 -468.41 -440.754 -425.883 -413.667 -390.752 -372.414 -378.915 -386.102 -391.729 -396.745 -385.057 -373.225 -368.857 -368.093 -368.316 -380.554 -397.678 -425.454 -454.731 -510.476 -558.79 -573.659 -561.362 -506.192 -243.704 213.019 178.197 183.301 186.037 187.712 183.155 190.341 194.067 190.224 182.706 180.204 186.115 183.759 185.649 189.793 181.768 179.141 178.562 174.84 180.308 183.985 183.311 174.237 -371.44 -544.916 -597.324 -604.21 -593.702 -556.526 -502.279 -471.443 -448.141 -425.693 -412.286 -429.014 -420.554 -426.3 -431.546 -436.929 -413.506 -400.975 -407.401 -443.305 -426.196 -455.205 -463.875 -476.752 -490.907 -543.717 -599.573 -606.3 -600.565 -552.543 -353.823 195.924 173.009 154.337 170.637 188.418 176.887 169.555 153.376 165.109 165.084 136.127 117.509 106.79 69.0942 -3.31847 -39.8178 9.02513 70.5986 144.344 260.525 399.396 589.183 1005.44 1023.39 1060.79 1105.87 1142.76 1182.69 1228.31 1258.27 1293.56 1321.59 1353.86 1389.22 1431.71 1471.73 1507.74 1545.88 1585.25 1613.47 1648.73 1674.02 1695.56 1709.86 1705.45 1689.96 1661.35 1647.04 1559.41 1462.08 1360.75 1241.24 1113.61 969.653 792.384 620.479 396.896 
222.063 515.378 705.678 869.286 1043.67 1170.79 1277.94 1389.72 1468.25 1537.68 1557.56 1565.7 1578.36 1586.77 1591.53 1574.55 1549.75 1523.12 1493.32 1461.27 1428.02 1388.53 1350.38 1305.56 1267.48 1235.81 1216.77 1182.35 1148.26 1112.87 1074.53 1035.3 996.69 966.349 871.691 472.585 275.742 164.518 74.2726 8.70101 -40.6495 -54.848 79.7098 146.038 175.293 212.814 216.559 220.397 218.264 220.41 219.265 204.587 208.536 197.851 221.364 235.938 239.193 5.50377 -383.308 -489.616 -530.253 -520.961 -495.984 -455.354 -417.893 -399.387 -383.763 -369.269 -356.938 -353.866 -376.511 -387.304 -392.065 -400.143 -399.304 -396.882 -402.482 -408.427 -415.916 -430.756 -448.474 -477.433 -501.579 -557.631 -610.616 -619.758 -608.843 -551.285 -296.417 153.584 118.019 122.459 127.624 126.124 121.671 128.524 132.509 128.523 121.111 118.763 124.247 122.382 123.848 127.649 120.038 117.496 117.202 115.335 119.535 123.191 123.916 114.928 -421.28 -587.283 -641.683 -650.374 -640.731 -602.863 -550.965 -524.334 -500.613 -467.75 -448.052 -451.389 -434.249 -430.927 -429.249 -435.594 -413.294 -389.372 -385.815 -404.431 -379.884 -409.469 -417.758 -425.677 -426.955 -481.023 -538.697 -547.783 -543.931 -498.819 -310.43 224.026 194.057 170.848 178.44 192.339 179.533 171.844 160.217 172.656 174.038 147.606 125.594 116.098 75.9925 -16.7601 -87.103 -40.593 16.1947 83.6445 190.055 326.666 513 923.915 939.269 973.923 1015.14 1049.31 1086.33 1131.15 1162.49 1197.75 1223.51 1252.85 1284.65 1327.28 1368.04 1402.69 1439.84 1479.72 1509.67 1543.07 1569.01 1591.34 1605.85 1606.04 1593.34 1570.52 1559.41 1531.34 1440.8 1344.41 1230.02 1107.79 961.207 784.961 614.619 393.284 
218.273 514.006 705.363 868.285 1043.25 1165.67 1264.75 1370.34 1411.05 1440.69 1455.46 1458.5 1467.4 1472.61 1479.54 1461.99 1435.12 1409.65 1376.9 1345.02 1312.16 1273.04 1234.2 1191.75 1156.87 1128.81 1112.02 1077.24 1041.84 1008.5 973.125 937.354 902.348 875.453 783.874 381.541 192.016 89.7041 10.6433 -52.4238 -53.6685 -45.6465 91.4 154.841 179.862 219.199 222.46 229.078 228.851 238.835 246.169 243.358 250.784 244.343 275.457 292.636 290.579 28.7162 -373.907 -484.996 -556.275 -556.378 -532.679 -501.945 -482.045 -467.464 -452.745 -437.257 -427.453 -428.016 -442.556 -458.068 -460.751 -472.2 -471.558 -470.245 -475.914 -482.582 -489.798 -505.064 -523.602 -553.351 -578.081 -633.699 -679.399 -692.843 -684.869 -623.998 -358.933 79.0227 47.2867 48.8313 54.1747 52.5931 48.4152 54.6894 58.0877 54.6735 48.068 46.4554 51.5686 49.2199 50.9464 54.2269 46.4978 44.0012 44.5083 41.9226 45.5578 51.5721 52.1562 43.7186 -494.514 -659.963 -718.023 -723.269 -706.488 -673.042 -623.026 -593.014 -567.679 -538.301 -519.411 -524.342 -505.741 -500.857 -496.185 -505.172 -481.135 -458.582 -454.85 -477.676 -454.019 -478.344 -480.743 -480.593 -473.086 -522.793 -569.846 -560.033 -537.125 -485.672 -280.051 280.992 247.587 221.486 223.243 234.47 214.692 196.667 175.903 185.595 184.118 156.396 136.549 130.497 89.6705 -2.41073 -82.3308 -85.4553 -42.1328 17.4465 114.584 242.174 427.611 837.965 850.418 881.533 919.275 950.752 983.533 1025.29 1056.25 1092.47 1117.89 1144.22 1172.52 1211.57 1251.95 1287.05 1324.14 1362.52 1392.98 1427.68 1453.07 1478.87 1492.12 1492.25 1483.96 1467.27 1462.08 1440.8 1418.91 1327.84 1221.03 1104.25 962.679 784.128 613.18 388.275 
224.547 515.312 704.63 865.741 1029.58 1142.15 1235.54 1307.6 1315.08 1340.91 1352.46 1352.32 1359.02 1365.95 1369.8 1352.21 1326.76 1300.35 1266.5 1235.54 1202.11 1163.62 1127.28 1088.5 1056.67 1031.14 1014.85 979.826 945.861 915.362 883.046 850.192 818.469 794.317 706.993 317.309 146.143 54.5504 -20.271 -28.2333 -23.9271 -17.5266 107.494 162.893 187.75 229.323 244.868 261.842 266.869 276.868 280.102 262.36 240.003 231.694 222.756 235.929 236.343 -28.7911 -420.804 -529.275 -601.487 -599.909 -573.624 -535.089 -505.535 -488.406 -474.431 -452.554 -440.921 -444.016 -454.83 -470.598 -473.403 -484.008 -484.09 -481.085 -486.834 -492.217 -500.776 -516.616 -538.378 -568.395 -600.39 -660.379 -710.783 -725.388 -719.601 -658.33 -402.812 36.7817 4.36781 6.12505 12.2564 10.3808 6.54638 12.9188 15.9865 12.5699 7.05698 5.21796 10.1407 8.32643 9.65364 12.3518 5.15563 2.83616 2.69852 -0.191181 3.32015 8.50573 9.03681 1.645 -534.151 -692.313 -750.679 -755.684 -739.832 -695.62 -638.453 -603.395 -577.058 -545.243 -526.811 -532.166 -513.517 -507.378 -504.025 -511.782 -489.814 -469.265 -462.963 -488.129 -465.779 -492.587 -497.261 -500.583 -496.562 -553.341 -605.026 -601.726 -579.671 -527.738 -327.179 230.499 197.384 206.496 215.386 246.638 250.913 238.843 218.392 221.07 209.397 170.67 149.558 141.826 105.369 22.1347 -51.4318 -52.2342 -55.4416 -12.8407 77.9722 192.115 359.838 761.385 771.047 799.249 833.516 862.541 892.207 930.502 959.183 994.211 1021.28 1045.21 1070.94 1106.61 1143.49 1177.4 1213.99 1252.27 1280.84 1316.95 1343.11 1367.45 1382.04 1383.37 1375.67 1363.12 1360.75 1344.41 1327.84 1294.67 1194.14 1086.3 953.927 784.277 612.301 393.604 
219.988 510.839 700.526 852.699 1008.65 1116.27 1169.15 1202.06 1203.1 1222.8 1231.4 1229.2 1236.86 1242.73 1245.95 1227.94 1202.37 1174.78 1142.96 1111.21 1076.98 1041.78 1009.25 974.533 946.036 922.567 904.803 871.433 840.191 813.213 784.152 755.314 726.279 705.637 620.131 244.425 84.3166 -3.17266 -13.0662 -12.4083 -9.97623 -3.26477 117.475 171.42 208.359 263.311 259.227 258.835 238.889 235.012 223.825 208.604 188.999 179.645 173.401 184.783 190.533 -71.0913 -466.851 -581.474 -647.032 -641.603 -608.772 -566.962 -534.957 -515.096 -496.258 -473.498 -460.591 -465.388 -471.824 -489.919 -494.817 -504.301 -504.002 -496.499 -504.135 -510.156 -518.965 -536.562 -560.095 -590.986 -626.525 -685.579 -739.773 -757.659 -759.838 -700.36 -442.493 -3.81492 -36.0227 -35.1353 -29.2384 -31.2862 -34.5484 -28.8151 -25.7462 -29.2038 -34.3222 -35.2902 -31.6939 -33.2326 -31.4389 -29.6889 -35.8968 -38.0207 -37.8798 -40.4733 -37.8883 -32.3393 -30.8535 -35.5195 -573.324 -735.567 -788.275 -788.84 -768.684 -721.226 -660.86 -624.497 -597.646 -562.185 -543.714 -549.868 -530.733 -526.388 -523.484 -529.133 -507.016 -484.098 -475.858 -504.374 -485.864 -511.015 -518.634 -525.679 -526.683 -582.689 -633.712 -640.484 -624.699 -577.486 -374.79 182.162 146.075 155.922 164.777 192.849 196.319 201.937 195.017 236.953 244.056 215.868 181.98 158.883 117.666 34.9162 -31.539 -33.6291 -35.1109 -42.8376 21.7323 130.316 287.018 676.923 684.774 709.869 740.224 766.041 792.334 826.594 852.286 884.177 911.003 935.56 958.808 990.741 1023.76 1054.12 1090.17 1126.4 1155.68 1190.1 1215.75 1242.81 1257.34 1258.19 1251.33 1239.53 1241.24 1230.02 1221.03 1194.14 1164.33 1062.91 935.489 774.826 610.635 387.182 
221.398 516.084 696.95 843.785 993.039 1053.58 1061.19 1088.26 1082.07 1095.94 1104.78 1104.26 1108.8 1115.36 1118.54 1097.66 1071.88 1044.88 1012.46 980.527 949.909 918.864 890.166 859.548 834.451 810.961 793.601 763.217 735.49 712.201 686.441 660.967 635.71 617.874 540.662 190.388 37.5623 36.1908 41.2958 42.6174 44.5024 52.3396 171.852 237.772 215.927 222.936 215.796 212.099 194.688 191.561 181.976 168.149 147.636 138.114 130.398 144.005 149.962 -114.322 -511.89 -616.923 -679.418 -672.719 -641.169 -594.253 -556.353 -537.892 -523.977 -470.444 -428.414 -425.806 -394.099 -409.815 -416.309 -427.139 -437.052 -449.513 -464.934 -475.078 -516.192 -547.095 -588.062 -616.165 -652.466 -714.608 -772.037 -791.049 -793.231 -739.928 -494.672 -46.6037 -79.5045 -78.3205 -72.2817 -74.2389 -77.138 -71.8427 -69.0232 -71.8736 -76.6316 -77.9334 -74.382 -75.7785 -74.7143 -72.9598 -78.7786 -81.1145 -80.7789 -83.7081 -81.7157 -77.2527 -76.2294 -79.6016 -626.603 -775.248 -822.757 -820.958 -798.447 -749.283 -683.014 -643.682 -624.814 -559.495 -523.945 -509.285 -465.434 -445.586 -442.307 -447.532 -434.749 -437.21 -428.325 -463.586 -474.275 -505.611 -542.759 -547.709 -548.997 -607.917 -660.582 -670.594 -656.246 -609.051 -424.32 143.264 108.282 116.305 121.851 152.533 156.516 160.244 154.004 192.851 204.15 189.861 198.069 233.469 190.11 94.0772 26.0294 22.393 21.6923 16.6914 23.714 85.8303 231.63 593.265 599.152 620.918 647.637 670.753 694.023 723.564 746.306 774.427 799.678 823.591 845.679 873.844 902.968 929.746 961.538 994.823 1025.63 1059.08 1083.48 1110.82 1126.35 1128.48 1121.86 1113.06 1113.61 1107.79 1104.25 1086.3 1062.91 1046.06 922.251 767.747 608.941 393.717 
221.14 498.805 667.735 804.855 907 926.775 929.884 949.32 939.784 951.245 961.782 960.069 963.707 970.523 969.187 950.266 926.543 899.531 868.24 840.353 814.112 787.505 762.91 736.669 715.187 693.138 676.91 650.491 626.969 606.835 584.873 563.383 541.767 526.42 458.227 131.713 70.0999 78.8776 84.4746 83.3718 85.6915 95.158 182.179 186.019 166.237 172.208 166.748 162.423 147.146 144.716 137.149 125.314 106.491 97.9821 92.3339 100.546 107.891 -152.734 -537.03 -633.465 -690.837 -679.541 -648.346 -608.395 -536.633 -483.422 -439.863 -384.454 -350.819 -352.582 -319.883 -338.018 -344.285 -352.36 -362.488 -370.42 -384.851 -391.912 -427.031 -457.239 -493.583 -553.793 -624.448 -708.5 -749.596 -771.111 -774.018 -722.002 -488.363 -53.2766 -83.7369 -83.9839 -77.6222 -80.5356 -82.4115 -77.1914 -76.1853 -78.7641 -79.5358 -80.3687 -76.7737 -78.2024 -77.4898 -74.9295 -79.4382 -80.1821 -82.4169 -86.087 -81.1911 -78.0076 -76.2448 -82.3342 -610.763 -757.208 -801.8 -796.806 -767.153 -723.529 -630.154 -552.431 -499.119 -439.221 -411.377 -406.15 -374.073 -360.761 -360.199 -365.712 -356.073 -360.364 -347.818 -381.205 -387.652 -415.382 -457.005 -488.837 -527.801 -619.655 -666.515 -677.435 -666.848 -626.702 -447.716 107.178 68.9755 73.555 83.2661 110.149 114.949 116.999 111.189 145.854 155.052 142.575 154.049 182.651 187.164 140.089 71.0477 67.9437 67.0593 62.7635 69.1016 74.0866 174.508 506.697 510.881 529.092 551.786 571.589 591.746 616.398 636.47 659.811 681.749 703.007 724.783 748.921 773.882 796.831 824.078 852.605 879.669 912.173 936.711 961.701 978.481 981.289 974.455 968.422 969.653 961.207 962.679 953.927 935.489 922.251 876.56 733.628 584.684 382.362 
210.317 472.002 632.239 722.425 754.407 766.828 762.693 777.384 764.866 776.801 786.843 783.842 786.326 792.411 790.665 771.788 751.02 722.598 697.407 675.007 653.929 632.558 612.802 591.724 574.185 553.446 540.134 519.156 500.569 484.424 466.811 449.689 432.383 421.085 355.776 139.103 132.844 140.837 145.047 145.208 145.332 157.489 133.383 111.258 92.4834 102.636 100.566 94.3538 82.3718 83.454 88.7443 92.6073 83.5569 79.8859 75.0585 79.4248 99.2144 -131.744 -483.962 -569.062 -627.706 -603.385 -509.328 -420.961 -344.342 -289.74 -243.963 -194.888 -164.202 -166.378 -135.419 -143.819 -143.547 -145.564 -145.463 -149.216 -161.201 -166.964 -199.432 -222.892 -255.79 -301.774 -362.175 -444.455 -535.363 -604.062 -608.673 -558.542 -336.454 76.7534 47.1573 48.0785 55.1481 51.1996 50.1471 54.0234 55.604 54.5054 53.8375 52.1514 56.304 56.1007 54.6454 56.2437 52.779 53.1262 49.6306 45.6711 50.5944 51.5596 52.5536 44.9555 -450.978 -590.624 -633.607 -628.773 -553.993 -453.855 -360.467 -296.384 -252.289 -198.695 -175.784 -177.381 -147.549 -139.527 -142.216 -146.744 -139.719 -142.565 -133.999 -165.336 -174.813 -206.577 -252.445 -288.078 -326.167 -406.102 -489.263 -578.518 -584.749 -557.422 -394.238 127.675 86.5932 84.7732 83.2771 86.6284 94.5141 91.1774 76.0523 86.1666 89.1656 74.0987 87.1527 104.104 110.5 121.315 134.392 131.596 131.037 129.29 135.751 142.016 133.523 406.378 408.079 422.286 440.487 456.449 472.444 492.161 508.118 526.47 543.64 562.002 582.176 601.565 621.615 640.049 661.935 684.849 706.588 733.1 758.455 782.058 797.709 800.728 793.666 790.26 792.384 784.961 784.128 784.277 774.826 767.747 733.628 692.64 553.556 362.617 
197.274 446.02 553.286 574.275 598.65 603.156 597.981 607.017 598.097 608.249 617.071 612.623 613.287 619.473 615.877 597.194 578.36 556.472 537.073 519.823 503.591 487.132 471.918 455.686 442.056 423.555 410.878 395.004 381.039 368.647 355.123 342.139 328.892 320.565 263.495 190.235 180.731 185.918 190.325 188.17 188.351 199.62 184.578 167.666 149.26 151.811 159.852 158.914 151.058 153.593 162.161 166.657 160.498 157.595 157.252 163.873 185.577 -34.1051 -367.324 -447.568 -403.763 -332.985 -258.925 -183.533 -111.179 -63.3586 -23.562 19.6744 46.7383 43.4111 72.7098 67.3475 64.321 59.1547 54.0613 47.5498 26.3127 8.25698 -17.5555 -37.7293 -65.1279 -105.909 -160.117 -233.839 -313.582 -370.891 -443.839 -467.51 -258.652 130.151 102.2 101.861 99.8245 96.9966 96.0351 95.9786 95.7523 95.6958 95.2433 94.7343 96.8835 95.922 95.8655 96.8835 97.3925 97.6753 96.8835 100.843 104.406 105.424 110.005 109.743 -357.527 -500.74 -460.605 -395.74 -328.356 -242.827 -161.424 -102.529 -62.5365 -18.8867 8.19832 17.5317 52.7801 64.8833 65.2232 63.7358 68.9267 67.8728 71.449 45.1996 36.8062 10.2856 -28.7245 -63.3839 -98.8198 -169.57 -245.664 -318.714 -377.039 -441.445 -286.045 207.615 167.319 161.405 159.385 161.848 167.066 161.794 146.502 154.852 156.388 140.588 144.131 152.709 167.037 173.462 181.002 178.152 180.305 177.125 184.03 192.402 187.765 302.075 310.828 321.242 335.219 347.602 359.622 374.686 386.764 400.459 413.877 430.235 448.334 463.265 478.705 492.901 509.755 527.401 544.142 564.56 584.581 605.451 623.885 625.964 619.41 617.534 620.479 614.619 613.18 612.301 610.635 608.941 584.684 553.556 527.849 342.053 
190.354 346.148 361.24 373.619 389.312 384.845 379.512 387.673 379.177 388.394 394.574 389.112 391.867 396.77 388.104 374.075 362.278 348.568 336.416 325.611 315.443 305.134 295.604 285.436 276.898 265.137 255.465 244.483 234.351 226.415 217.771 208.772 200.128 190.669 192.253 238.424 255.724 264.335 267.254 266.92 265.397 264.772 238.879 226.521 215.858 208.453 199.986 196.975 192.228 187.41 179.793 177.242 171.999 171.219 159.776 155.277 167.984 -51.857 -270.774 -244.947 -231.579 -188.818 -132.083 -63.097 -0.517337 36.3789 64.357 93.5784 118.028 115.907 143.287 141.188 139.18 134.999 133.17 129.267 111.875 92.7658 67.5636 53.0638 27.3113 -7.82839 -53.5229 -116.908 -181.963 -230.533 -278.432 -321.822 -289.603 89.9922 64.0168 63.8043 62.5289 60.7575 60.1553 60.1198 59.9781 59.9427 59.6593 59.3405 60.6867 60.0844 60.049 60.6867 61.0055 61.1827 60.6867 63.1666 65.3985 66.0362 68.9058 63.5686 -338.401 -326.286 -300.645 -254.464 -199.622 -129.52 -56.2111 -7.72915 28.2533 66.3415 91.0309 98.895 130.303 138.501 139.805 137.727 141.212 141.808 141.497 121.079 117.791 98.1897 70.6616 39.5952 6.53568 -52.1864 -108.868 -161.245 -193.497 -239.758 -255.731 189.42 157.899 168.314 170.405 172.53 177.844 184.93 188.508 191.661 195.912 202.289 211.606 216.46 226.572 243.638 256.498 258.759 257.306 254.968 250.321 240.33 222.366 177.238 186.688 195.02 203.947 211.764 219.896 229.851 238.283 248.592 258.902 269.494 280.831 290.184 299.855 308.747 319.305 330.358 340.844 353.634 366.175 379.247 394.021 401.445 394.922 392.76 396.896 393.284 388.275 393.604 387.182 393.717 382.362 362.617 342.053 324.389 

Largest Eigenvalue:
193598

Corresponding Eigenvector:
0.000885301 -0.00286513 -0.00918317 -0.0191617 -0.0256684 -0.0271104 -0.0258521 -0.0251374 -0.0233416 -0.0221487 -0.0232071 -0.0245176 -0.0262754 -0.0273449 -0.0282922 -0.028379 -0.028488 -0.0279804 -0.0271408 -0.0258908 -0.0254142 -0.0246062 -0.0232973 -0.0223829 -0.0217051 -0.0211462 -0.0205506 -0.0187286 -0.0169371 -0.0153988 -0.0137216 -0.0120544 -0.0102929 -0.00850891 -0.00558686 0.026375 0.0308714 0.0292465 0.02853 0.0287107 0.0296092 0.0320227 0.0246969 0.0273381 0.0327407 0.0354093 0.0400271 0.0431058 0.0460445 0.0492383 0.0529096 0.0563715 0.0603178 0.0618947 0.0641826 0.0653756 0.0676116 0.0750889 0.0896389 0.09696 0.100589 0.10403 0.106535 0.10777 0.109048 0.110458 0.111363 0.110585 0.109205 0.109955 0.108068 0.109481 0.110755 0.110745 0.110728 0.110519 0.109956 0.109705 0.110204 0.110531 0.111663 0.11197 0.112772 0.112502 0.111268 0.109995 0.107433 0.10138 0.0904784 0.0803251 0.0797412 0.0796303 0.0785302 0.077664 0.0774311 0.0766774 0.076635 0.0768169 0.0766066 0.0764776 0.0769801 0.0770579 0.076828 0.0770706 0.07738 0.0776402 0.0780264 0.0802191 0.0811137 0.0808889 0.0830132 0.0832193 0.0979318 0.104683 0.108847 0.111209 0.113097 0.113717 0.113128 0.112042 0.112383 0.111884 0.111582 0.112223 0.111559 0.1116 0.111875 0.111402 0.111008 0.111436 0.110836 0.11221 0.111513 0.111591 0.111457 0.110615 0.109403 0.109387 0.108792 0.105216 0.101169 0.0957174 0.0860402 0.0701847 0.0696162 0.0670174 0.0645301 0.0598529 0.0580611 0.0552701 0.0520625 0.04607 0.0427005 0.0395363 0.0350767 0.0281292 0.0236868 0.0265649 0.0323233 0.0311739 0.0310823 0.0314005 0.0322333 0.0344904 0.0220858 -0.00653016 -0.00705642 -0.00888179 -0.0108698 -0.0128932 -0.0142927 -0.0163019 -0.01786 -0.019143 -0.0204713 -0.0211318 -0.0220248 -0.023188 -0.0239186 -0.024691 -0.0255841 -0.0267957 -0.0270463 -0.0283876 -0.0282646 -0.0284695 -0.0276281 -0.0266858 -0.0260698 -0.0243402 -0.0230362 -0.023071 -0.0250667 -0.0256082 -0.0264188 -0.0261579 -0.0237712 -0.0148216 -0.0057248 -0.000807322 
