0,1,2,3,target
0.03195454686656051,-0.8118330837548662,0.5367569612073577,-1.0935178015687115,drizzle
-0.9619117625230655,-1.380240675189355,0.7373097318954293,0.6006780702111792,rain
-0.5716113123194999,0.44370155173143433,-1.2225741489143664,-0.4297593623116616,rain
-2.158694593518064,-0.7519123626169295,1.1661428946213326,1.6748650376174725,rain
-0.6479434676738745,-1.2659334727198486,1.062983366466769,-1.7294618027762134,rain
-1.2594293744893024,-0.3199554753949186,-1.775231439916293,-0.4090080100437156,rain
-0.5105921755209828,-0.4773617591663284,-1.4656749750430713,-0.5092011778608685,rain
0.19368348176341885,-0.8171100333418154,-1.2352951890415154,0.019490050110259366,sun
-1.0408595191045267,-0.21144197209273646,-0.5560546271703984,-0.3884639726452923,rain
-0.45810975211208477,-1.2677712394472564,-0.7205462915266768,-0.6599916364034002,rain
-0.14241228708125966,-2.0954455329476764,0.4101208284675548,-1.282102610094606,sun
0.35883565232411757,-1.850171617444261,-1.4093783778385516,0.20033848945298122,sun
0.4281160681996293,-2.0006547729849533,-1.8113023051333605,0.4737108710865348,sun
-1.3672965385060738,-1.3418014023019462,0.2672238573990392,-1.2773616020467433,snow
-1.0933581273802422,-1.9749381639157253,-1.0087220191943815,-0.06046517677891116,snow
-1.0085428549683182,-2.105710564249309,-0.021535132217157985,-1.240324683547576,snow
-1.8938465083334632,-1.4908129900385878,0.49687006996744276,-0.8913823130636508,snow
-3.036577716570834,-2.0718085398551125,0.39347314655772625,1.0284835580946416,snow
-2.4908264855698885,-1.3843624429056698,-1.9393564460971953,1.6814264929357523,snow
-0.8319606605231633,-2.0015180420337195,-0.5583341479161299,2.049964823001416,snow
-1.3056100629831948,-1.32711309326388,2.224293163136182,-2.557309663244875,rain
-1.3349444570357742,-1.045876000600357,0.22368724478734622,-0.6888138671408598,rain
0.019501179017775407,-1.4097716034339591,-0.3719694954500054,-0.6559184378121881,rain
-0.8118456528760146,-1.568077136154047,0.9747499098468805,0.013177278818801203,rain
-1.594098427030766,-0.682346993375401,0.7516211113391879,-0.6846565204670227,rain
-0.41995738167249974,-1.7177425997441353,0.6036595709549482,-0.39525312404225305,rain
0.6791829806950936,-2.036455584767906,-1.5658337470622432,0.5798309011457053,drizzle
-0.08712095519142887,-1.1672890396442153,-1.3765385335231772,-0.19845140695293093,rain
-3.0893757350303908,-1.0226700351382425,1.0955545222339733,2.6988378979382692,rain
-1.6941051299717185,0.09086386832076676,0.14574380098735673,-1.5542859160485498,rain
-1.1283685326725654,0.1322148000744171,-0.46824885347639356,-1.137709432410718,rain
-1.5334380505310838,-0.7457837329806672,-0.5174813440520193,1.441173104001982,rain
-0.014342297065290924,-1.0566114458204088,-1.0194852334884,-0.31380341539384826,sun
1.0258224945160936,-2.099045404743686,1.402140141974946,-0.6957832727799476,sun
0.7473588818491118,-1.137332927618044,0.7083982961530914,-0.5213847611698235,sun
1.294050918220159,-1.8643438669821604,-0.030079601982896158,0.35260272869856574,sun
1.5874762484225362,-2.4640915618432535,1.5228954795364416,-0.24667363960108932,sun
-0.06930719009864199,-0.3001024259785124,1.0266479195483726,-1.3430130088178227,rain
-0.6786728095664036,-0.1764699524186694,-0.9374837934620791,-0.21669561417721928,rain
-1.0308927291765768,0.7026031798486541,-1.2460552446080788,-0.40415482453499685,rain
-0.4242668214889179,-0.0013547045521547355,-0.5365226200640105,-0.25371840134671825,rain
-0.9779023830169197,0.10766010476721632,-0.822696386522204,-1.0598434847468392,rain
-0.7615684810609004,0.2758714050720113,-2.075548489206492,-0.1116012963717142,rain
-1.8654297496771766,0.08198744362309568,-1.7185256801988469,1.290065570664923,rain
-0.5424274375696765,-1.1486215575424563,-0.802355932382828,-0.3035329261341789,rain
0.07719547420652059,-1.1785977407364827,-1.5388860628948522,0.04645259109522554,drizzle
-0.777905381668073,-0.29393678362357634,-1.5643961869207608,-0.23801069271778874,rain
-1.9698410325271993,-0.6531119906398141,0.08856279906319912,1.6758362571519958,rain
-2.1414979854226086,-0.9225984627097746,2.003161826180184,-2.340381447218696,rain
-0.752351905817369,-0.9616975188106981,-0.0684271970747872,-1.530638322604967,sun
-0.44857785541439615,-1.0654461430112505,-0.8011010777268192,-0.07988874795267013,rain
-1.7027586489460664,0.14568726594295175,1.5248327440126934,-3.0229016547606453,rain
-1.0460053275257855,-1.4713887241620538,1.3845262908132725,-0.42666032246254215,rain
-0.4250872377596203,-0.8556019733145731,-0.3661259534763841,-1.047769330363377,sun
-2.21893369994368,-0.14892717059388516,-0.5576244828782071,0.3066507613448435,rain
-0.9668679611451438,-1.0615474019709854,0.9426015182456084,-2.290315487399036,rain
-0.33857593002583714,-1.7178600142118048,-0.6984307772618047,-0.5114293421709887,snow
0.5011241375246893,-2.264430469764845,-0.6260185301690999,-0.11523809769845751,sun
-0.35669137100446424,-1.9148795491858168,0.056223035488484153,-0.3602292281157221,snow
-1.2245112872877808,-1.4525934008906516,1.176543113746154,-2.4863421052312438,snow
-0.451982994355006,-1.0379987935698054,-0.9851293600761999,-0.7517110683566958,sun
-1.3954342047257848,-0.4447042047339001,0.07267151425180694,-1.675679792209533,rain
-0.7789694862002587,-0.46066915307185163,1.6302419944754751,-2.439569040679643,sun
-1.0065334979632692,-0.04262337720672244,0.5755636001688204,-2.05902126136977,rain
-1.0360561150328835,-1.7910295749819451,1.346606635274914,-0.8551755472294477,rain
-0.04447539172582934,-1.4549390171287915,-1.0035858711896022,-0.2507945583888745,snow
0.9406958549288659,-2.346652625055144,-0.5328756302229599,0.25116978071874696,sun
2.0119636028893204,-2.4258174482598824,0.09206851200295735,0.9374572761644461,sun
-0.9085096313641202,-0.11792663021328671,-0.93526618490933,-0.22940103045976504,rain
-2.405523085106691,0.4053977012983724,-0.7523868294248364,0.014578249154619832,rain
-2.3033492639267545,-1.0648104150080404,1.0417040573945564,-0.11258039885506918,rain
-1.9569767863575267,-2.177048100926561,1.9437259198023473,1.0924381119782254,snow
-1.5762902056003452,-1.5664861131067904,0.6442482205303562,-0.33746763229555166,snow
-1.0283863733285696,-1.5967918231680513,0.5305690799901713,0.04316518925517992,rain
-2.88193119710865,-0.7996499612155222,1.7902621444966975,1.562956478244345,snow
-1.4678752970474382,-0.8186040973734023,0.636992622149779,-0.43387414632819965,rain
-0.3551049164010262,-1.95382097502738,0.4021066733872087,0.9401629394874682,snow
-0.5970870487903938,-1.468924858540079,-1.0717150648443134,0.04953301395448784,rain
0.16748852107879092,-1.9694217112707773,-0.5871361207340007,0.07692753260439408,rain
-1.0152330137333239,-1.3954563575857533,1.2275903684825942,-1.5901960638613464,rain
0.16389131314248007,-1.3499049025330472,-0.8812290603489602,0.09596889989106132,rain
0.06452826559625963,-1.2645996959670445,-0.9094568817628703,0.74028562360863,rain
1.1639258832785009,-2.004106267274593,-0.22543880382053105,0.3234019501887795,sun
0.9146411039222861,-1.7805208146753315,1.3202886370273945,-0.7361997157562954,sun
1.0516043337362346,-1.5783208874723547,-0.2847933901499548,0.2772030040001626,rain
-0.1896028729592143,-0.3686002959397826,0.19156257327040868,-1.088972905266317,drizzle
-0.345400728634807,-0.3602769671332522,0.25371929394943926,-0.03982638540948979,rain
-1.2826487914928932,0.075291418207056,0.7514054639959503,-2.0776026472090865,rain
-3.4385244755776436,-0.31446719564449727,0.8919849258281859,2.4456614162471175,rain
-1.307319712061846,-0.41157469187743095,0.2572811034484291,-0.764544231212826,rain
-1.1987283552676313,-1.167912103533977,0.09205346650118469,1.3269628295925424,rain
-1.1315947401763964,-0.8061629948378028,1.3214542557400881,-2.250670971191128,rain
1.2895970482232497,-1.3272929475121071,0.22340191563695727,0.24872093616421445,sun
0.21712808946348974,-1.0477037049606424,-0.33503271044262284,-0.0757357672675077,rain
0.32631686639168633,-0.9133213704639268,-1.089429208163761,0.06141233568703764,sun
-0.3587611953623013,-0.7593844030870363,-1.2639111688916427,0.6885874183223208,snow
0.24142853828754574,-0.8807419151511289,-0.7617625265219538,-0.11804154435787494,rain
1.665376992309588,-2.3643525496570925,1.1117263221456912,0.05741904739323198,sun
1.555290880667492,-1.0876845796182544,1.16910924998184,0.009558388576675493,sun
1.7803727843171064,-1.038689710786624,-0.05515299209446946,0.8911161441988709,sun
0.45355525347260073,0.088262201702751,-0.009110034735026239,-0.33049329386635456,rain
-0.8892833110650215,0.4657232533066018,-1.076098786845971,-0.42776047106869386,rain
0.33724900528669594,-0.45793749328979505,-0.5780187541972414,-0.044479187259759446,rain
0.9030549832355206,-1.398863796437164,0.5552959968773573,-0.307201068482435,drizzle
1.30323407560801,-1.5490182546143425,0.11517024362125543,0.30488425565896715,sun
0.49081782699181226,-0.23367919245552696,-0.2618149112041241,-0.18050734566135837,rain
-1.140690650843815,-0.5328112556830814,1.3950070955826248,-0.5862489419386162,rain
-0.36195921039834794,-0.27594285185783185,-1.326780082521225,0.034574556989172306,rain
-0.45998725816922464,-0.014305027623451993,-0.012160493347493119,-0.752065148789863,rain
-0.4919198046996631,-0.7878383535777074,-0.12000059157187365,1.5571303385462925,rain
-0.6551777388765039,-0.07391400170380237,-0.48327242587070357,0.5427588167911621,rain
2.1693178126037505,-1.6641014924675528,0.23269572121101606,1.0657579746112589,sun
1.983276477384902,-0.7882497166703847,0.49725950977794225,0.8049649142677395,rain
1.3546226254998666,-0.4872419834978928,0.7334342622750012,0.09404790587986632,sun
-1.105290761005563,1.0149589294614532,-0.7561224221756628,-0.2567748785385391,rain
-0.7456403049861223,0.20135392407091723,-0.1119101028537382,1.3265008436114991,rain
-0.5273213327978236,-0.4799886262989325,0.9651929747307533,-0.8642741254224393,rain
-0.2003906246177657,-0.5173160241349398,0.5884677907199872,-1.1189447249182494,rain
0.2692604071660372,0.20955359535955687,-0.6070092991410729,-0.17596244935896435,drizzle
-0.29834865475119965,0.5674727906822012,-1.103881916636381,0.6756141683494223,rain
-1.2702712679398223,-0.5588481052494553,2.419155622961015,-2.241502162447168,rain
-0.7337101866603544,-0.5232839747795299,1.2844654203434036,-2.08518900374734,rain
0.20461562065842837,-0.3617261561676837,-0.7238847350749955,-0.0864014728365378,rain
-2.495970888556476,0.16601993639287418,0.01359423980752758,1.5757400360417244,rain
-0.5353796523696671,-0.35001777722415645,0.3495154430833761,-1.0434363287171922,rain
0.4188445302275152,-0.5381731786009594,-0.8003595892807466,0.020222445034648658,sun
1.4859313199774995,-1.1671434099867886,-0.0881646645604291,0.6170113676409286,sun
2.7036975117406725,-1.5856970353626503,0.569914402803915,1.4025409688006119,sun
0.4746724499204424,0.22401985206125197,-0.10409001822854175,-0.24939217222310336,sun
-0.1704166966258337,-0.16923314254158697,-0.03091618358144619,-0.9363720090774227,rain
0.8705796978906054,-1.174416586504274,-0.11921604350278997,0.041852957790628066,sun
1.5394184153825614,-1.7168418627526194,1.160603407831969,-0.0449432182901375,sun
2.544824844903649,-1.6143047669613937,1.287250862845203,0.8600728661453436,sun
2.0902334091807244,-0.944176677872386,1.6608230072748316,0.267902604365662,sun
1.5759071335392019,0.15638155633816775,1.244859385337403,0.07511978988253985,sun
1.8138379622260379,-0.7660024339404713,1.427829496575144,0.14061622078434452,drizzle
0.6825928423614568,0.0025123713484037006,0.34933604172410865,-0.31010038802025025,sun
1.0190855478038034,-0.6414706404920205,0.03515577952483532,0.13827685023421932,rain
0.2036284999255944,0.01680222375182098,-0.27707551142427184,-0.43083082071325635,rain
1.437310657561214,-0.4849971555371198,-0.6049518119649943,0.8971805673522464,sun
-1.426494725265419,1.7332236028441002,-1.6546221701432076,0.5092273980901727,rain
-1.4766665106928387,0.3502839548094841,0.726440213404399,1.0280076545819417,rain
-1.4939846492715418,0.4733814886434844,0.4380184244483221,-0.8516635081898059,rain
-0.7341902223513566,0.10757815108385486,1.3295367867490586,-2.1173816825131486,rain
0.29866451344803224,0.1559766782002453,-0.037499113501138014,-0.45929920429865345,rain
1.5189390548978159,-0.4985506845901603,0.5710867329033261,0.33895190392802255,rain
1.4632956664070644,-0.5697928361517038,0.8647789881824334,0.12174284178922168,sun
-0.42312471164588916,1.0821369445731706,-0.08315770418535776,-1.063814262686249,sun
-0.09833801347384222,0.5962697367952876,-0.16160752101059023,-0.7431001184721758,rain
0.46810302860689657,0.1337293954703317,-0.9680691002983397,0.20504948918474175,sun
0.34605751337123886,0.9492591381328497,-1.0569335576932009,0.2696113422360868,rain
-0.6450116383142297,1.2746585700743107,-0.48814227639053454,-0.06947394474216617,rain
-0.6366123927027881,1.0102204231166871,0.4657020216505988,0.12315825132841403,rain
0.22216848156574018,0.4602304591866724,0.2854217217683542,-0.6091892796252524,rain
0.22223734668682607,0.388533611524866,-0.322562273957907,-0.3624512061369976,sun
-0.8551206377640977,0.7706317297054015,-0.744175367413806,-0.8097556618164014,rain
-1.989580274072081,0.29463663213127017,0.06843691651369066,1.4001471435261683,rain
0.701246569119437,-0.6911604105829194,0.14211792778864624,-0.22849405439151263,sun
-1.532919559451217,0.08859008945213294,0.5515069098884616,1.6918890163428293,rain
-0.19047066558113365,0.27138085865160944,-0.4156633098126457,-0.33198393130863274,rain
0.28799327873849706,-0.2541772006625395,0.8449704287605424,-0.9751814764280344,rain
0.4844329368804415,0.3669812300542212,-0.13583216694261055,-0.21288936365006647,sun
1.6611035152871596,-0.07734735311560341,-0.14301990986247215,0.8909739584219126,rain
-0.5228364985019477,1.2804426670709859,0.11441910620502611,-1.0473189004590087,rain
-0.6083303057019879,0.9362358373601603,0.1696704249562074,-1.3886628817352022,sun
0.0993644490185579,0.6277063266399463,-0.5001704035497295,-0.3678706831407392,sun
1.5537986651181122,-0.12350944814245253,-0.3013609381116575,0.8702180263672803,sun
-0.3314024091719009,1.6511015287577642,0.3874032927395023,-1.1903819355937275,rain
-0.3162731662377623,0.46520109017972766,1.7496418088172978,-1.994878253889581,sun
-0.30409881231040103,0.43658176460913245,0.2607276355100334,-0.4103537667845269,rain
0.49942337557120414,0.27296643453527075,0.03377091811339739,-0.040068810053519886,rain
1.7911231638411222,-0.39859384601461256,0.7215753074809284,0.5261730556304445,sun
1.3602771608361817,0.3948593701939794,-0.05004883806691808,0.5844871638752622,sun
-2.484316710672518,1.6094207746659541,-1.018994998578135,1.5271080196773754,rain
-0.9222838211190314,0.5655051756267094,-0.4608342690285954,0.8317587610051187,rain
0.8495230078337108,0.21623882603303432,-0.531740724113213,0.3415267983961523,drizzle
0.26906386836289564,0.6506890422213802,-0.03686039411873195,-0.32529578473352216,rain
0.1398972329987041,0.5883778397929429,0.01060133103438439,-0.6077656256526675,rain
1.8073739273001874,-0.39528399733994996,-0.10538560100041981,0.9890595634934436,sun
0.9084366067853971,0.5700938849058521,-0.061956368339108385,0.16885496981802892,rain
0.029085781848891892,1.8791649059592113,-0.8062375929220642,-0.1057602788723081,rain
-0.2756240922014747,1.412283423566588,-0.485737291243436,0.08853033766602296,rain
0.28262452276435795,1.0746846159084653,-0.5490102360313216,-0.13418234955914393,rain
-0.025105229650171465,1.0549557078787235,-0.6995948682858733,0.16337091587848923,rain
-0.6928074800085279,0.1514277830551081,1.7596995415474814,-0.8955241661887224,rain
0.9367309339198424,-0.20415873320812825,0.6998064545354389,-0.269697629294453,sun
1.6348642330784033,-0.20216642183645844,0.72018253105657,0.3904281413434226,drizzle
1.768971194832517,0.033918186552211224,0.16981619408680557,0.8332911120761786,sun
1.5759071335392019,0.15638155633816775,1.244859385337403,0.07511978988253985,sun
1.6835454018856362,0.6421003866096817,0.7294650143571969,0.4910339038808803,rain
1.2283735855230697,0.627885623623123,-0.001906529439995328,0.8328958957668171,rain
1.48315005850445,0.15568665507889917,0.12755929152490436,0.5899066408790038,drizzle
1.8186871362005135,0.30991531207302664,0.8258377742750709,0.5456776965246511,fog
1.3138169297332818,0.6389428310002542,0.38889326281634107,0.31955962869686294,drizzle
0.6264008584666442,1.2293200083906015,-0.2797899046860674,0.18979935546926582,rain
0.8144958722146702,1.389062810427912,-0.16229833347854183,0.18987913756321675,rain
-0.41394155425803897,1.3974625569409893,0.06209214141879329,-1.111532735725848,rain
1.42777122307,0.5956980864238274,0.35550014330088137,0.5211176871956563,rain
-0.020710181373229393,1.7828650766325922,-0.4065459432758868,-0.45339065117278676,sun
-0.052728023729529234,1.6114068380150062,-0.2573268924501752,-0.5767770846013439,sun
0.9596261252792387,1.1783869559374494,-0.10216710599836205,0.2821822394224784,sun
-1.885502997803377,1.3370871969152143,0.7735711499602186,0.9863266747417939,rain
0.8058755442031289,1.1388406427010604,-0.15305310338260164,0.15915883220244856,sun
0.15464513970393665,0.7532828812365838,0.5161908698323304,-0.5987616327115768,rain
0.17384609546946458,0.6962265753708349,-0.011118946432987751,-0.5558789667697537,rain
0.8507423115966515,0.33892002220837597,1.104960199105738,-0.5335160590893847,sun
1.709451265917005,0.3273627200858722,0.5399979726675459,0.5964215390156619,sun
1.4904021957778406,0.5346217704864118,0.1453103637707171,0.6136879423850486,drizzle
-0.447785030341105,1.7506227145545397,-0.585423596619601,-0.769417713307508,drizzle
0.6104520201984156,1.245883606045557,-0.6922139167328264,0.2702478642820787,drizzle
0.30962566574743855,1.7180903293551393,-0.5992428449372719,-0.036238930264571284,sun
-0.2051104140674886,1.443147577097957,-0.3352091921761675,-0.692861487966651,sun
0.48666837478061215,1.2178638202908214,-0.019094652777037535,-0.21455107627800626,sun
0.9621344749658478,0.9424132185229059,-0.151660326958243,0.2949037464894704,drizzle
1.0510585101633563,0.5953917678299327,0.04766808010095203,0.24843656461029848,sun
1.6845801744464,0.07383070368435672,1.3762041112448353,0.10281472579189509,sun
2.3688339142346706,0.5564681591208525,1.8407983135236068,0.5429606162795628,sun
2.3030779821829994,1.1991789713082583,0.6732656108051571,1.1556908865705995,sun
1.4266709288509498,1.1061973865275336,0.432987206229373,0.4367531374456373,rain
-0.16447224369964694,1.8648279834423946,-0.49367347309781917,-0.5387547491773251,drizzle
0.04344814874136743,1.6433205027295466,-0.040247413145168755,-0.599462964974472,sun
0.6378052197824161,1.0323749777503133,0.7505205810728477,-0.4982508574262232,drizzle
1.6244037711442594,0.30969748568363953,0.26418004230671827,0.6625492318165507,sun
1.983003565598463,0.29860661098075914,0.6634902449033957,0.7905816945728074,sun
2.0672456990093697,0.5100882377046164,1.1207995533060695,0.63907621951683,sun
2.0895030544056703,0.5385850983292338,1.0033226511944264,0.7259598443723504,sun
1.9482493417658604,0.3845742677244938,0.8667019004126125,0.6533172534348035,sun
1.5866575130632186,0.7964774211101779,2.021587684912802,-0.28982329868588597,sun
2.2017797239511885,1.1782038882313635,1.2244085889256777,0.7589320715084885,sun
2.4618452626323273,0.7667778097155612,0.6251651662696351,1.3041573079246132,sun
0.07990536089873801,1.515195500892895,-0.11146091157242127,-0.5348547990245658,drizzle
0.35152664046573484,1.550048894827476,-0.11546741269491091,-0.2691948689217771,drizzle
0.9916439676355395,1.3498451945550352,-0.2513861568240734,0.4055686728510363,sun
0.7293429910542284,0.9103886828342387,0.23111975166639606,-0.13799485093714933,rain
0.543679954009514,1.1603930241717049,-0.3397832103978978,0.00959698971551765,sun
-0.031944245459074434,1.307607753128842,0.321428523285701,-0.8908341449018007,sun
1.2306095688831393,-0.14080847864892895,0.5783230513013058,0.08284592566385575,sun
1.764989268020062,-0.062404021544026946,0.9155417328942053,0.4196289198532092,sun
0.42377284901647183,0.7676865533217642,0.2568465302562583,-0.45554143992285134,sun
1.006649185758449,0.9994069397721408,-0.3866141311815289,0.4686709962005111,sun
0.8533560476709562,0.563955177985274,0.38623096264009155,-0.12679287072113837,sun
0.6763133386377819,1.0641816870495933,-0.19391722952014345,0.05151927529229626,sun
0.8528986046823406,0.9598606265357508,-0.4375001285657675,0.345647588980482,sun
1.1299940266111717,0.1268610970907687,0.28323801959784034,0.1643100735156347,sun
1.0992217295910256,0.30915096193074065,-0.25927586370034184,0.44070782460060043,sun
1.111718598027327,0.19468644456238898,-0.345010617097916,0.491088640883084,sun
0.6970971169082368,0.7603826021634289,0.3848381862157328,-0.26253778500816044,sun
1.5139223555245962,-0.026603209761072735,0.6700731748230868,0.3135088897940378,sun
1.8317613342089636,0.023086560329825315,0.5631110265592766,0.6802797944197703,sun
1.5277439141115325,0.4426223622373598,1.5518033291386972,-0.1171514701077623,sun
2.850684904531279,-0.3196428651568112,1.5822498950808883,1.0847974570357481,sun
1.1366688343124127,0.6781604468731309,0.4779810861618724,0.10387009340904366,sun
-0.7207207203653415,1.433718064824206,0.7182998343530437,-1.6815999014120746,rain
0.19740277648283044,0.6677073359765985,0.4523918448398776,-0.7087944115477647,rain
0.8693960383546304,-0.35475275972294606,0.8977420851702751,-0.4519097254606479,sun
0.9746499818256832,-0.4685223758320292,1.929307425585199,-0.9163157601746281,sun
2.1278004004856452,-0.35162597875436963,1.3973568716129674,0.4877266144883615,sun
2.099307041953185,-0.030856560725241733,-0.02288070757457969,1.250442832984394,sun
1.1203389260388672,0.4449086122892415,-0.35425584719385733,0.5218089462438518,sun
2.0141541607927427,-0.5095306883189146,0.37053737757035793,0.9225688444840277,sun
2.283601888259749,-0.15214795438204776,0.5750185568314671,1.0959119884770039,fog
2.372631309844951,-0.038160511883578024,0.1051109483848953,1.4434464878990856,sun
1.3825345162324822,0.4233562308185968,-0.16752574017856114,0.6713707887307827,drizzle
0.6487493662783907,0.3556725289619537,-0.29817969631428565,0.032014634398089735,drizzle
-0.774701780025627,1.846616225287264,-1.2929473094657074,-0.6944684635923871,drizzle
0.3652436897046196,1.1486262915310452,-1.2794123145450558,0.4222122384249813,rain
0.7711648209580437,0.5124052623973495,-0.9443026579283217,0.5098745711034517,fog
1.1339759534236276,0.2231833051870064,-0.4624875192095589,0.5779722657386044,fog
0.47170665724521715,0.855899038026272,-0.8783278884745203,0.21032678041152467,sun
0.8829090409281616,0.2589841169699605,-0.7079560772806774,0.47185223567943296,drizzle
1.5524304743799617,0.005203499538207486,-0.2743646357699045,0.8632790225125574,drizzle
1.614185841195644,0.5626415562411469,-0.5278089001850719,1.098486882945134,rain
0.20381303112777083,0.7077531028524883,0.7128863149070405,-0.9176545001098086,sun
1.5214474045844262,-0.7345244220047046,0.521593511943446,0.3516734109950153,sun
1.7936315135277325,-0.6345675834291566,0.6720820865210483,0.5388945626974371,sun
0.08732502357087248,0.3462653954578214,0.40929544105370347,-0.8906919591248424,sun
0.5269153793985818,-1.0324278368190598,2.6691408469408593,-1.785884403654221,sun
0.4950029234299763,-0.742877182245204,2.1491238822608048,-1.5152691557815248,sun
1.1097917161405606,-0.8007074503686844,2.0256801855030733,-0.8616719675308576,sun
1.9697634748113702,-1.401986593363291,2.102957672228894,-0.11879704687234144,sun
2.3926532273410803,-0.8605462414955599,-0.12910346789232094,1.531991825382545,sun
1.6549915369622292,-0.563543258257,-0.18326790072641141,0.8729751601281376,sun
0.22428825338482103,0.5484653226607981,-1.1957865861236459,0.12271076063161544,drizzle
-0.542777543276027,0.899045223058671,-1.8194612045976726,-0.25296914968310436,drizzle
0.1417491082986838,0.29482635084402264,-1.5210977374443544,0.2015599604994958,drizzle
-0.8240648438560902,0.3986151858638684,0.32341605450106187,-1.2032940695101157,rain
-1.3993659347720009,1.3927441217640772,-0.06449011391918867,-0.7586517688714055,rain
-2.178753560968387,1.4155665500667294,0.2986674584734642,1.300306359482196,rain
-1.118245115374512,0.6526600686373283,0.8078606200709632,-0.21599509294801714,rain
-0.06459992377847075,-0.2178993140097044,1.1551442325335706,-1.4792168221917696,sun
0.49423692442795725,-0.20246042900025465,-1.1620355257116164,0.3115936249619774,sun
-0.8293544790146995,-0.7516847792761412,0.3022835903128181,3.5478660099776413,rain
-1.0216549705712021,0.2920750165793979,0.9513330659478845,-1.0214534321880318,rain
-0.7995715050997203,-0.3415820557835662,0.7861687331307204,-1.8664604147575572,rain
-0.46347408122281863,-0.6606442371847414,-0.49276113855155046,0.6399246557021239,rain
-1.354933183569097,-0.5285358363374124,-0.9119420518648325,0.660536228727008,rain
-0.331314028587638,-0.12670567799404733,-0.7687892687172633,-0.6891750365022432,rain
-0.8734822202683662,0.013736505739824755,-0.988782804676319,0.7406380073818107,rain
-0.2866939314073423,0.39129693644662955,-1.6729790884463154,-0.12140610548994858,sun
-0.803208551593723,0.489142837911022,-1.1654439252206532,-0.5004191527906867,rain
-2.857551298062086,0.19274462958176758,1.4468566064332449,1.635864898338551,rain
-1.2654045033713006,0.7835371068396131,-0.027266590298401425,-0.3588301426420809,rain
-1.5499723240370078,0.40785163403194274,0.9767515548726642,0.030641081560152782,rain
-4.203085828246896,1.2909606589146363,0.3385326613575422,3.9440749151389998,rain
-1.9084709132752449,1.066285973154081,-0.2880048591341982,1.339590825236119,rain
-1.5150006405034164,0.984967302704241,-0.3324478034683472,0.5042175765991662,rain
-0.9083284174530263,1.3169380746974866,-1.6640760970939368,0.7780387926368852,rain
-0.6970725815285025,1.0985453004552541,-0.29497582771186565,-1.0831441342344013,rain
-1.3153925355891236,1.2793067368092794,0.26236040208219685,-0.015596827251867305,rain
-0.11523774345732413,-0.038641896541266166,0.19504970557504905,-0.7910707364178835,rain
-0.2738084851035115,-0.04737618181039173,-0.32699875491176994,-0.7902038223973401,rain
0.29893742523447153,-0.9308796494508986,-0.20372984862659144,-0.4449159846037214,rain
0.44908437767226006,-1.6135029787704493,-0.24258506306617222,-0.32716986861047453,rain
0.3413220845145974,-1.2637596252468226,-1.2246571825212158,0.12451465903651346,rain
0.4667033318694753,-1.7389060777764465,-1.0965422738892736,0.14265564310724707,sun
-1.193940246156722,-1.5804958599200278,-0.05574561290465022,1.89600592360422,rain
-0.3821874308624281,-0.22464089619427105,-0.43430719752039737,-0.001777120031545999,rain
-1.304332693080746,0.6562557095139552,-1.080193387936245,-0.04124490743862134,rain
-0.21661514650361652,-0.2895589655273868,-0.9130051581415086,-0.30700419078218766,rain
0.005406708644399843,-0.7921408477812475,-1.0874689146401626,-0.23964129760532019,drizzle
-0.28505618911786723,-0.9530273398180212,-1.2829984843745301,1.0128997627242944,rain
-1.016115585787391,-0.4990517437304168,0.925195544813002,-0.7234888596565907,rain
-1.6673571208479059,-0.16216246133582304,0.43963917771006633,-0.601497190791914,rain
-5.859361716368325,-0.5268472094628752,3.112018578581606,5.756504241858633,rain
-1.2078660575600788,0.2205524540119534,-0.07889603122996426,-0.9051410433820697,rain
-1.9184633563724762,-0.8257339518352248,0.8919423021671444,-0.28665376451964336,rain
-0.014236910677596176,-0.5956025526289669,-1.688721248994166,0.08019826590740585,rain
-3.7906529541366587,-0.00026981976816127653,-0.19392317302672796,3.8967114081588616,rain
-0.24692300820152116,-0.16661819512619214,-1.9751771858752931,0.04130134978203971,rain
0.019501179017775407,-1.4097716034339591,-0.3719694954500054,-0.6559184378121881,drizzle
0.11567735148867203,-1.377857938719418,-0.1548900161449994,-0.6786043181853161,fog
0.5153990008725461,-1.1321069483461206,-1.4187468606069595,0.4059214656577068,sun
-0.1674177129878018,-1.106157893855644,-0.6265220262648633,0.041804471639276385,rain
-0.7302004822686616,0.22536714113112877,0.019839849743608178,-1.0893681215756783,rain
-3.4421643667781754,-0.5230776901219686,1.8788713102804133,3.998649884529814,rain
-1.1195882170558062,0.11759208535563707,0.9054083658737112,-1.2825675803621326,rain
-3.581514350732712,0.13694711560898984,1.2937599252649417,0.12064167683250268,rain
-2.499329196605769,0.3188155549891614,0.14369644055309927,0.10126607013837739,rain
-2.2609766122475943,-0.26560406484147286,1.580887454853585,-0.17930676998594478,rain
-0.9312785416096917,-0.5496912492162461,0.264162136735302,-1.4687183474914447,rain
-1.7609354462489708,0.2652034774888647,-0.09433255789819607,-2.015550559533306,rain
-0.8374141800222628,-0.7229392939489857,-0.039414068022152325,-1.354792399557007,rain
-0.7179497385856874,-0.19075083381251443,-1.7646059592956294,-0.5269317404640884,sun
-0.7486604420546835,-0.3977583904979179,-1.598370613283461,-0.275765874811677,rain
-1.1790646024397695,0.5713024085848054,-2.0208504456553964,-0.650177115555027,rain
-1.5699833435044968,0.07597202617981894,-0.2521388394548446,-1.3749279088820343,rain
-1.7428509471571898,0.10263029554570549,-1.5649538339058289,0.47936340939351463,rain
-0.9026474266633424,-0.3994077672423071,-1.134097849955723,-0.46954057086851414,rain
-1.0362740640907415,-0.9290859178320846,-1.505226637583952,1.0029666853607584,rain
-1.4574583057694956,-1.327061273115496,0.19565698626568717,-1.0163272359665934,snow
-3.2246802681123854,-0.9485310034954691,1.1558787444159333,1.23244378429483,snow
-0.9695862626705299,-2.062681023099988,3.109984607660431,-3.0210372375349177,rain
-1.4121521753382738,-1.2643278256683326,0.16401089522856793,-1.4645988445336118,snow
-1.6539116337712636,-1.6696172330666967,1.384284720633374,0.2842795492323475,snow
-1.3708597513152811,-1.6006419624901878,0.08215484792695521,1.1367163084387075,rain
0.7395918855943672,-2.1428405122795047,-1.138522624135671,0.8614499188287547,rain
-0.9557972448996317,-0.45020019695444974,-0.585067756223033,-0.5643098956932513,rain
-1.2720965830995639,-0.40595743062548006,-1.1458022587843115,0.28482502246968905,rain
-0.9777058442137788,-0.3334753420946065,-1.3928452915445453,-0.9105101493722818,rain
-2.3701176812448295,-0.6842774122867682,-0.06549663600184487,0.39696263011000127,snow
-1.471621362027648,-0.6566894500491083,0.11479757340664141,-1.1191664595080537,rain
-0.9720287591191088,-0.5589994924585957,-0.7431514694430673,-0.29671761073807174,rain
-0.44632845901869017,-0.15589743987793295,-1.768612460418119,-0.26127181036129965,rain
-1.2324134520740735,0.06702677878781023,-2.130295108235706,-0.42078282099621345,rain
-0.44856389691886117,-1.0067800301145329,-1.8853499745836921,-0.2596100977333599,drizzle
-0.4683129026285517,-1.271250628153694,-1.8173662934319297,-0.3337722155218881,drizzle
0.2723145804255255,-2.2001327973572753,-0.9889639903518601,-0.13447450290210777,sun
0.06903258918359532,-1.8247253570138111,-0.7059097415930524,-0.45670817396716296,sun
-0.003916409116502745,-2.135869423436531,-0.5192686138934225,0.4028576832696423,rain
0.015577807701697248,-1.1704331874935965,-0.6096104552433247,0.12707269676541808,rain
-1.3874851305330225,0.004363670722520613,-1.113948503949529,-0.7386371775165231,rain
-0.7758581238409056,-0.6000286570827682,-0.9779890993551694,-0.5230426294808074,rain
-0.9986204295085296,-1.0368416298427632,1.8054870030115995,-2.1952786928385213,rain
-2.081824746428075,-0.8657290538118092,1.880318400068562,0.32815681968742866,rain
-3.4826453213719795,-2.0852658456105857,2.1649583687079206,4.414839937446486,rain
-0.62848823854544,-1.113375029250159,-1.7972596908650185,-0.41059559419287583,snow
-0.1657835598528046,-1.7856146965561954,-1.778339208145519,-0.09994169616333459,drizzle
0.08915989306742075,-2.1861021934343525,-1.6093601733760343,0.02583884481755147,sun
0.12198309678556157,-2.2084603471383923,-1.940070602243591,0.2346030605011984,sun
-0.1243400281231239,-1.5577506825333818,-2.1182948671090167,0.13954282488107975,sun
0.1920108732395581,-1.6028891789374495,-1.1975376275069964,-0.05728701566216753,sun
0.9021085912590199,-2.6084013202636505,-1.2476356614670467,0.5822250086980346,drizzle
0.1979383203623137,-1.8076441528967222,-2.1472514629743684,0.44753546202816136,drizzle
-0.39041215874149976,-1.171511615967533,-2.22853545082268,-0.029679528527566803,drizzle
-1.1052536643477413,-0.7809083274633892,-2.2456817100683217,-0.6802513473268214,drizzle
-0.6003834578805092,-1.109935846390617,-1.8087371986095913,-0.45413327949903315,drizzle
-0.4865883312123969,-1.2034252806820736,-2.4456149301276864,-0.006993648154439101,drizzle
-0.16738116178987927,-1.282448458271835,-2.5795733807332497,0.3667162603260161,drizzle
-0.9322726153454364,-0.860491164767472,-0.7405185074585835,-0.024291925219012626,rain
-0.6761349177878136,-1.1835128397773753,-0.8971893276200243,0.46372742270946893,rain
0.04526905974238049,-0.9477131990593449,-0.974654130718034,0.49678918874861167,rain
-0.973401419664699,-0.5812205572123973,-0.035941604813394167,-1.1438536376580444,rain
-1.5734893990253624,-0.2066555051357152,-0.44714466858638,-1.6005548875220643,rain
-1.7353484907997476,-0.3703342393850176,-0.8446310391739561,0.012894792127062403,rain
-1.360066688527044,-0.13241879450297514,-0.42209617656483445,-0.7621738811257472,rain
-1.561929188332066,0.39055797974913153,-0.5321213093407476,-1.039923170770151,rain
-1.5179884636488141,0.49044870488979003,-0.4738409551559442,-1.1762228570224953,rain
-0.05939781616343195,-0.4085351918415459,-0.6687914547263997,-0.4245283389045253,rain
-0.7407699233582979,-0.2843511390780975,-1.8016241328840787,-0.5353765869192423,drizzle
-0.3855083835495011,-0.8214476455911093,-0.7783887081709417,-0.19419818740069653,rain
-0.6726731670187613,0.38482953216253873,-1.1865899315058228,-0.7557668885369646,rain
-1.4038047591131722,0.07275066970966382,0.3209964002580805,-1.448261758867776,rain
-0.8326703924354829,-0.10803044112692917,0.02783022518354026,-1.3437326051179548,rain
-0.4265100726593277,-0.873704076739791,-0.08928873603153278,-0.8664080574332789,rain
-0.11041308314849281,-0.6275162173435074,-1.9058007282991727,0.10288414628053391,sun
-0.5508604064448271,0.07322031058714588,-2.0421981131303153,-0.1208861268934863,rain
0.19619183145002841,-1.0530837707563592,-1.2847884100013958,0.03221155717725152,drizzle
-0.5619890841429773,0.058971880274837185,-1.983459662074494,-0.16432793932124642,rain
-1.1013562591281636,0.05317346966202174,0.6363188779355236,-1.9196781468948476,rain
-1.4635393197954598,0.484225034583079,-0.44188335550412605,-1.3212526018312893,rain
-0.7432930524770553,0.20804605760039074,-1.4472998525107355,-0.43837986373916343,rain
0.407715852529365,-0.5524216089132681,-0.7416211382249251,-0.023219367393111548,drizzle
-0.2094572650566003,-1.0940797871703853,0.9287822699279369,-1.5571367043560993,rain
-0.4928940765092859,-0.37282287226310007,-0.6604343440290943,-0.9202010268409533,rain
-0.5883875330203389,-0.11609187816104806,-1.723741833158087,-0.4192921835539355,rain
0.4477161869341088,-1.4847900310897886,-0.21558876072441946,-0.334108872465198,sun
-0.0738942774399718,-1.1449386407055355,-1.2682649974160742,0.14226042679788609,rain
-1.377325756080785,-0.584241023871587,0.6614069371429795,-2.371228155445682,rain
-2.158982011140148,-1.107255620456498,2.2776707082994547,-1.7485037478154675,rain
-0.3898390496717942,-0.804769337755535,0.1931414624407519,-1.2356817411139942,rain
-0.9915282798403585,-0.3930616319896178,0.44033562581136576,-1.9959189380202942,rain
-0.5665288811674352,-1.476546742593797,1.885378214435552,-1.8538086165698155,rain
-0.5831099294616456,-0.5428093546787881,-0.42884827884964805,-1.015622964496129,rain
-0.6020131412080663,-0.2795450312556047,-1.337133579016856,0.5278099113688284,rain
-1.3014825964179246,-0.029274897944099626,-0.012102005058958674,0.05494971193781726,rain
-1.3784082104007922,0.8827662673289982,0.8129188544058604,-1.4280086322647343,rain
0.24282960142147894,-0.9427727065736652,0.6096205510881187,-0.7340328362217836,rain
0.5133480941745516,-1.292038659482053,-0.5455225484412207,-0.0792405011109062,sun
1.4502044625951833,-2.5217801843517567,0.6405491899472285,0.09434596168433378,sun
-0.7928096832107278,0.3665763519162986,-1.4181906657811516,-0.7473083578312598,rain
-2.35787560170002,-0.09777629175134647,-0.17358954959755993,0.09739634209973212,rain
-0.5602278625021737,-0.5012378872763029,-0.5595046341431869,0.8507675447226896,rain
0.6793675118972698,-1.3455047056672385,-0.5758719207309307,0.09300722174915273,drizzle
1.3536762335233663,-1.6967795073243797,-1.0694973960694028,0.9834739830603364,fog
-0.6299475816990365,-0.08251774151623352,-1.8693504990066905,-0.17286625212090204,rain
-0.48240013136330445,0.3729770066320251,-1.9577996029698161,0.17682670273204865,rain
-1.4761162100858853,0.7783868481456262,0.6995646277278916,-2.0068772059657785,rain
-1.4000809646550088,0.9995057461931008,-0.5633294628373285,-1.1587010165868104,rain
-1.3690215218761743,1.0935127869466923,-0.9553694406537908,-0.7820455207488934,rain
-0.48351188772342063,0.3959859401895709,0.14329025788805685,-1.2920831192641025,rain
-0.9420654723316302,-1.013496549572066,1.4404851916282908,-1.4286870476097586,rain
-0.7922282154108842,-0.8647912804293187,0.9030069158599574,-2.0873474591782086,sun
-0.09908123582463346,-1.2187879849171142,1.1921251529173342,-1.6020980436348413,rain
-0.1212426971346519,-1.9194488209145295,0.5515016506610039,1.6768625471582492,rain
-1.480430458516123,-1.3169782157060532,2.4321996903817826,-1.0661485893574931,rain
-0.7427469963714965,-1.53384830409686,0.8381438281609502,0.027498094830725527,snow
0.5598083252774525,-1.536122120288328,-0.9844646493244792,0.1856870340674933,sun
0.5381137992574622,-1.4995155362719799,-0.7124926715127436,0.020364630811606797,sun
1.2418266271655527,-1.9043672550884319,-0.636607961211281,0.6274946371831006,sun
1.3229830813177004,-1.284547656575181,0.047186562469492765,0.3790463734474951,sun
1.034196152314409,-0.5309000020834738,-0.7693082103383859,0.5953808548849487,sun
-0.06350376778711542,0.33060478385735736,-1.4205324063542502,0.029408110517833968,rain
0.2154393351109698,0.3576068733769826,-1.2353539935137787,0.6355905351485404,rain
0.9173298465833771,-0.2665402750184393,-0.23743233356050278,0.21395849487372903,rain
1.6453550748134578,-1.54196682004511,1.3459407384229072,-0.03112629009022845,drizzle
1.689975171993754,-1.0239642056044334,0.4417509186938551,0.5366426409220665,sun
0.41040873341815004,-0.09744446722714371,0.19884746714650628,-0.4973215397226724,sun
-0.36961137466761335,0.7635053990895561,-1.162823489135804,-0.4509418066182544,sun
0.6341224463296146,0.08026334928514665,-0.9984184725880502,0.37729721204480055,sun
-1.3918450668838998,0.871157480748262,-0.4091799727032486,0.3224932774605405,rain
-2.7471866880271523,0.4532148920318303,1.4318229072971131,0.5876381446422929,rain
-1.8671068579397896,-0.1457294091375617,0.8912447783124748,0.19544330095350596,rain
-4.6202212456589935,-0.5313640062098253,0.9092947218056016,4.28819761438851,rain
-0.011203103749211175,-0.27509270882569187,-0.4100858772289773,-0.3804339136463265,rain
-0.12192005902077764,-0.015917213196114013,-1.011595526612132,-0.34894256714341276,sun
-1.4540685178926507,-0.09295506611102487,1.8235538358788523,-0.754816275982929,rain
-0.5633757031841031,-0.021915297375681958,-0.19200090058794791,-0.83174261646053,rain
-1.9185249499236263,-0.4364365303098492,0.18319307285679373,-0.26142187908708897,rain
-1.0758738691300225,-1.358462712563965,1.3346742496089399,-0.21523135700211468,rain
-0.09918602816858947,-0.7470374793677284,-0.5909361535904382,0.8831173811425045,rain
0.6966081679203514,-0.8450603702135336,-0.5943623809228126,0.15444783247068872,fog
0.9123181624774963,-1.263235480263542,-0.35516738735293385,0.2803242463299724,rain
0.9809557271225725,-1.299124784251003,0.14412683948660704,-0.003108381488113679,drizzle
-1.0614286656082061,-0.025672718546326787,-0.0017485085633276733,-0.4382856424418389,rain
-2.8646512180564634,0.4001666765205382,1.0740000017766196,1.2034336326344384,rain
-0.6251135187364543,0.039886053355979716,1.0118919763539478,-1.9225439521583587,sun
-0.7653904202681374,-0.08529568546985893,0.05307949904695261,-0.700841941906866,rain
0.8671606004544604,-1.2056353499595465,0.7810045710047022,-0.45024801283270766,sun
1.7074887398032743,-1.6103761978018722,0.2570297233765197,0.6124664713385344,sun
1.943778465965521,-1.3171909127487074,0.6332268720814674,0.6566406786906839,sun
2.153855151492225,-0.9177577891341815,-0.45580739563738754,1.4750961109634038,sun
1.3808619077086226,-0.36242291477703764,-0.1297681786440411,0.5945937229583561,fog
-1.1925748331821178,0.8332283985904454,0.8401273887357468,-2.319814321713289,sun
-0.6545324044505977,0.34988642977923623,0.7472128501274754,-1.529488966971599,rain
-0.41603455581632093,-0.33750432317584544,0.3778084641725388,-0.4298560011448375,rain
0.43304438698858533,-0.6947950410622287,-0.7540961855963562,-0.0020530138709654185,sun
1.9390346783787407,-1.9320997655707637,0.5659825788757746,0.6455808842516312,sun
1.5675597173141012,-1.1806969390398292,1.0878738803078911,0.05878270421670452,sun
1.0778792601719553,-0.511156795794829,1.5056632208230185,-0.5910567196581612,sun
1.2793093761139054,-0.593012747189372,2.7543080405429494,-1.0781486347452693,sun
2.202176660548856,-0.7441146232149222,2.555644344235475,-0.09428335044190737,sun
2.855806990292193,-0.3305814467944574,0.8140274376553609,1.5042421524709868,sun
0.5811719387276493,0.46399833940972673,0.23574238806248884,-0.31401402242356036,sun
0.44944930184891657,0.8274021774016546,-0.7608509863628774,0.12344315555600432,sun
1.596945185172563,0.06219722078744231,-0.5093184399931903,1.037046272223598,sun
2.5661528141268812,-0.5565293302200096,-0.14620115165984435,1.7291773503911032,sun
1.9743832375869224,0.0483844432539063,0.6727354749993366,0.7598613892120394,sun
-0.5176160354592805,1.135734393096811,0.7197996745440548,0.10891721741044023,rain
0.0867083709696179,-0.18074267244968462,1.2840591179001197,-0.5539497844060371,rain
0.9284585242815274,-0.2522918447061306,-0.2961707846163243,0.2574003073014892,sun
0.3162686882130996,0.286997038458193,-0.5866252649107768,0.12024453766613957,rain
0.6454356552299412,0.7854626586981227,-0.06719509731255928,-0.0660846549239919,fog
-0.4699660127541069,1.076404973140601,-0.06402852461106986,-0.9912514538426535,rain
-0.30876675560146666,1.0537509549226798,-0.5655403600033604,-0.6951134097420214,sun
0.262312687678357,0.7451105732283387,-0.6355216305796516,-0.12990568894730553,sun
0.8717803632300113,0.24473568665765172,-0.6492176262248559,0.42841042325167267,sun
-1.3899525488619315,-0.20691389673445032,1.1955083206266972,0.741960078779957,rain
-2.0017796871249853,0.2780405833947781,-0.40499968832892186,1.0529043208542466,rain
-0.59550559268198,0.21899862710882106,-1.2085597368622585,0.37097842565361083,rain
0.217530080366655,0.30633049955605796,-0.45105858694310447,-0.22624739276305078,rain
0.24312651134497615,0.5457434198301433,-0.4130428737277965,-0.28250658513620025,sun
0.13291746205185423,0.7421630892429384,-0.6368725429126092,0.13122455001124142,rain
-1.23974535249719,0.9140538485062103,-0.07695737415053264,0.6257214569682141,rain
-0.3698079134707544,1.2046408459513793,-0.5926745841134631,-0.6002751419928117,rain
-0.6883644613366305,0.3178681271959944,0.37807369421461,-0.18410853013574213,rain
-0.1646526366741286,0.11487370637095923,1.0145542765301971,-1.4761914527403572,sun
0.382677235660015,0.7419115955278023,-0.4084202800279486,-0.13720771901055676,sun
0.9312567915580081,0.6636941901714349,-0.024938194750658723,0.17729981627318298,sun
0.24367456128913878,0.8672703237350534,0.04628326138575889,-0.2512271332894954,rain
1.0090521490573645,0.3024243091661544,0.23312866336435717,0.08739082196624993,sun
1.6217900350699543,0.0846623299067414,0.9829092787723648,0.2558260434483042,sun
1.2667938692540703,0.8179228471655633,0.6733402879995068,0.13307087191882952,sun
1.8657101966797243,0.13093529590771733,0.5413907490919043,0.7321664533026842,sun
0.3237201361208134,1.1004595737024288,0.11625657425288473,-0.45251607047143966,sun
0.19222691044100484,1.0894101210906564,-0.05210632524299686,-0.4886558528359487,sun
0.5366572279350481,0.4070046181604918,0.47069619228577486,-0.48778127213460126,sun
0.710734144292997,0.5386572950611934,0.27660651420003113,-0.20637446551340802,sun
0.4363937422640004,-0.18224014784172793,1.6685782672939338,-1.2727592652856972,sun
0.3077788057147976,0.5429991382298694,0.715734727829275,-0.7537557508265065,rain
0.6337441481554811,0.7061107837448481,-0.16295172195683003,-0.03108768895138523,sun
0.12682303499025416,0.8752065915361433,0.27332807875017895,-0.7423677235477866,sun
2.0897759661921094,-0.5482712293219099,0.8370919160689729,0.7403430640672826,sun
0.949532220141852,0.5958688426998154,0.6033104419450974,-0.14947875109426675,sun
1.1353006435742623,0.806873394553791,0.5049773885036255,0.09693108955432067,sun
0.656723499596697,0.849955778725462,0.4775510636342545,-0.26822441534203256,rain
-0.018307218074314964,1.085882446026607,0.21319685126999896,-0.8346708254070486,sun
-1.114917458989525,1.2487545884835887,0.684976653272385,-1.3624033245942042,rain
0.48731122601104765,1.1032699687375902,-0.9203128069113873,0.34225393317363356,rain
1.812117714886968,0.21962485548210603,-0.038141307794727165,1.0001193579324965,sun
-0.5853576317869692,1.6952396572180324,-0.32539088642963493,0.9814475390319413,rain
-0.4704920583998138,1.2668292576884816,0.44633019614304326,-0.1507893675755223,rain
-0.4419295461105569,1.2116315756598253,0.38216002141199007,1.2164100356129188,rain
-0.05488763410630105,1.7343800594977374,-0.4336383032945891,0.03832276982199207,rain
-0.7682591852858052,2.605702304244218,-1.2899150550824683,0.28691558078953766,rain
1.8902029899761954,1.0103147467689355,0.5406513611458347,0.8173883655302644,sun
1.2699400549037765,1.9359979382719792,-0.06064959138253182,0.6107886228472336,sun
2.3814361690586665,0.9030125349439427,1.0858275446202659,0.9873431138633003,sun
1.6104938319730584,1.6182791204370197,0.5386424494478728,0.5920026926268652,sun
1.3710275403601986,1.03495523496599,0.7266794615084803,0.21954407530683642,sun
0.5555704924819893,1.6932280992098316,0.4144481705593733,-0.349563595640639,sun
0.2898766600377473,1.4536197313159787,-0.5312591637855095,-0.11040104805309976,fog
0.6287274487822607,1.1780582585739365,-0.06396528003706953,-0.05653070308537048,sun
1.4892620368293812,0.6418825602202954,0.1678072823888444,0.6079054391727793,sun
0.7391034780142273,1.0533500608272082,0.1993776029523271,-0.10149204236411254,sun
1.566252032966897,0.47442907153664077,0.6073655185457054,0.43261866261075677,sun
1.9791270251737025,0.6632932960759631,0.7399797682050291,0.770921183651092,sun
0.3651636678504944,1.3283235877252415,-0.22369908471061312,-0.21303154942702482,sun
0.8756134030672568,0.5924520386098914,0.2687540605284486,-0.03990924586561794,sun
-0.11608099248228648,1.5571350195964264,-0.805116800622739,-0.3453269885445697,sun
1.921248198782781,-0.2588314457221811,0.9169345093185635,0.5553738341402311,sun
1.9285003360561708,0.12010366968533197,0.9346855815643755,0.5791551356462757,sun
1.363427484713583,0.45393106332962735,1.7141508585103722,-0.36205546815591827,sun
1.266415571079937,1.4437702816252649,1.5088070386307264,-0.27531402907735614,sun
-0.023323917447534176,1.5578299208556943,0.31218329318976,-0.8601138395410332,sun
1.3663891391611127,0.8810552753353759,-0.009800847202978432,0.6024859621690378,sun
1.9299739131820162,0.4523996151961137,0.23845326371685638,0.980095820802253,sun
1.2479556112939152,0.8206447499962181,-0.10940342439634206,0.5382882176866454,sun
1.0719476748215049,0.7526015761352113,-0.04281251966893857,0.3283811856110952,sun
1.4670046814330806,0.613385699595678,0.2852841845004871,0.521021814317259,fog
2.4531195482330936,0.05554674879726577,1.303646411871343,0.8794353212625919,sun
2.3878210591700375,0.302352112434195,0.9598448003587525,1.019725131852008,sun
2.797092422738521,-0.2309533055824222,1.0027178381942556,1.3527503616655598,sun
2.343306348377437,0.2453583911849602,1.1947986045820382,0.8459578821409673,sun
1.4458874849852394,0.47762804923717694,0.3802641679940028,0.43992069267400796,sun
0.42377284901647183,0.7676865533217642,0.2568465302562583,-0.45554143992285134,fog
1.314727677482817,0.9061353318700703,-0.4618341307312709,0.7989390922532066,sun
1.158926189708713,0.7066573074977484,0.3605041840502294,0.19075371826456408,sun
0.47952162389491715,1.2999375980747505,-0.7060817405286156,0.15566930351720282,sun
-0.0177443886980046,1.1509858906675725,0.3676919269700914,-0.9131096038074149,sun
-1.2195187870653335,2.4601495738496864,-1.33591640497816,-0.5427192762658833,rain
0.647108263753801,1.5712418042937577,-0.104952658847079,0.010692410848434792,fog
1.6154051449585833,0.6853227524164899,1.1088920230338783,0.22344402545959602,sun
2.0236417359663035,0.720287017325198,0.5050259639817434,0.9446884333621326,sun
2.5113766727981495,0.35182405613570744,0.29122492012658907,1.5033675717696393,sun
2.5755350029127464,0.21227948223266158,0.6575234502573069,1.357295257967954,sun
1.716931434980087,0.6848456775466079,0.5532496611897326,0.6213593411641608,sun
1.761446145772688,0.7418393987958427,0.3182958569664469,0.7951265908752014,sun
0.6648872055562356,1.1809938228421277,0.42399257977586524,0.3049394692539744,rain
0.8817253813921869,1.0786479437512886,0.3090020513923879,-0.02191044757184269,sun
0.7255718370171631,1.7360842611208847,-0.36162674053773664,0.23634631944238937,sun
1.529900207197222,1.0635629665647337,0.009343001467192254,0.7620121779621049,sun
1.2889347077013547,1.107857858457808,0.07029906107576238,0.7058649492517985,rain
-0.6871863457555781,2.8446459044137806,-1.585104810950852,0.07909565468648902,rain
1.4828771467180102,1.2425429827300438,0.29379002665035786,0.5755234211840711,fog
0.33708425171913475,1.965590594251337,0.17425563736263658,-0.4107359706716188,sun
0.8327713007985155,1.3212374629562915,0.4659503032172148,-0.13689942980423225,sun
0.9876620408230833,1.2535229864587978,0.49433938198332583,-0.008093519371933675,sun
0.4250975391671059,1.3513766426885496,1.2243114379694424,-0.9365826161071352,sun
1.2516832647434655,0.7073522087570161,1.4778042778627283,-0.3240331327318995,sun
1.7823353104308373,0.8990492071011206,0.2278152571965566,0.8750712118759987,sun
0.33697886533143884,1.504581701059896,0.8434916528684021,-0.8047376519728732,sun
0.3476501000409743,1.9147355799226802,-0.03897788939327745,-0.28885537984349247,sun
-0.1950853740511883,2.0973625379973977,-0.43270274439336653,-0.5079385709381607,rain
0.344365110147891,1.8885461318753511,-0.4976234410330271,0.21074374112050276,rain
0.6569194929399385,2.0283970243722904,-0.5560899079638152,0.6294971775075467,rain
0.6522269892796002,1.4315482217232651,-0.2899674747336147,1.5431207509482607,rain
-2.144387944934629,2.362803799481104,0.5555400507210086,1.9791011529363338,rain
0.7340867786410084,1.5252975356562954,0.2983640448720884,-0.12693505649809692,sun
1.7069429162303955,0.5633364575004157,0.5894911936274267,0.5837000319486698,sun
1.3068692102456014,1.174499808869036,0.36038093137776245,0.36561638910852184,sun
0.9643699128660194,1.793295808759505,-0.034922812792669414,0.29324203386153114,sun
0.24346689192467577,2.030852814455947,-0.538368173909768,0.47935166511464944,rain
-0.029065956328469554,2.0438964918122124,-0.46305211668307666,-0.33569084807810146,rain
-3.1570456813930914,1.9224663800321111,0.2874795921081839,3.275862724984719,rain
-2.282221739201679,1.924922160170973,0.29811652287511364,2.468562652155742,rain
-0.10271687688396511,2.4222660401453346,-0.7471177375129872,-0.30354688874474894,sun
1.4448527124244746,1.0458977321625027,-0.2664749288936363,0.8281398707629923,fog
1.3552604614629624,0.8668068450230672,0.048937603852843056,0.5590441497412777,sun
1.0548915500006002,0.9431081197821737,0.9656397668542559,-0.2198831045069932,sun
2.6586369773751923,0.5310218986904035,1.1373296772781072,1.2000072796997068,sun
1.01390132303184,1.3783420551796526,-0.3688630589357163,0.49245229770655663,sun
-0.7699579924388473,2.4615250781093203,-1.2257030162600153,-0.6834086691533349,sun
-0.03229630205999491,2.16452209487076,-1.1715385834259242,-0.02439200389892635,fog
-0.8111074290202472,1.9738454970488175,-0.8617110739977127,-0.10677155192260053,rain
-0.2380024829067145,1.5372025784638024,0.6034852324176505,-1.1483637771385524,rain
-0.6557054227821195,1.972130195267388,-1.0388496565722516,-0.7087094975103609,sun
0.25785881768144775,1.2821614926983922,-0.38204011295979795,-0.2337874814816567,sun
2.245577453966213,-0.34879320494958793,0.014753601287472745,1.3485284380559248,sun
0.3920856230750614,0.8691184885197369,0.3688498446012688,0.38445737273673947,rain
0.25785881768144775,1.2821614926983922,-0.38204011295979795,-0.2337874814816567,sun
-2.275170048306655,1.2327042489134674,1.3302723233780545,-0.13271265256688072,rain
-0.8928989473043074,0.8756399367131527,0.3942707326838625,-1.069194777066587,rain
0.25425518904312644,0.559991850142452,-0.471781324783618,-0.23906477270844004,sun
-0.23982031637596063,0.5016226246335832,-0.34704090927847714,-0.27214262953202917,rain
0.8322823518106298,-0.2842055094206708,-0.5132502639213309,0.2800861876746167,sun
-1.1081985922281488,1.0497393407222453,-0.06142946900882088,-1.4796197051819349,rain
-4.864710953501986,0.3251903493845238,2.855633182295112,4.164339110762254,rain
-2.9011268417444933,0.5769137844422829,2.2102261537198036,-0.4087881969138655,rain
-2.825087431914204,0.35347587984566925,1.8429920646878637,0.2835454576479714,rain
-1.2681191560258611,0.24842707030573496,0.6804850993850914,-0.3193579892463316,rain
-1.2728921802965945,1.0000781825063907,-1.0524204444437366,-0.0020797556226995347,rain
-0.18008292775945983,0.8712614165159555,-1.8232103906910118,0.3010389974294966,rain
1.4854738769888842,-0.7712379614363127,-0.9118957557662876,1.089451827342549,sun
1.303871911571106,-0.19496942609338244,-0.569326414800903,0.7698804995203784,sun
1.6003179672459764,-0.94251267215134,0.6316218636689754,1.4057624499974934,rain
-1.0228754138377796,0.8562111141718791,1.3034373981667446,-2.2772394233060718,rain
-0.8389786209278433,0.18417768425577571,-0.3186926188503968,0.3721128094099313,rain
0.7589408643081825,-0.4599865478854433,-1.0247986396562003,0.473876974515901,sun
-0.1427186167233804,0.5443053309539951,-1.2855198829345453,0.07483272340411526,rain
-1.4997813061423164,1.4270796038208038,-1.6899056447474652,1.1294776082004008,rain
-0.3434922582787004,0.6837390338829145,-1.0519588551356176,-0.2346794405939476,rain
0.4706113782935059,-0.10224434194421182,-1.0175623212582203,0.2177709962517339,fog
1.3139053103175449,-1.1388643757515577,-0.7672992986404248,0.8207665277883478,sun
1.125733923586221,-0.6528862969995479,-1.288709039744838,0.9556368613740225,sun
-0.6888185440901308,0.8425285766793175,-1.0288650385302403,-0.8246517150987094,fog
-0.1941662675715137,0.7664451283095973,-1.3839094695633007,-0.1625959961423378,fog
-0.11068599493493211,0.4593401103076362,-1.739569993173719,0.08850092658560162,sun
-0.805201165259334,0.942049762476092,-2.0016919278893432,-0.40368749281248895,sun
-0.9164879422408367,0.7995654593530048,-1.4143074173311287,-0.8381056170900907,sun
-0.7849947165610283,0.8106149119647773,-1.2459445178352473,-0.8019658347255818,sun
0.19477876071513045,0.1410333466286681,-1.096060756257815,0.012045834270050354,sun
0.2444155572686461,0.18708848624025706,-2.0992370179066278,0.6052577794163299,sun
-0.44873142231760504,0.5410851907280525,-2.3883552549640044,0.1200083638729621,sun
-0.46635037651482064,0.6664882897340499,-1.5343980441409033,-0.3498171478447602,sun
-0.8072520719573288,0.7821180513401599,-1.1284676157236042,-0.8888494595811023,sun
-0.6379407149519342,0.21872898057105072,0.25841870803988404,-1.0531324663327721,rain
-0.16133892562567806,-0.31491642336521053,0.7835696775284712,-1.3780921634182752,sun
0.8411755916086101,-1.1208396693449625,-0.688726229142725,0.325189712730317,sun
0.4561399761425087,-0.7934324165011133,0.3453149142019809,-0.45272190247898736,rain
-0.6891168204101401,1.2886787149448233,-1.2491115177334635,-0.5977928282428898,rain
-0.14519044514338067,1.3129848092217866,-1.2972786817541697,0.2093748241501228,rain
-1.9287830799409904,-0.4732254799312755,2.803886884564721,-0.9205899201768771,rain
0.24244102355394914,-0.6185641056849953,-0.8220945358440014,-0.014854303031908671,rain
0.1158881242640619,-0.4558401523365347,-1.4933620471565314,0.10939904441719205,drizzle
-0.43653565813552725,0.09165765486942011,-0.45528725039006157,-0.30294271698674774,rain
-0.6674535249127063,0.555210830349026,-1.360627200610204,0.33046610979886626,rain
-4.673485080876513,0.4758982291982012,2.4050141152298576,1.163147958512983,rain
-0.3136159295759415,-0.02216679109081849,0.03645136229671328,-1.1001748854823277,sun
-0.1767536163422487,-0.13004174464482168,-1.5796082116627905,0.35942317603812596,rain
-1.140201655152301,0.6218576428407144,-0.21704147759657222,-1.712724368857564,sun
0.790275990704639,-0.5771729680844497,-0.32778968065792524,0.1190404450305687,fog
-0.3463842004968142,0.48427499738137686,-0.7591028821311673,0.38593817024542293,rain
-0.9588726015209621,1.1324454351489284,-0.3933800834365039,-1.4075362607303252,sun
-0.3625984127579563,0.3046745842905228,-1.8851933281182056,0.24796345106916412,rain
-1.4530378929589836,0.041554285024010415,0.8751831256043505,-1.8743309095686214,rain
-0.6278063996252398,-0.41509108833014446,0.07142337098251604,-1.448441779828798,sun
-1.3381720309361174,-0.04958753084326286,0.7704804499846896,-1.1233902679798662,rain
-3.397788732092347,0.5467553219403471,0.6282560275988185,2.379418467623197,rain
0.1586892055274411,-1.1592690247012054,0.9427066269110094,-0.9587195833961832,rain
-0.3233315365391936,-1.2305323387881544,-0.0935378403910461,-1.1234509750028867,sun
0.2867134685846104,-1.9032714597336913,-0.28422583035447,-0.4809135811912722,sun
0.4378503135864146,-2.0887603022741996,0.485389403495415,-0.7646133623394891,sun
0.8016775801892283,-1.6497808654232848,-0.5527588668392003,0.17686547715326079,sun
1.2555690409380078,-1.6650836689992252,-1.414075648732749,1.0776596379791072,fog
1.0328714621637738,-1.1145900914502576,-1.7367731180515706,1.0764220310692318,sun
0.8320978206084537,-0.975156388521338,-1.5032120902526434,0.7669098670711693,sun
0.6485648350762154,-0.3352783501387145,-1.2881415226455974,0.5188383137946428,sun
0.6247402575437492,-0.6885454631675243,-1.8021430745052012,0.7491793044679496,sun
-0.540192820606119,0.017350604854806287,-1.465036255660665,-0.3751977582957372,rain
-1.033956121140975,0.2804936592465886,-0.31249892312029237,-0.9925040326295761,rain
-1.2628418411028788,-0.5155589898742832,2.8518024118858696,-2.798866318384744,rain
-0.6652420851495942,-1.169279033469326,-0.38745699675416917,-0.10833863421972525,rain
-0.6067497095683458,-1.8057465008674527,0.48394805159293874,-1.748115620434323,sun
0.08164934420342994,-1.715648660206536,-1.7923675805147057,0.1503343836295767,sun
-0.14305426127205026,-2.3904909634978693,-1.4035720890696157,-0.32283847099643304,sun
-0.5218867459977746,-2.4790321455658892,-0.23019584437754495,-1.3274196338386586,sun
0.06988283054218335,-3.0839459190398046,-1.0491324710367258,-0.35810367265959503,sun
0.5762266141352616,-3.080677492456251,-1.3084202774255147,0.26895508032417026,sun
0.0016185488039032296,-2.205261369437856,-2.167171952795295,0.24190509056444934,sun
-0.2727839922361429,-0.9172846983067495,-1.9474414955874706,-0.05085956630026379,sun
0.1934989505612426,-1.508060912442483,-2.225257015372828,0.5063137295068117,sun
-0.7421512384963728,-1.4966124131405294,-1.1033106253020635,0.7721950497279217,rain
-0.7743524952558896,0.11403901684679948,-1.0552598746942732,-0.8150353595770802,rain
-0.9374824932866813,0.18134675785628535,-0.6545908020554726,-1.3120519193921423,sun
-1.062583587216498,0.5962337618677743,-0.3738703361605985,-1.2214879057208754,rain
-0.11014853009219192,-0.11626263443703566,-1.9715521318023033,0.2513042547359871,rain
-0.6785571135540003,-0.12281853092563415,-1.2313373060933874,-0.7726091861882864,sun
-0.3991306315021128,-0.8561457977528193,-0.9749880955687026,-0.3600797371425198,rain
-0.338187867686894,-1.131488227861262,-1.622007091594295,-0.304571437012102,sun
-0.39530819353860536,-1.663781325866434,-0.04887487692867657,0.19026246035770797,snow
-1.3051634189761565,0.20936591244994315,-1.2851792242230764,0.11461941685704113,rain
-2.217892506680907,0.6244895977744603,-0.11523711378170834,-0.05724975823069138,rain
-0.7717494003860383,-0.4635057660831257,1.029031524212872,-1.7228543239213476,rain
-0.18025632840031444,-0.5421365064437815,-1.658371876704456,-0.09204945695265312,sun
-0.19739159803570128,-0.5815719487060441,-2.3091174320183407,0.24051161362706497,sun
0.10206656567712569,-0.9250657243349671,-2.375092201472142,0.5400594043189921,sun
0.5681607567698922,-1.6676863049845214,-1.0442006400071588,0.293832885323557,rain
0.006880285770245725,-0.4598449022704661,-1.7837012324876815,0.161299387550657,sun
-0.11097591252480374,-0.6926196619844727,-2.0602958039992654,0.1813229246809,sun
-0.5517711541943628,-0.19397219028266982,-1.1914707195827037,-0.6002655904498302,rain
-0.7592418907452838,0.22460965525534615,-1.8597238645574943,-0.35793135492635053,rain
-0.509118598395137,-0.1450658136555471,-2.16190729289059,-0.10826049270489156,sun
-0.9784136492304791,0.04166093005115205,-0.6171687251815536,-0.3290996287267795,rain
-0.27717626868190215,-0.7695312003620716,-0.9852107486572665,-0.17997324426716907,rain
0.12079943724958683,-1.3887965203570642,-0.9231124735705261,-0.2591596227500772,fog
0.39538650949180826,-1.9858223123875023,-0.15288110444703776,-0.45321864528191697,sun
0.3698954649011824,-1.7642263394701463,-0.8601328331681117,-0.002957771607513129,rain
-1.8441996589794267,0.10472995404552406,-1.4708395135749794,1.3834801844415483,rain
-2.0686719023614146,0.24618679900970122,0.22204828729637469,-0.3791679950803354,rain
-1.649245328740106,-0.43116651095693526,1.1446167646911076,-1.5228912083788122,rain
-1.4250566215766955,-0.030124735560519277,1.7215305286891378,-1.9763063915782126,rain
-2.5685394276673112,-1.0862903279481015,3.771795416458529,0.10573643349177339,rain
-1.0394004945179545,-0.8705715382195004,2.2842592738524936,-2.687019043787225,rain
-1.9716800552906513,0.9023673678061934,1.125918614865153,-3.218315508012112,sun
-0.5291405158912668,0.6773199159564356,-1.9276928766133743,-0.1968058301883516,sun
-0.27567064009688663,-0.05546352643250379,-1.0624815239963705,-0.47196597436344234,sun
-1.0619226130911155,0.09574922056717355,-1.463677385618542,-1.0002467808670565,sun
-0.8939576750580971,-0.2587940076735213,-1.6980150545682253,-0.7368387725396384,sun
0.5598083252774525,-1.536122120288328,-0.9844646493244792,0.1856870340674933,sun
-0.9173551894028563,-0.1800300785642555,-1.5580412338384546,-0.8295049006074278,sun
0.17142612636711832,-0.8456068939664328,-1.1178182869298723,-0.06739357474526105,sun
0.5153990008725461,-1.1321069483461206,-1.4187468606069595,0.4059214656577068,sun
-0.7409664621614388,0.1567843077837256,-1.2314752278617376,-0.6847099222937998,rain
-0.1624342045773897,-1.2730598033356941,0.6443352447447711,-1.3706479475780664,fog
1.2869041673344646,-1.782270089198232,-0.7170666897344742,0.7228231084937753,sun
1.2655575596876991,-1.543574448953033,-1.4503171811704432,1.1153189471945983,sun
0.39640264362903876,-1.2576209183262446,-1.6728445135004157,0.42016249957568086,sun
0.3938942939424287,-1.0216471809117005,-1.6233512925405356,0.4074409925086883,sun
-1.1302295780936162,0.14630646695392013,-1.3007375433099226,1.1337090833530175,rain
-2.786386955427426,0.1304817135109422,0.1321951531681123,2.025629450872018,rain
-1.5015205720685048,-0.0530955314247448,0.7716135717781634,-2.6414817012833214,sun
-1.2929606456881368,0.354716962119282,-1.3949502609194553,-0.6511214051356251,rain
-0.38726515215518104,-0.3685260970217797,-2.1831074927613083,0.5180413419344557,rain
0.2856786960238461,-1.335001776808366,-0.9309649272421087,-0.09269440310228737,sun
-0.5830187770461999,-1.4449536947320534,-0.3297611683662232,-1.2602913104228257,sun
-0.6467051639763427,-1.9387822483952986,-0.20381567730939468,-1.4239993963097588,sun
-0.826436615670607,-2.952536278987872,0.7737571011182678,-2.1958454609263476,sun
-0.7353562873874112,-2.6786171253534703,-0.5693748194940431,-1.363148994735654,sun
0.20601445742107816,-2.9189965067974186,-0.14428926282938517,-0.704905777157287,sun
-0.8294821415642453,-1.803691213166379,0.17880870251439338,-0.4881927479475066,snow
-0.6819789828213287,-1.0297001610794523,-1.5863963635260863,-0.5188349117934407,rain
-1.6760521835828366,-1.6222836606966642,1.11090218936478,1.594663020095598,rain
-1.7493839069204749,-0.5858454783511912,0.5112442499286393,1.5869268110995827,rain
-1.2640792677607668,-0.25234949630225467,1.4036903839905117,-1.5882595763013865,rain
-0.9920074945947479,-0.07728907828689592,1.2648248296604314,-1.9581084972524847,rain
-1.5674853463866292,-0.6253130662792704,1.6249648167657276,-0.7935710063313368,rain
-1.5159724531165184,-0.7707267005651236,0.9724722329735029,0.18881973131419366,rain
-3.3459633938861337,-1.4922135400320573,3.0429259912387536,1.0331529724010744,rain
-2.34855782124052,-0.6880017512147989,0.9680855311239612,0.11534152229870329,rain
-2.493404577417227,-0.6670525757258972,1.433031842260467,-0.09410223616930716,rain
-1.0185442022555868,-0.7800438861723468,0.7953992941307791,-1.984144127067796,rain
-1.3099440463965704,-0.5665209596182001,1.4770515952319572,-2.10452971446497,rain
-1.2255493771396275,-0.14040989215522015,-1.188967721657404,-0.6038594246490562,rain
-1.2171936021843877,-0.40144130733483946,-1.132461548250214,-0.7215592277437416,rain
-1.3815142127540652,-0.20379803501475613,-1.1663242147829578,0.07651729933907132,rain
-2.06936769977715,-0.5107632548070309,-0.562385877694287,0.8383995403362767,rain
0.14841718988988797,-1.0910515657458362,0.4538706207320173,-0.8792382360029259,rain
0.39521898409306394,-0.4379570915449167,-0.6558863848273507,-0.07360018367559489,sun
0.44417306468673556,-0.68054661074992,-0.8128346366521776,0.04138879855679479,sun
0.4269061670904403,-1.4120578534858408,1.5340896808825488,-1.2948788541638019,sun
-1.21153574955699,-0.2632537794530728,-0.19717291007621454,-1.7253834722415486,rain
-1.7438515144702902,-1.7135285927727046,1.8284959644352183,1.3405431344501415,rain
-1.574945153024481,0.15933430903411,1.0225623092243887,-0.08677350943323653,rain
-1.838489701488975,-0.054112040060340635,0.5772336884783233,1.3743424273571265,rain
-4.937652959468458,0.35060263707350314,1.698885074353281,5.568253217179942,rain
-1.5056404821877238,0.6273783313774411,1.1041215170071852,-2.0078239020802724,rain
-0.18485908537243462,0.24630855688227415,0.2588068664761011,-1.077913110827265,sun
-3.1826223344442393,-0.30023491099638194,0.4273611293960823,4.201350443014863,rain
-0.863526892481482,0.4402912911350547,0.34481937581538213,-0.6595981167540258,rain
-1.8608956252934616,-0.2029424784361169,-0.40981527673055057,2.466302670231305,rain
0.82753856422385,-0.8991143622427272,-0.5804945571270235,0.26902639323556454,fog
1.5454512488930114,-1.4605879435204494,-0.4583464431411697,0.8538809407014449,fog
0.49350793604941484,-0.6543649174679492,-0.576625977772883,0.09126572702726247,rain
-1.1851077885189607,-0.15026286569191033,1.5246962824981953,-0.9803658790629034,rain
0.5418966479682737,-1.4059024544074274,0.47455617368459935,1.4676802518582244,rain
-2.8448927440443104,-0.9112936244963009,0.8085310682536053,3.0967395293922837,rain
0.03203456872068527,-0.9915303799490618,-0.5189562686270851,-0.45827401371670545,rain
0.11725631500221288,-0.584553100017195,-1.5203583494982844,0.11633804827191539,sun
-0.055524924609498094,-1.2392454615318744,0.7143504217032973,-1.175061731514441,rain
0.6120326163320583,-1.496098732182056,-0.37793629009609453,-0.08920487441704185,sun
0.13712934552313183,-1.1555446857731748,-0.09087554021479674,-0.6770984755848852,sun
0.8907070017744304,-1.5357934229248151,-1.022666475285772,0.5243999765753422,sun
0.33288628770523293,-0.823030913873007,-0.2254501260939631,-0.39302932572080695,sun
2.3038967175423175,-2.0613900116451735,0.17457340542879746,1.1988405456553959,sun
-0.46639669187755206,-0.3694403666600047,0.5067628740287545,-0.4732019406942006,rain
-0.6017993303779036,-0.08248529043469681,-0.9834898821173194,0.09392806173820682,rain
-0.339669803542878,0.13432573718557236,-0.8252954421244533,-0.5714752334075579,rain
-2.745109582699977,-0.028455316292973664,0.5321441178434401,1.9663472955813506,rain
-2.119824637124654,-0.10657854283304921,0.9271128214098338,0.26952804318197915,rain
-0.4198860071842249,-0.636598569042993,0.5248494309351667,-1.509149995625945,sun
1.4802767846411837,-2.049244763678661,0.6953184357814898,0.1265721096455323,sun
0.21556253898558536,-0.16276573825749616,-0.5173053405219388,-0.3020112260304064,sun
0.32583318182985765,-0.748482829195667,0.4152735579732247,-0.7409742466104023,sun
-0.2594929491023533,-0.4085688541948984,0.124860941770173,-0.48125486300018244,rain
-0.2341175837518154,-0.42559401718901746,0.4265163774936947,-1.262740154977358,sun
-1.2953090077695282,0.32584581708819343,0.037445409486470536,-0.8394213655147998,rain
-0.2689958323956458,0.4958358233498584,-0.8677384574323385,-0.5324059544700332,sun
1.2012054626011444,-0.08723156148961746,0.008812865661371022,0.366182680603545,sun
-0.4706688025034686,-0.017101434787829797,0.4949265460397293,-0.3180321676069232,rain
0.2044338612874351,-0.17701416856980487,-0.45856688946611734,-0.34545303845816666,sun
0.2702951797268011,-0.35871608756576856,0.0397297977465657,-0.5641816274479493,sun
1.2976545468584801,-1.1421742244262205,0.05966160984092367,0.35788001992534896,sun
0.17875740845498958,-0.23672979264969476,0.5591306271530181,-0.9244376339370229,sun
1.9337899472158295,-1.4387001327948996,0.6694684045191611,0.6189813694751928,sun
1.8456712733801626,-1.2854950744235534,0.288648619418121,0.7508263336094548,sun
-0.23089502511881146,0.046760193128078345,0.09644466800854354,-0.9199725197285795,rain
-2.3287296277723155,0.6790796594765408,0.2573203117543663,-0.31004186278195983,rain
-2.496881636306012,-0.1011725644769417,0.8643216333551393,1.0963605724853807,rain
0.37034789262245876,-0.6914891079464321,0.1803197537499387,-0.5672069968993615,sun
-1.660191137494939,-0.6079479173655075,0.8410314493891219,0.6458992125448936,rain
0.7802874719549474,-0.6986821881306419,-0.2915481482202315,0.08138113581507755,sun
0.17598479434779019,-0.17474105447934485,-0.20204850657631016,0.7975982987367504,rain
-1.3864570784424886,-0.8214160140684986,0.6992058760160929,1.0991109337236675,rain
-1.3648425575043075,-0.42010307047437867,0.7834973224099393,-0.25794844118628996,rain
-1.198990136492749,-0.8035028197419029,1.4130845419445057,0.4326674761189081,rain
0.5372780580947127,-0.47776265326180156,-0.7007570120873831,0.08442018951704111,sun
0.19382868993648977,-0.8255314565235035,0.452438319817993,-0.046370172954851734,rain
-1.4102688369830567,-0.42919972043276694,1.0897606827374267,-0.9810982739872925,rain
1.2014783743875836,-1.1740878891407613,-0.15741786946408245,0.380565900298477,sun
2.157916223119161,-0.5914935951287177,0.457664907392291,1.0079329424885666,sun
2.6507470041387076,-1.20196204523807,1.8040752634544541,0.711229734332251,sun
2.7230682192762297,-0.6953790028637871,1.3373974722833724,1.0683181855929538,sun
-0.00477557707724941,0.4031482457329297,0.7742011947600634,-1.17250918721355,sun
-3.359222379920946,0.06050960878140553,0.9757750878551688,4.016940359573748,rain
-1.9713048454882358,0.22681128465964961,0.6966855532094475,1.073368576158719,rain
-0.7390675234374611,0.42039938159468404,0.16886133767706824,-0.24092446246093313,rain
0.4018937917943044,0.11334225823744566,-0.4611433182633189,-0.13404016378218622,sun
1.151489521233148,-0.3632286870104324,-0.6472087145268945,0.6537960961550722,sun
-1.907549034964388,0.6110314301648279,0.016068087636057687,0.93905815501376,rain
-0.6679112994810661,-0.2588211315057279,0.9940448464311864,-1.4615508365243477,rain
0.413204228863448,-0.05712129904812448,-0.7851996149280186,0.16845321426720278,rain
1.0291794529411893,-0.058952527254385954,-0.6703217684186251,0.5699378407509639,sun
1.9696394500001415,-0.5665244095681494,0.6054911817936439,0.7488015947729867,sun
1.5759071335392019,0.15638155633816775,1.244859385337403,0.07511978988253985,sun
1.7741724254079125,0.2529215908237918,1.0607915784983566,0.3719104468136105,sun
1.664936555124404,0.2703689988366374,0.7749517768908316,0.4226542893046212,sun
0.20325020175146033,0.6426496582115229,0.5583912392069476,-0.8392157217094423,sun
0.3034083010348127,0.7708855310223012,0.02974517970455487,-0.4482394098596009,sun
0.5694804316531884,0.3846464644564526,0.13998576341821783,-0.2790170564509544,sun
1.0894612426310266,0.16618958393777156,-0.227533714986273,0.4042050160275636,sun
1.2973816350720409,-0.055317896775076744,0.22589234496637733,0.3434968002304167,sun
0.7364105971254424,0.5983729191410833,-0.7410910024191041,0.37261012996544834,sun
1.435564168648929,0.2695632266032424,0.25751124100797834,0.4818566625013372,sun
-0.40768713959122005,0.9995741722021514,0.534793969202051,-0.41351891547900205,rain
0.1302421324263996,0.9064253549914156,-0.6268925357573133,-0.25026675292445044,sun
-0.9528431282456273,1.2599443534482517,-1.429122292870651,0.6042715429258446,rain
-0.10346009923475603,0.6072083184329328,0.6066149364149372,-1.1625448139074142,sun
0.7925114286048089,0.2737096221521508,-0.21105216649235267,0.1173787324026286,sun
0.42878954838969013,0.2957390784926776,0.1578600883364967,-0.43009842578886737,sun
0.06255931848796192,0.5537422722477477,0.5762655641252268,-0.9902970910473554,sun
0.9797720675865977,-0.47946095746967504,1.1610849681596722,-0.4968710647393896,sun
1.6165888044945587,-0.13434107436483828,0.09193389436081371,0.7172067087108719,sun
1.1967660928000734,0.21235167896462098,-0.0691926867370884,0.4249609480821958,sun
1.3282593184798823,0.22340113157639288,0.09917021275879345,0.4611007304467052,sun
0.04121271084119742,0.7924379124929459,-0.1569849273107415,-0.597801252346532,sun
0.6376206885802405,0.341424098649645,-0.23944124525846414,-0.011427178029670507,sun
1.3307676681664917,-0.012572605838150579,0.04967699179891283,0.4738222375136973,sun
1.7674976177066715,-0.29837775895857027,0.8660485119343247,0.4323504269202014,sun
0.9817780942878438,0.7458749233706253,0.4495920073957607,-0.024935817023255598,sun
1.0955732209559572,0.6523854890791675,-0.18728572412233366,0.4222038143213391,sun
0.1354433630017948,1.1254287592629963,0.2640828486542381,-0.7116474181870187,sun
0.21585245657545635,0.989194034034613,-0.1965795296963928,-0.39483322412570504,sun
1.4386353477118488,0.09869293382966428,0.36251309574819035,0.4161393911679629,sun
0.3321341611644041,0.5795979674808587,0.7652698128805558,-0.3696021046479297,rain
-1.4056014223795745,0.8314300131786099,0.7530868060462315,-0.8350883638686148,rain
-0.22371926082871957,1.0714161893249112,-0.28972242964253203,-0.7612411025429093,sun
0.21592882955875445,0.343473153245293,0.20733864020049508,-0.5297833398053305,rain
0.20532730707863567,0.16097944988671897,-0.34128755024672536,0.5394934292296157,rain
0.08795309536915945,0.488095003168536,-0.18709165366718378,-0.22416871942613195,rain
0.24061816165836616,0.781717157244687,-0.36354965276791623,-0.29522809220319274,sun
1.5145980791508142,-0.07451490505617976,1.1672344006405626,0.24738360352704583,rain
0.6642485486565262,0.14203456648183058,0.3290714007546131,-0.2300598941410556,rain
1.0520932827241198,0.027122084904607723,0.6944071769885906,-0.1397826134786866,sun
1.7021991286436156,-0.051572395321641026,0.5222469004217343,0.5726402375096175,sun
1.192312222803164,0.7494025984346745,0.1842888308827651,0.32107915554784455,sun
0.7824780298583696,1.2176045718103266,-0.013079282652831087,0.06649270413465898,sun
1.3218744283685118,0.824061554086141,0.22515295702030724,0.42871871245799725,sun
-0.18627215610733242,1.4404256742673016,0.44753452021968204,-1.098078833734466,sun
-0.27847367333570994,1.18723364378543,0.8014627271438876,-0.9337007200591777,rain
-0.4214911469148251,1.14958800763832,0.6035124274131685,-0.8384520308424543,rain
0.18109823274285455,1.0751616907783477,0.006632125812824641,-0.5320976652637089,sun
1.2455712864185347,0.22115630361562016,1.437556286998789,-0.34203193102567525,sun
2.7769651188546955,0.13042353083811892,1.9061682699772373,0.8702033428808453,sun
1.3309521993686673,0.6783782732625174,1.039638818130225,-0.013001441882855878,sun
0.18971856075439494,1.3253838585052005,-0.0026131042831166076,-0.5013773599029413,sun
0.6612027341271753,0.9536110486410471,0.6105467603430773,-0.40558472935843387,sun
1.0819361935711962,0.8741107961814037,-0.07905405210663226,0.3660404948265859,fog
1.6599198557511845,0.7423164736657247,0.8739382188105926,0.3972112751706367,sun
0.45290404351202673,1.8009659638135975,0.9925874510216461,-0.7532614145574733,fog
1.722709995127631,0.731484847443339,1.2672330512830636,0.24419995751422843,sun
1.4767651683930796,0.7563470775886473,0.25354203578641826,0.5575246228902958,sun
2.281093538573138,0.08382578303249708,0.624511777791347,1.083190481410011,fog
2.27607683919992,0.5557732578615838,0.7234982197111085,1.0577474672760268,sun
2.128438236448742,1.0024228497665904,0.7128602131908096,0.952722858349773,sun
1.8242362851491338,0.7310077725734573,0.7115906894389177,0.6421152732187928,sun
1.4186134302157194,0.9210786634416467,0.5967275120254066,0.3275940536845032,sun
2.5310202921201452,0.15528576098342675,0.8924772544805926,1.1835280082569133,sun
2.398949736868188,0.31660054274650373,0.901106349302931,1.0631669442797682,sun
1.3209636806189757,0.5568690532163253,1.0758803505679189,-0.05066075109834679,sun
1.2823764169491298,0.29512035800781844,0.3611203193238319,0.28039447688094116,sun
0.6021402482002801,0.8511501336242304,1.8044596301296776,-1.11489476212057,fog
-0.44892518928956393,1.857883504288423,-0.5629266780014736,-0.7752002165197772,sun
0.9621344749658478,0.9424132185229059,-0.151660326958243,0.2949037464894704,sun
0.38555552479062105,1.478200334211172,-1.1929009199967255,0.4179355778131431,rain
-2.16637238854449,1.247450611205343,0.506786217707198,1.9066007477757458,rain
0.014168067270600543,0.861435236093717,0.8877088916501464,-1.1837248516801115,sun
0.9089994361617075,0.6351973295468175,0.09253870736098431,0.09041619141766252,sun
1.3334605490552773,0.4424045358479735,0.9901455971703446,-0.0002799348158631396,sun
1.3937423387451144,0.6675466470401312,1.4329336506026957,-0.16601275953926353,sun
1.9893449551223177,0.41034922551845543,1.5319687106968198,0.3349835325225087,sun
1.8006107390146828,0.8312238596295,0.8560638938923134,0.5482926445085498,sun
1.8803371166285001,0.40634447558452497,1.2416295253656688,0.38688387565597315,sun
1.2675557300283957,1.3365094918913816,1.4863101200125992,-0.26953152586508683,sun
1.6265338226567336,0.6995711827287987,1.0501535719780568,0.26688583788735626,sun
1.7324228302596998,1.064187528442129,0.14194258203063234,1.0133512920529684,rain
2.5204544437983043,0.2061407753120843,1.1057107812365063,1.061647417428786,sun
2.3728158410471254,0.6527903672170915,1.0950727747162068,0.9566228085025317,sun
1.0249246143422945,0.9315815923005201,0.24163450551422827,0.14189242883306233,sun
1.0780596531464366,1.2387974812766067,-0.0025645288049983093,0.34637998390487107,fog
1.3472029628277327,0.6816881219371803,0.21267790964887656,0.44988506598014355,fog
1.2915595743369812,0.6104459703756367,0.5063701649279838,0.23267600384134268,sun
0.9850483047487788,1.0284878306818996,1.2130686184489723,-0.4148167077401799,sun
2.288803118835144,0.06685544988953325,1.465993941243018,0.6345313232144358,sun
2.585661780445915,0.8614797517284195,1.350425282265672,1.1660259527660668,rain
-0.48044797459063054,1.5871823380589511,0.9512153291305238,1.6165551562067204,rain
-1.6720175674092685,1.3024277289404655,0.7109131449143252,2.8655184731215564,rain
-0.4740429509733935,2.9222747228202666,-1.888923661641574,-0.00836320743941488,sun
0.2437495678759239,2.1562157076150483,-0.7927084727364924,0.29220788897228195,rain
0.8131276814765199,1.517775758108572,-0.13530203113678874,0.1829401337084938,sun
1.4186134302157194,0.9210786634416467,0.5967275120254066,0.3275940536845032,sun
1.6012052881975132,0.8419446148777594,1.0626286193494876,0.24571948436520993,sun
1.1742358256173333,1.2707111459911478,0.2145149505000078,0.32369410353174294,sun
0.1340751722636436,1.254141706943657,0.29107915099599063,-0.7185864220417422,sun
0.8790325005034021,0.6236708020651637,-0.6314665539790434,0.4521917247577182,sun
0.884233731078796,0.842674206336745,0.25950883043250694,-0.00918894050485073,sun
1.773714982419297,0.648827039374268,0.23706048729249798,0.8443509065152308,sun
1.2145695781994645,0.7778994590592919,0.06681192877112213,0.407962780403365,sun
1.9163368857972554,0.6741249222983492,0.34668493573255793,0.9239325013075,sun
2.1754612969279523,0.8234428336012817,0.4284131880076427,1.1392116151278058,sun
1.5496492129069117,1.328033564603896,-0.05864067968457099,0.8361742957506323,sun
0.5411716043229045,1.3963667615862485,-0.2902899894380172,-0.0031245173514745594,sun
0.15382417797333484,1.5186123049828175,0.22309546984422832,-0.6444243042532136,sun
-1.6975827343204017,2.276320572078374,-0.8864584744936993,0.3845651500811597,rain
0.057713247924414804,1.563424803338026,-0.7448661798817581,0.12322359421899137,rain
0.9059282570987871,0.8060676223203963,-0.012463147379227985,0.15613346275103643,sun
-0.6321992215308986,1.3522391021231857,0.5701620513369917,-0.8291672003206823,rain
0.2367416212336059,1.146403842339891,-0.2870601294662826,-0.314888603124908,sun
1.3941206369192478,0.041699212580429454,0.5974668999714761,0.2423721414569222,fog
1.272924486002535,0.007647675320376014,2.8802907848044637,-1.1105306527339773,fog
2.461739876244635,0.3057689165241177,1.2944011817754024,0.9101556266233604,sun
2.027518276391064,0.35560033222999393,0.42853644068011,0.964348944283848,sun
0.22447278458699696,1.239416201761466,-0.20582475979233367,-0.3641129187649372,sun
0.4238782354041658,1.2286954465132072,-0.4123894852495085,-0.06153975862159793,sun
0.6316932414574862,0.546179072608916,0.7102725902089088,-0.5162496557199983,sun
0.8578890624823454,0.25684624442444787,1.7919472868573156,-0.9037364388845944,sun
0.7911169962934438,0.17135566255059556,2.1443779931922444,-1.1643873134511558,sun
2.5920324365850362,-1.1023339040260356,1.9927656639933493,0.559737943526824,sun
2.8552441609158823,-0.39568489143542257,0.659532361955268,1.582680930871353,sun
2.9448364118773953,-0.21659400429598774,0.3441198292087895,1.8517766518930683,sun
0.34290631245419395,1.2998267271006243,-0.10622218259897037,-0.29991517428254505,sun
0.3745285846093384,1.4589372124951812,-0.34376708471534,-0.0016984568449944727,rain
-0.6555462561135138,2.0223748849824177,-0.43536504456961606,-0.9542910703561621,rain
0.21808789447562546,1.8400766242712148,-0.07984201553082051,-0.3964949367536456,sun
0.5710331535935145,0.9468843958764609,1.1029512874077767,-0.7589017319927845,fog
1.5211744927979864,0.3523319056464398,0.6878242470688991,0.3372901913000828,sun
0.12663014505793949,1.7823656229930915,-0.6161544159588105,-0.121507155390713,rain
-2.2497324953612288,1.759141063134801,-0.11162033360161228,1.9397872761019892,rain
-2.4593550551903993,1.7077163167799045,0.08237328680718232,2.1431548866208514,rain
-0.26728644014118275,1.5371426981343392,-0.24064222251265288,0.30639441916915783,rain
-1.0736397976263645,1.4270861423419505,0.208501859755374,0.4614920683113485,rain
0.4471703633612309,0.6889226242124983,0.1168727095264878,-0.36287531185506205,fog
0.05244677492704225,1.2676952359966964,-0.8849593938723294,-0.16035775861751791,fog
-0.45048490356351656,0.9590892187567159,-0.18250296634957106,-0.8396637901588294,rain
0.10547642734348893,1.113902231781342,-0.45992241268579004,-0.3498718848469635,sun
0.16362816552085035,0.9491706459283418,-0.8031078889247775,-0.11994131564117005,sun
0.7043927547691421,0.42691468052349724,-0.5918719515933928,0.24922369653689055,sun
1.7526412865589713,-0.19933364803167736,-0.6624207392689244,1.2512299649109864,sun
0.8123658207021952,0.9991891133827533,-0.9482718631498809,0.5855425314924106,sun
1.4381779047232337,0.49459838238014037,-0.4612179954576684,0.8885798508695836,fog
1.3360742851295824,0.6674396916248716,0.27141636070469805,0.40644325355238337,fog
-0.24746883177440024,2.0070944601760963,-1.642715715624387,0.012534910392175216,fog
0.3368997205169583,1.2746397151506694,-0.8157061889686756,0.07608770872493359,fog
0.02247983926873667,1.2561687085150428,-1.6089646552123573,0.2014177747225375,fog
0.21240799460574106,0.31726908119370345,0.3171638704824226,-0.645692088198289,rain
-0.8305548317194437,0.8755352988444514,0.24221105607600346,0.25349977939614177,rain
-0.10130380614906663,1.2281489227603068,-0.935845391256568,-0.28338116583754736,sun
0.2773153665027657,-0.049172254648066085,0.5918758740452955,1.1161833986003762,rain
-1.0411427405156743,1.2827718272568138,-0.7652063949194023,0.5470680609720965,rain
-1.6036456486205015,0.9913280619611897,0.673514890377065,-0.4066529211956595,rain
0.5811719387276493,0.46399833940972673,0.23574238806248884,-0.31401402242356036,sun
-0.7741782736784222,1.212347367645874,-0.4406805512374187,-0.35194378566131196,rain
-1.6330642456989348,1.638597022046725,-0.4675879940417471,1.8695796121873194,rain
0.5644637322799688,0.8565939392855404,0.23897220533797872,-0.30446007058493924,sun
-1.836944749874854,1.3593279361515826,-0.1978087693889766,0.6613862409294119,rain
-0.891657871775593,1.0784540277362489,0.38275136084788935,-1.5096076156183136,rain
-3.949006292184887,0.7486289303215047,1.6723695727695904,2.787824347064221,rain
-1.2523841285877952,0.034803731829871856,0.7392654145323129,0.03407535157147763,rain
-0.7451951021311526,0.5057165078778952,-0.3459734312168184,-0.21920815004125613,rain
-0.48117305727415866,-0.3555438419845484,1.416909302105994,-0.4651446438676042,rain
-0.8192299038538639,0.11137969863265912,0.48974745819017973,-1.4369026209977598,rain
0.4726552926578739,-0.27886898491997825,-0.5473973977824985,0.15858471383946457,rain
-1.6059460403069377,0.40098789231711873,0.4312357884401327,0.7332243215294221,rain
-0.5229956651705535,1.2301979773559555,-0.4890655057976093,-0.8017373276132079,rain
-2.9852546659251407,0.8700868443625185,0.42270351086438457,2.7042509958877035,rain
-2.0583917848179114,0.5367047056676462,-0.7295108629150229,2.0388795744371264,rain
-0.5180118381931165,0.6915683462687442,-1.9864313276691954,-0.1533640177605916,fog
-0.34870048118772196,0.1281792754996351,-0.5995450039057076,-0.31764702451226123,rain
-2.212241620215417,1.0405673668712077,0.5609111856077033,-0.33700440376692603,rain
-1.1675261635122474,1.0883829986218982,-0.4576067913548399,-0.5241754177369244,rain
-0.955797790359531,1.1693764955542023,-1.0485598227987614,0.18407836178177023,rain
-0.9948132996647545,0.2897452252324917,1.8734894088604983,-1.6739679979300388,rain
0.1502640499225294,0.08403962537943326,-0.8611069520345294,-0.16172141544099033,sun
0.7320451077127968,-0.6423833681406752,-1.6438020462560161,0.7699352365225823,fog
-0.8141119992646775,0.2867756882228293,-0.4746851951397659,0.025522599568448167,rain
-0.4314721278709904,-0.2549415508048257,-0.24014320921487028,-1.0801513483520848,sun
-0.5565763252117337,-1.925654823897114,1.9637007229870636,-2.508169495687471,sun
-0.5429392978269747,-2.147380130999348,1.8554690509713603,-2.4520061761927185,sun
-0.24553617903983715,-1.5918022197934352,0.16452901772396986,-1.2133599693098196,sun
0.4298073151470225,-2.5113467043759012,0.317642639273136,-0.7111123860876213,sun
0.6058152516194326,-2.4433035305148945,0.2510517345457324,-0.5012053540120713,sun
0.9903209101050061,-2.7691320717415855,0.4608948954527589,-0.26778525612103227,sun
1.5338046218152979,-2.6053439881780904,-0.7158344191872689,0.9021046257265294,sun
0.44342570410824894,-1.4366009344915531,-1.9572915386835823,0.6066512563537136,sun
0.613506193457904,-1.1638027866712748,-1.0741686079436137,0.31173581073893536,sun
-0.5684132972834528,-0.039739999497770725,-1.1597052352847836,0.22425349902148722,rain
-2.597563241936569,0.4048604203536699,0.5407009346292435,0.3628595827044639,rain
-1.2407408244409706,0.24380633779109162,-0.10820833940315003,-1.76621033668541,rain
-1.27251338336619,-0.7945718706087965,1.1668540118185147,0.3674066973385635,rain
-0.10810826459865105,-0.7589108620079263,-0.04175580859525111,-0.5780759312079136,rain
-2.4609044598396435,0.401564559549791,0.8381795013335422,1.1287760596694785,rain
-1.1215562871244595,1.526294771467007,-0.3237802599097124,-1.4970811464683051,rain
-1.7258985763964336,1.013595019173671,1.3399148224547441,-2.2430780754114097,rain
-2.8925717801538795,-1.9586939785208541,2.665513452811384,3.667956403664497,rain
-0.1352248373705448,-3.0565889092081577,0.7391663689128868,-0.5961157457063675,snow
0.06395538341942926,-2.8791909450805337,-0.09941863556935293,-0.8629261503499229,sun
0.2809494086329045,-2.1873783086462373,-1.3296962904661138,0.05890586247166234,sun
0.1789698138504811,-2.8499991831966476,0.9004045561315025,-1.2908293764908665,fog
0.6928991528943351,-2.028238905960915,-0.014867577240866327,-0.24483114005734855,sun
-0.45450247460293686,-0.0795780122961923,-2.090436479434187,0.11547955835501449,rain
-0.48223680029528593,-0.02133510629703316,-0.4586549894339012,-0.22459740493088282,rain
-1.4797195500884954,0.3934857892519641,-0.26660034228826734,-0.12897694899634285,rain
0.3606927920501541,-0.37344159274795913,-0.457174113041759,-0.20970812417114468,sun
-1.3248948901948319,0.3059124904291113,0.4327028750842749,0.0720018141170988,rain
-1.5038756116760927,0.5331921484214251,1.068445145207162,-0.22253451450470457,rain
-1.1563306444629282,-0.32349037906032163,2.593587642110089,0.02295479402853431,rain
-1.2184938216134116,-0.19300815662883655,1.70091163566566,-1.1106913163461842,rain
-0.7962287806468732,0.3353575884610265,-0.5179700512736594,-1.239409328454596,sun
0.027769450428395456,-0.30263509396518845,-1.8741818322575714,0.2412440085514544,fog
0.9637150710994914,-1.7995691197047077,0.1626172996784891,-0.06454899220964952,fog
-0.6565540315206058,-0.30393641963645585,0.9841190328614391,-1.9617091039742809,sun
-1.359250725291466,0.8291166932412544,-0.6117290864934015,-1.6954579654881772,sun
-1.085893266436893,0.5167671767338804,-1.8535811434633218,-0.06455887722215826,rain
-2.233714508976008,0.32848193697378875,-0.5697940669390965,0.7429288832486445,rain
-1.144048653485081,0.2154751779917562,-0.05076426749300359,-1.0646833499595827,rain
-2.3044562618437188,-0.5535988853537558,1.5861565977721708,1.141884350410249,rain
-1.2331076171622632,0.8725568854374484,0.3293556541516329,-2.0799193792013604,sun
-0.4051274592745397,0.33088641110747147,-1.772581665639679,-0.18560384997234092,sun
-1.9415110218350735,-0.8377915271561558,0.7091055703436917,2.201682136632733,rain
-1.2175387093957146,-0.08063943822417512,-1.6668385105483898,0.30795130461139963,rain
-0.355701435496414,-0.5450762356638228,-1.4372858962769592,-0.3803952674285696,fog
-0.5054700897600682,-0.48830034080397433,-2.233897432468598,-0.08975648242563015,fog
-0.9689768292957767,-0.6243803384026907,0.3468950069985278,-1.0929136748896247,rain
-0.9588491747229648,-0.3848193510103542,-1.6751142326646284,0.23188616845830107,rain
-0.46458524917900196,-1.3845431693928956,-0.23015859117285944,-1.196093565940433,fog
-0.4044879906913413,-1.850351937301405,-0.7773323640718199,-0.8750027112672812,sun
-0.192585671437871,-1.9755372099180157,-1.0696318429265688,-0.5220487348414583,sun
0.679760310267243,-2.208819819142756,-1.7428257413804624,0.6640521827583412,sun
-0.3572070640814294,-1.2591439095933907,-1.3600151209378557,-0.08840253733229647,rain
-0.7048755405772376,-0.4775795855557151,-2.027332707011424,-0.3923296425689695,fog
-1.0172758185253672,-1.1966527031083718,0.660419524257943,0.4221708862807603,rain
-2.1241126367550427,0.4800048368014551,1.3171134735832009,-1.41876462121351,rain
0.0004953956588752798,0.14081552023928176,-1.6577184882261677,0.12891736956194913,fog
-0.9662038836088327,0.5235683338321896,-2.070328997519394,-0.5504922015385633,fog
-0.1341440156706391,-0.9883090234789064,-1.0920915083400107,-0.38494016373096374,fog
0.20043831131878512,-0.44550797975364975,-2.0962653523119257,0.5942938578556743,rain
-1.5080893993383122,0.7893734107251629,-2.5446628323051734,0.6921770662031235,rain
-1.0547329070778035,0.9208490982444516,-2.2346435744976296,-0.13409872314823718,rain
0.11474796531560297,-0.34857936260265104,-1.470865128538404,0.10361654120492268,fog
-0.02797932445005099,-0.8348861387181736,-0.9112535614726981,-0.3699667348886008,fog
-0.2976550837067479,-1.1708167147082649,-1.1112353570101812,-0.5444663795240303,fog
-0.9645070702943945,-1.395675705635074,-0.3084234907837171,0.8544305551274931,rain
-0.3544821317334742,-0.4223950394884806,0.19941502694199117,-1.2554381249141071,fog
-1.6800806526508978,-1.5066855542854662,0.6660734868848882,3.866830021568169,rain
-2.4435102369133532,-0.7045224387358076,2.4069432183788457,0.9903195585653823,rain
-0.7404036327851284,0.22188775242469122,-1.076980152161645,-0.763148700694166,rain
-0.03854517277189086,-0.7840311243895169,-0.698020034716784,-0.49184732571672707,fog
0.3989109933156479,-1.493594655740788,-1.7223377344602966,0.432884006642673,fog
-0.7453403103042233,0.5141379310595829,-2.033706940076327,-0.15334792697614494,rain
-1.2196807685091553,0.661573190693158,-0.8927013088660757,0.06745768376948326,rain
-0.9512106730868873,1.3052164050117856,-0.6454462405231958,-1.1235468929601977,rain
0.921311773395832,-0.17021806692220107,-0.9831578723679026,0.6276206870966983,fog
0.8347907014972401,-0.5201792468352149,-0.562743484881211,0.29280769474160934,fog
-0.9480594721698429,0.9546488160440121,-1.5961576156174264,-0.5540203764415664,rain
0.21092413778649985,-0.31666569788811055,-1.2537856492333974,0.08093066083179473,fog
0.4997110667897916,-1.070313352379818,-0.43729087642551884,-0.13540382060565873,sun
0.3311041545659829,-1.0108155546893154,-2.0166461250130063,0.560452310165097,fog
-0.5870193422821888,-0.24480482584170798,-1.7507381354998401,-0.4123531796992126,fog
-0.5443885582487369,-0.2760313440623395,-1.072954413752802,-0.354978100888085,rain
-0.9907218089061937,-0.5646990128096285,0.1618383270205915,0.04263951196463285,rain
-0.5942497377211169,0.16538925886797223,-1.5249101681116943,-0.17915264314518653,rain
-0.8031162896059525,-0.39082249064062813,-1.163362735486157,1.2080931690124543,rain
-3.089815626755675,-0.007525179153164683,1.222272043554842,2.315684882374638,rain
-2.3925503920824283,0.5554019345638911,0.8123961895563974,0.962484088460141,rain
-3.3758767725430854,0.5587854680133516,0.8528259213813384,1.6126350766376394,rain
-0.4873622295190003,0.1190707058240384,0.19332530390175637,-0.4181964460153725,rain
-0.9730930905441688,0.5221171089946196,-0.7802284475037807,0.3109380278450554,rain
-0.7164658817664462,0.44318394526929955,-0.19365643957980896,-1.2535544894941724,rain
0.29858536863355184,-0.07396530770898113,-1.6966969553382159,0.42152615639915353,fog
0.09778244745024457,0.5593595334996985,-0.8268177981075133,0.05907216263515936,rain
0.625502118318074,-0.16995881844170582,-0.9891732424921093,0.3465769066840328,fog
0.17632908062250455,-0.18045335142934668,-0.4470893817215446,-0.30191535315200935,rain
0.1431359374603678,-1.1303576738232204,0.6186084661549088,-1.0531013585923639,sun
0.20250697940066925,-1.1724080635008787,1.912123913134872,-1.6982136468721076,fog
1.04567688661348,-1.373565913513083,0.6649204453174178,-0.22761947369016544,sun
0.26702496926586633,-0.641328994877043,-0.7237468133066461,-0.1743007367310249,sun
-1.446112434593946,0.9508913948733673,-1.4059052235928065,-0.16056340242287534,rain
-0.5595718868718139,0.7251424829135589,-2.1320399935177994,0.09306191367244229,rain
-0.23468041312812593,-0.4906974618299828,0.27202130179360184,-1.1843013765769916,sun
0.23523653810848982,-1.187240524098329,0.2537027124485495,-0.7712841305036566,sun
1.4634894333790232,-1.886591149712074,-0.9606495887800983,1.0169514221819609,sun
0.6580209042505051,-1.10680906542204,-1.3091224121668994,0.485503060449976,sun
-1.0224750552621598,0.6477651582222093,-2.0566734057117384,0.44895304482014403,rain
-1.4222538451620603,0.6840233703924768,-1.482329547219188,1.1169941597887638,rain
-2.68662833768005,0.05752426016796887,0.24874882587268102,1.206482443145456,rain
0.25488015743048575,-1.3837788192506097,0.8549550468025529,-1.0911236940163824,sun
0.8461922909818294,-1.59278714417405,-0.7877126710624861,0.3506327268643014,sun
-0.24136972102520557,-0.8045291325965297,0.40876530524788235,-1.2865214564834029,sun
1.0035913806930068,-1.8964753580860876,-0.8088168132562553,0.49216014436359257,sun
1.685046853204798,-2.3298239375271574,-0.6154552008431493,1.0124065258795667,sun
1.0622755684457696,-1.1681670086095697,-1.167262932411635,0.7930852761295434,sun
1.3375308564519963,-1.2390804628076006,-0.9117725030938206,0.9145891564985914,sun
1.455053636569658,-1.4458624383382586,0.03855746764715474,0.49940743742464,fog
1.686142132156509,-1.3716805575566737,-0.47622076805944924,1.0049623100393574,fog
0.8831819527146012,-0.8278722106811837,-0.8741868124061305,0.48623545537436524,fog
0.3105124153599161,-0.5900896238299971,-0.5935375487944216,0.005997501901120992,rain
-0.5841742608867058,0.538307246774427,-0.4659252569103611,-0.407967325913002,rain
0.3326133759187935,0.2638254137781368,-0.059219390968509436,-0.40741254541573935,sun
0.4997868943131905,-0.09645754066048666,-0.49686477310435917,0.4780343211897376,rain
-2.261216333071226,0.5162066974606332,0.3772744770496435,1.244205443670451,rain
-5.9424592210233325,-0.6946556134861546,1.9519987892728843,6.753989243192129,rain
0.12495111583206997,-0.3450999738962137,-0.3740451266331509,-0.22260287967658934,rain
0.4556426684244847,-0.8007654783204599,-0.5334063213142418,0.09830060376038267,rain
0.4155308191790646,-0.1083830488647896,-0.5693749902790208,-0.07787684428743351,sun
0.21623075474959014,0.3633465995749116,-1.0320462803276127,0.013551676870480983,sun
-0.7203240106605473,0.7592485242794108,-1.182179569794108,0.27439866318251077,rain
-1.0024540148056735,0.2350187107136485,0.4240232496825671,-0.9785707662462086,rain
-0.324275702144411,0.0551696965925576,-1.1046818933709883,-0.23151188536557682,rain
-1.067885751144464,-0.19106675457705882,-0.5763734617254427,0.5732260916195271,rain
-0.8570759390115219,-0.39873254046560697,0.2473722985762986,0.18774903886737768,rain
-0.5612194530424466,-0.2736435197912605,0.5675181517954577,-0.3338588262192785,rain
0.9696595240256779,0.23449200627927394,-0.3001399898378839,0.33306826769044784,sun
0.39064494827631163,-0.1054916060023603,0.5716622077117317,-0.461765427264129,rain
-0.4727311283984959,0.20814531427302932,1.0897742760799396,-1.8064595487930524,sun
-0.051314952994631416,0.41728972062997866,-0.44605454619375634,-0.5566113616941428,sun
-0.09288978110547653,0.7072873165387379,-0.2868321526288972,-0.20046720001403776,rain
-0.2721567974774994,-0.3658158084926132,0.17108248136316315,-0.9004054751513657,rain
-0.42402681202957426,-0.4458968831919835,-0.2093334004524075,0.2059469331931054,rain
0.26258559946479637,-0.3417457544228053,-0.8017523657051049,-0.11552246925237326,sun
-0.393479745036624,-0.4400680286560715,-0.2988397961792912,-0.6398343826787556,rain
0.6318870084294445,-0.7706192409514536,-1.115155986753623,0.37895892467274067,sun
1.7545118002824847,-1.7893562139671806,-0.02741730180664681,0.7989552281165672,sun
-0.0758225257232501,-0.20566627096729423,-0.1404840988342235,-0.532115043674652,rain
0.046305783197714716,-0.3252304431254617,0.14794680066638508,-0.7073083538921727,rain
1.1539978709197571,-0.5992024244249761,-0.6967019354867753,0.6665176032220643,sun
1.0872258047308556,-0.6846930062988283,-0.3442712291518466,0.40586672865550333,sun
-1.391767872963989,-0.08965297220172104,0.7741560346370492,0.2575462813145341,rain
-0.5770556856964796,-0.7073636457346549,1.3741840480584204,-2.124274373469311,sun
0.12904146708699313,-0.5127269181705099,-0.09689095303524738,-0.6368242183854955,sun
-1.1546780797972722,-1.051569287845965,0.3767578067135014,1.4288222898243215,rain
0.1471839276314126,-1.272398874817896,-0.0985814056300607,0.17552597126330116,rain
0.9626802985387275,-1.2312994367793824,-0.48412179720914955,0.3236701858793354,sun
1.6741027067088237,-1.6531214887387984,0.4332450765439842,0.48214103405525377,sun
1.3498788379130862,-1.1021508363199493,0.6661899690693086,0.08298811144081378,sun
0.7843485435818833,-0.37241799412517756,0.6219241548094467,-0.38578203265975997,sun
1.3448621385398674,-0.630203361490862,0.76517641098907,0.057545097306829496,sun
1.9844166363333613,-0.8955105064042687,0.47476259115981484,0.8107474174800089,sun
0.2950575245745961,-0.6949479652885416,0.4559673162140337,0.648407149139151,rain
0.9699324358121172,-0.8523643213718698,-0.4663707249633377,0.3474514873853801,sun
-0.7372856396032068,-0.08185650261031711,0.04160199130237993,-0.7443796272130234,rain
-0.7204182664869212,-0.4242074127711004,0.6418567860295258,-0.9995151518974459,rain
0.07402615039452883,-0.44213946202133875,-0.39958579247702763,-0.18751004082558562,rain
1.0705479780840845,-1.1200338971115675,-0.17128569325987192,0.265987339533601,fog
1.8395509363250935,-0.17358106900733375,0.3488799601765041,0.8668644240762005,rain
-0.3646164470601685,0.21142502941271463,0.38641036399935874,-0.8601288114180806,rain
0.2905016284251074,-0.49015093807708376,0.7954772078006622,-0.9624599693610417,sun
0.6982807764442115,-0.05928122461789921,-0.6321199424573322,0.23122489824311515,sun
0.5177135835871978,-0.05128237220029484,0.3571884953956917,-0.4765656076680399,sun
0.7837857142055739,-0.43752143876614386,0.4674290791093548,-0.3073432542593932,sun
1.4572890744698288,-0.5949798481016586,0.15529498181272788,0.49774572479670043,sun
0.4984220208661218,-0.7116584187899321,1.2489032677533125,-1.0231681851581886,sun
-0.7328027991459336,-0.3848464748425607,1.0169456683347833,-0.49282589552640815,rain
0.6679659224126805,-0.2728968083284033,-0.3509027345496558,0.035182189626460435,fog
1.8239767473601725,-1.248888490407205,0.5606205972298565,0.5855039303535681,sun
2.0825238289187182,-0.927206344729422,0.8193408438231604,0.7165617625612373,sun
2.5318560332828945,-0.8664671220267515,0.8807415950552315,1.1194724495514787,sun
0.34929120256556423,0.6991663045908761,-0.23220492686048436,-0.2675331562938372,sun
-0.66906953838044,1.1069991747184789,-1.096848719682003,-0.7504895973101813,fog
-0.8987385593026986,0.9221643964292648,-0.2757000598812592,-0.3244220981904088,rain
-1.4938800838204604,1.2494799539955892,-1.0106354285008545,-0.5276649464221705,rain
0.43805272763166614,0.4313673946662995,-0.7526032958937942,0.15742688902354016,rain
0.9042556485749269,0.020288476724761733,0.025294414155291434,0.07935639697860987,fog
-0.5834592142313831,1.189767853761676,-0.6665357136210823,-0.8950560685114358,sun
0.5481338240064232,0.6233421047016514,-0.5932647280177511,0.11347878224986863,sun
1.5465030272572076,0.20995847349747854,0.6753491996974685,0.3584565448222294,sun
0.7775062104818986,0.6241478769350457,-0.0758241921348976,0.054276409053153084,sun
1.515973262222591,0.13332850137485938,-0.2031511373426519,0.7986708565626509,fog
1.7676030040943669,0.16263113423287115,0.19681249642855878,0.8263521082214557,sun
-0.5429264302512374,1.1504393669146729,-0.15576397903696845,-1.1349510110233647,sun
-0.564273037898002,1.389135007159871,-0.8890144704729369,-0.742455172322541,sun
-0.022945619273399644,0.9319824863959918,-0.5232834574414594,-0.4517289385448467,sun
-0.5500731811369324,1.232513144698602,-0.8427510667885466,-0.7647306312281554,sun
0.83314959897265,0.6953900284965893,-0.3695164474140048,0.27148547119195393,sun
1.513464912535981,0.3693022387894033,-0.1536579163827717,0.7859493494956583,sun
2.173788688404092,0.037663688005646706,0.46617074954216253,1.0624345493553795,sun
1.5768178812887377,0.42357405720798336,0.3941319917897918,0.5544992534388837,sun
1.4634010527947596,-0.10878394296026218,0.19554297267666715,0.5157445230904759,sun
1.6127122640697984,0.23034561073036533,0.16842341766244734,0.6975461977891566,sun
-1.0842424296788067,1.2224134274817604,-0.24311840994291706,-0.42241183038354235,rain
-0.7369488911220183,1.195451538836634,0.6764582852228787,-1.6398532708076436,rain
0.3256656564311132,0.7993823916469186,-0.08773172240708813,-0.3613557850040805,sun
0.8963971813377115,0.28865295372372723,0.8475094762643247,-0.3539663061660747,sun
1.5202637450484504,0.0851394047766242,1.5385516406165103,-0.14208927225626108,sun
2.2354386688320784,0.13409285151714587,0.8819625006327605,0.903640728486701,sun
2.0196598091538487,0.6239648092289597,1.2507515027891432,0.5310262411391632,sun
2.1567325635831867,0.22817023165261024,1.4746230360653565,0.5141702592372908,sun
1.8384361419102035,0.5743859101121882,0.7578540931233081,0.6198398143131788,sun
1.8125751578755833,-0.17628059306837002,0.7855897834111315,0.5276788982308759,sun
1.469407644731995,-0.08359693101030756,0.9050269790463726,0.13974164008299714,sun
0.4035664003181651,0.8991214038330796,-0.49890087979783837,-0.0572630980097592,sun
1.8609664090929434,-0.4839735569143385,0.4741464558862117,0.7211066588636313,sun
2.116671722787495,-0.3658744090666784,1.456095322668789,0.4442848020606013,sun
1.6017681175738234,0.9070480595187255,1.2171236950495803,0.16728070596484332,drizzle
1.1416855336856326,0.20621297204404282,0.3789946442421115,0.12931310754302852,sun
1.6576844178510146,-0.10856611657087585,0.75720070464502,0.39887298779857683,sun
0.8477765189214254,0.970799208173397,0.3307223288597594,-0.07379710645475716,sun
0.8040063968761275,0.7941969439672492,0.4548533631742594,-0.06695156894453573,rain
1.1129379017902665,0.3173676407377318,1.2916903061210343,-0.3839542166024537,sun
1.0907859327816611,0.7498796733045562,0.7399311927269112,-0.07683616015671998,sun
1.3243827780551216,0.5880878166715973,0.17565973606042684,0.44144021952498963,sun
1.8540186896052642,0.051583420954442766,0.4456341244476335,0.7671634192752907,sun
0.6476710931301112,1.6363452489347237,0.04954241685301364,-0.06774636755193196,sun
1.9221154459448009,0.7207640921950794,1.0606683258258895,0.5467731176575682,sun
1.464347444771259,1.100753580866225,1.998474631021071,-0.3736815540899945,sun
2.0818726189581445,0.785497417381424,1.821038329579833,0.29379364187011875,sun
0.7899947201880608,2.10779327012431,-0.06107961391014928,0.23869411409615737,rain
1.1611616276088832,1.5575398977343482,0.4772416982158023,0.189092005636624,sun
2.0227309882167686,0.4530945164553816,1.3557533575293552,0.46530896980578934,fog
1.7737941272337794,0.8787690252834932,1.8962583291295765,-0.03647445418257524,sun
2.1361478167107455,0.9854525166236278,1.5543423766424789,0.5040637001541969,sun
2.0814151759695294,1.1814028659319005,0.9973072383739743,0.766234101571739,sun
2.7253036571763993,0.15550358737281356,1.4541349864489446,1.0666564729650136,sun
2.283328976473308,0.9347083732690973,0.74124929195692,1.0815287687820712,sun
1.6123339658956635,0.856193045190068,1.0038901682936665,0.28916129679297,drizzle
1.5854382093002777,0.6737962249348363,0.3848867616938505,0.5852195587996512,sun
2.1910293444271725,0.5381080234593527,0.44768028935028004,1.1238751600769148,drizzle
1.7605353980231517,0.47464689792602727,1.169023250514058,0.3157471273188577,sun
-0.6980900820622445,2.3050101710633104,-0.01792232267762598,-1.2781401411505955,sun
-0.3566255572434269,2.254483854098167,-0.26935767539483313,-0.8175466078146202,sun
0.666857269463492,1.8357124023329185,-0.17293633999884117,0.08485452863696273,sun
0.5920277046393598,1.5651030973731803,0.3432346721321209,-0.28495542969073284,sun
1.0968979111065917,1.2360755784459527,0.7801791835908505,-0.05883736186294461,sun
1.1119031292295025,0.885637323663057,0.6449512092333959,0.004264961486530952,sun
1.011287586957535,1.1533068994027547,0.34986617752993016,0.08572910933831018,sun
1.6290421723433437,0.4635974453142548,1.0006603510181766,0.2796073449543487,sun
1.992385754384327,1.067415423433431,1.4672148468205457,0.4186996021496576,sun
2.5559705284052314,0.6387597632941677,1.7154689577403812,0.7963094607828733,sun
0.621431810921355,1.5115261802138682,0.9127448577720557,-0.5682921846304217,sun
0.528674735886603,1.5108312789546,-0.20455523604044307,-0.053505333633958055,sun
0.7502321557123776,1.0675984911395169,0.1406391518965056,-0.058050229936352324,sun
1.2565759393054559,1.0708669177230703,-0.11864865449228314,0.5690085230474133,sun
0.4924070701987475,0.8612644798177295,0.6398985930059296,-0.5131284133901888,rain
0.0029153647612220972,1.6826489895765497,-0.5510191477292824,-0.35956802246254305,fog
0.1777984634176238,1.305395701994963,-0.14718236641346166,0.07721968594735783,rain
1.1178305763522578,0.6808823497037849,-0.3047626262339767,0.5090874391768596,fog
1.6179134946451934,0.4493490150019461,1.0593988020739982,0.23616553252658845,sun
2.506712030025851,-0.03314281077712334,1.8831784687579751,0.6114824166327804,sun
2.3899511106825124,0.6922258094793533,1.7458183300300911,0.624061737922814,sun
2.344978956901296,1.031137536780595,1.1570410430475182,0.9227349479133936,sun
2.55791604871553,0.33768258123865913,1.5114806610804077,0.8874697462502313,sun
1.9124603453724958,1.038811607393553,0.42317445903419176,0.9042719903857849,sun
1.0619142760750673,1.6964965257933855,0.15516036417058382,0.2774951573431264,sun
1.178675195418404,0.9711279055369093,0.29252050289846715,0.26491583605309205,fog
0.9397717331818536,0.4529074647068456,0.6350525906591665,-0.1859815596673033,sun
0.7365951283276184,1.2893237982417511,0.2488708239122081,-0.11421354943110433,sun
1.2931267964731465,0.935216222779829,1.1378486188992305,-0.0845486116874849,sun
0.5135641313759978,1.4002606405460531,0.5999087538227785,-0.5106093382846875,fog
1.6051872150099695,0.9382668229739967,0.31690308054208866,0.6593816765881796,sun
1.4606197913217096,1.2140461221054266,0.41126692876200055,0.48863979632855087,sun
1.3564797652259026,0.9894880411984094,1.685638527071794,-0.31599870774425987,sun
0.4263536659913648,1.3768136266937057,0.7309870541565288,1.2836018536041245,rain
1.4600569619454007,1.1489426774644595,0.2567718530619088,0.5670785747289178,sun
-3.9820268556427822,1.5272121030480303,1.7938110692160787,2.359723676472398,rain
0.12294649456549332,1.2398932766313482,0.34981760205181217,-0.7620282344695024,sun
0.7926959598069847,0.9646605012528188,0.7789096598389597,-0.3694449469939242,sun
1.5186661431113762,0.588305643060984,0.7373174680287793,0.32456868423309,sun
1.9234836366829513,0.5920511445144195,1.0336720234841363,0.5537121215122911,sun
2.1648954486061105,0.87429784792994,0.6416467147635561,1.0173310242996785,drizzle
0.022559805019830518,1.1710211222636064,0.8296510240681313,-0.6094044664416509,rain
0.24422179029668722,1.5038867998006273,-0.2738084409440963,-0.2899508009764096,sun
1.8657101966797243,0.13093529590771733,0.5413907490919043,0.7321664533026842,drizzle
1.7959723378155976,0.6773238999988854,0.11958358518085511,0.9312345313707512,drizzle
1.2170779278860742,0.5419257216447477,0.01731870781124139,0.42068428747035724,sun
1.5019883164646064,0.1529647522482437,0.9103030039207543,0.1846892951111887,sun
1.9269027341190963,0.6232699079696918,0.13345140897664406,1.045813092135627,sun
2.0250099267044535,0.5915740696445382,0.47802966163999017,0.9516274372168554,sun
0.17068376399109877,1.769241208197678,-0.21520791165662442,-0.24549334950968302,rain
-2.8905083374598934,0.28911982012387033,2.959459248884565,3.2057161295776297,rain
-1.085156537663458,0.8264659256790983,1.190816625143686,0.21119235072470116,rain
-1.313789622522365,2.095647938316976,0.9562487676277164,-2.4111167929576065,sun
-1.1161733139503875,1.3023639567244372,1.001327084521821,-0.8122722557954066,rain
0.23800442558406154,0.5566820014677891,0.3551795836977301,-0.701951280571439,sun
0.19554062148945545,0.6596199913544865,-0.2830909242447229,-0.39055656351386664,sun
0.34067087455402406,0.4489441368640236,-0.22295969676454308,-0.2982534616546049,sun
1.0629540639031698,-0.3404158372061298,0.5851779653460305,-0.01891525515563041,rain
-1.0385334742488086,1.35687297059925,-0.8037220690971285,0.1135942262750934,rain
0.34104081399802,1.4212066129619372,-0.9579471157734397,0.24416832810210243,rain
0.6763133386377819,1.0641816870495933,-0.19391722952014345,0.05151927529229626,sun
0.8143904858269746,0.928053917236471,0.5069376820272236,-0.20412254373803762,sun
0.803824637505135,0.9789089315651275,0.7201712087831381,-0.32600313456616403,fog
1.2414653347948503,0.9602962793145237,0.6858153353709379,0.11190451839668339,sun
1.3780806462355728,0.9604071502886504,0.08595577744129244,0.5674889961964312,sun
0.1565142870309375,1.0979265799703954,-0.09171559672453047,-0.3726512315645928,rain
-0.2434682665384108,0.8069455912857504,-0.22173874849077002,-0.8354032203314375,sun
0.2319978336468259,0.5314949895178346,-0.35430442267197526,-0.32594839756396027,sun
0.7656008925772754,0.34773626116086365,-0.5252245136787057,0.523155224656381,rain
-0.6053904230202327,1.283227154518155,0.09393901429778034,-0.8587514703440571,rain
-0.039653825721080206,1.3245780862718055,-0.52005364016597,-0.44217498670622557,sun
-0.20852951150363297,1.4119288136426842,0.5650114223313251,-1.1849624585899865,sun
0.06862498145016176,0.004009520995089088,2.657674473158824,-1.0956830856030202,rain
0.5080584830148932,0.26676514299817805,-0.28030537139600603,-0.1190667349398229,fog
1.1167352974005458,-0.27726103026669824,-0.4439970590176774,0.5165316550170682,sun
1.4253766185012235,-0.3054291935278028,-0.364721982867327,0.7683609726693968,sun
1.0535668598499657,0.3594180304153892,-0.0018251408589285932,0.2611580716772906,fog
-1.1375120915545978,1.8207486103369441,-0.9953446107410595,-0.6925630386939211,rain
0.36292822995032453,0.477440997488641,-0.3404365988761858,-0.21136983679908466,sun
0.7979855709666439,-0.594143301227413,0.5136924827937451,-0.32961871316500707,sun
0.9118598424492375,-0.45769074960964384,1.5360125931127284,-0.7633044425182195,sun
1.5326814686702708,-0.2592670985009535,-0.2063809546181421,0.7891169047240292,sun
0.5187297177244283,0.676919021860963,-1.1627749136576861,0.3968155371895579,fog
1.3347495949789476,0.08374960225808704,-0.6960485470084864,0.8874844297366671,fog
-0.30625840591485703,0.8177772175081361,-0.6150335809632409,-0.6823919026750291,fog
0.12671764860255885,0.414197698344702,0.9425640942559447,-1.1363694048490407,sun
1.3298569204169564,-0.2797651067079667,0.9004043853465247,-0.005557226042646315,sun
1.8284911237480288,-0.25952634698144894,-0.20036558449393527,1.0701606851366947,sun
0.3740569076484748,0.4916894278009497,-0.3991750499320073,-0.16792802437132445,drizzle
-1.9793603502848633,2.1051138271759244,-0.9656916865526489,0.5296109856744003,rain
-0.1134672564079818,1.7821701753733243,-1.5238460370883857,0.06139619982367666,fog
0.07737164667855843,1.1104630489218001,-0.4484449049412173,-0.3063341995408061,rain
-2.6756627752895525,0.6396808655981004,2.008220717832398,2.9755978727300105,rain
0.10912493597855782,0.7706677046329149,-0.5319125522637977,-0.3313678745677018,sun
-0.22427067100799689,0.621134284487154,-0.1658409232170959,0.32046309027497366,rain
-0.05273778789433902,0.39918761720476087,-0.16921732874890463,-0.3752500887640451,rain
-0.6837226999024305,0.600523087759456,0.5313463613870769,-1.6800340616625316,fog
1.101047363317792,-0.21546743430039583,0.537458925163764,-0.02479363124629661,fog
1.1921276916009882,0.05845171933400651,-0.8056729954485471,0.8079028349443973,sun
0.3429863343083191,1.1201294309064278,-1.1619354124334131,0.33532861356946103,rain
-1.3831307716816976,1.9675670018633482,-1.3660378004304847,-0.2560501502949543,rain
-0.44975591518497393,1.41099370722441,-0.7679125142883042,-0.6193358922241146,rain
0.19815435756375996,0.8846551471313846,-1.0018201607103694,0.016166624854379637,fog
0.40280453954384043,0.38053475910726137,-1.3118707118109303,0.3453392997741578,fog
0.10187279870516808,0.3917325892254023,-0.5496636245096097,-0.3551491760737466,fog
-0.26648748270903583,0.2598620859353143,-0.9172316783922189,-0.5196844474030408,fog
-0.18394833762289897,0.5135010577520901,-0.5919205270715107,-0.5985336472709212,fog
-0.01911176211286028,-0.26083150191441384,0.6812063433240946,1.1018786733728978,rain
-1.956507568593184,0.960909168351642,0.15378009611994356,-0.9032658405977178,rain
0.47923170630504686,0.14797782578264043,-1.0268075513541612,0.24849130161250202,fog
-1.2776802894075032,1.4126619388924413,-0.9046213650379015,-0.5711228496343769,rain
-1.351109612034315,1.3951114146708283,0.20351488725972308,-1.6269272193595996,rain
-2.565059265367599,0.43342993790671935,2.4173821590567974,0.43385578584373874,rain
-4.287519803760628,0.42369952058557375,3.002873855146238,1.9772300913406886,rain
-3.654311148526114,0.1539379801162815,1.8247453261826192,1.458695560185079,rain
-0.7241754620284513,0.46015427841226314,-1.03513860303148,-0.8048953312985967,rain
-0.20287273273116166,-0.050275379438180084,-1.690472845662977,0.1431608100138189,rain
0.050484248813311254,-0.6700436818910472,-1.1679276431633554,-0.14431282629464579,sun
-0.7635828664922861,0.6486454347893275,-1.2635761968202583,-0.44949965532732766,rain
0.12720133316438798,0.2493591570764419,-0.5621386718810408,-0.33398282255160056,fog
-2.176677565213536,0.9117173302403101,-0.5040054102312803,0.7258348426914163,rain
-1.3482193320750602,0.741091595975435,-1.4416266784338467,0.45151108254904854,rain
-0.5697126229005175,0.017276100521082926,-1.7406929286692916,0.464052568655019,rain
-0.14205712706941187,-0.8667595975858184,-0.02003553112787907,-0.6299625900908276,rain
-0.7708386526365025,-0.19631326521330975,0.17830413066526005,-1.2434748603650037,rain
-1.347343769126935,-0.7500916034078727,0.9036071865060666,-0.07240638052275056,rain
-4.2512156298188835,0.024306928563300956,2.50734805168639,2.3804851019550437,rain
-5.448330739487632,-0.4737387878767626,1.6211113582038743,5.190342736021208,rain
-2.256942567413086,-1.433529915418578,0.7555969508654677,2.2938280808379887,rain
-0.21374692694584754,-1.360980262732812,-0.03350267058781556,-0.5463734560035692,rain
-3.3903292476348375,-1.0916050998678555,3.5059819045902176,1.5637194031565544,rain
-0.5316622786135123,-0.7649491520343904,-0.3304586922208925,-0.7781942449496758,rain
-0.502076412960524,-1.0032380567915808,-0.026266352189835546,-0.8024794342677363,rain
0.09592834577898154,-1.6423285367585796,-0.08690633499323655,-0.752766435973844,fog
0.1617896642183474,-1.8240304557545433,0.41139035221944653,-0.9714950249636266,sun
0.3373401577021418,-1.3600818333430598,-0.4789316437138164,-0.28914753318645603,fog
-0.12288040949281405,-1.2841208499193177,-1.7302782880996632,0.7202048598177464,rain
-1.540371279222328,-0.8039187980381074,0.02559902328827788,-0.5056659140296497,rain
-0.21169270295677134,-1.944962377406985,0.8120447557623639,-1.5554749917281596,sun
0.71312010178848,-2.3971414354880456,0.4093927627949172,-0.4804494219574389,sun
1.002923164929002,-2.422587695918495,-0.29407587345058184,0.17659724146270495,sun
0.9644412876468506,-2.2233274979355593,-1.678071920200435,0.9016541507432467,sun
-0.4873791923783993,-1.2470765673762625,-2.5956106221041537,0.07028862960347368,fog
0.7224058737328429,-2.496469796627332,-1.3698730790468878,0.611709031322398,rain
-1.3822465613677222,-0.7844575244152979,0.0022929746947674603,0.9691730460689445,rain
-0.6176353005679427,-0.7933834280424933,0.549281830379354,-1.0817277854580605,rain
-1.297743523771342,-0.5277458993800929,1.853482279325641,0.19589377593678858,rain
-0.9486103500482189,-0.14799124461668592,0.1835654864437591,-1.285490612286284,rain
-2.297923318852749,-0.12334534287313172,0.20940831956656386,0.9214589390180202,rain
-1.6829789915720705,-0.338732274460434,1.4496308289139375,-0.32785733942258366,rain
-3.595818178901127,0.45022991145898283,0.24385305251618844,2.6981356800490808,rain
-5.7417335498629685,-0.2726202918020914,3.3931125338168147,5.735324204085936,rain
-2.2318560028534598,-0.1294543029992235,1.6253201018768344,-0.345502868316885,rain
-1.6899008010662822,-0.7820457997146661,2.2710877783797634,-1.2714309430366988,rain
-0.45422679098531493,-0.2907714732487896,-1.0013875426194503,-0.616012466968235,rain
-2.646708846066043,-0.3800572936536936,1.0510765957642192,0.19034603068774536,rain
-1.709723640460768,0.0430490561290025,0.5725278106522363,-2.393629709343807,rain
-0.03398591638728668,-0.860073150668128,-1.6207375678424039,0.006036148118877959,sun
-0.4264874799569407,-1.1086607540526996,-0.9580911936430466,-0.36177491896584985,rain
-1.111413324431916,-0.3683666243295254,-1.487678686781742,-0.14324980052863406,rain
-3.3505078278945577,-0.7999261462744381,1.3588330848960002,0.8068311261470142,rain
-2.5350114569872426,-0.7588267082359242,0.9732926933169109,0.9549753407630479,rain
-0.4473445931559208,-0.8840988339391905,-0.24864905136474139,-1.1346529552188973,fog
-1.6463411296160309,-0.6737482753965794,1.210105405626735,-1.957378275580886,rain
-3.6834345297514304,-0.8578746484245142,0.525033007219179,2.3707669035342,rain
-1.098244381240224,-0.9967664215881079,0.3833791853694897,-0.9291881740447745,rain
-2.1990035289067347,-1.0019279588934302,1.5613713123746904,-2.239352661323599,rain
-1.205607481497622,-0.783098325573007,-0.3674689081001771,-1.1505578750176018,rain
-1.346919155590069,-0.3400103814735203,-1.9730204822948103,0.4593633133228759,rain
-0.526464640805913,-1.1065190423006936,-1.474180817192942,-0.5637027847276811,sun
-1.7878521143428026,-0.6651877511338155,-1.0805769354857477,0.2490848224032151,rain
-0.8008847331092893,-0.43778177860418926,-2.2048989725118457,-0.0008739663271416189,rain
-0.011833947378681537,-1.2925851832349524,-1.0689784544482808,-0.3010819083268559,fog
-0.09721486032881484,-1.7498071528818493,-0.671060985579717,-0.6301123974696757,sun
0.1577285925914108,-2.150294649760007,-0.5020819508102324,-0.5043318564887894,sun
