97,97,97,97,97,97,97,97,97,97,97,97,97,97,97,97,97,97,97,97,97,97,97,97,97,97,97,97,97,97,97,97,97,97,97,97,97,97,97,97,97,97,97,97,97,97,97,97,97,97,97,97,97,97,97,97,97,97,97,97,97,97,97,97,97,97,97,97,97,97,97,97,97,97,97,97,97,97,97,97,97,97,97,97,97,97,97,97,97,97,97,97,97,138,152,152,152,152,152,152,152,152,152,152,152,152,152,138,97,97,97,97,97,97,97,97,97,97,97,97,97,97,97,97,97,97,97,97,97,97,97,97,97,97,97,97,97,97,97,97,97,97,97,97,97,97,97,97,97,97,97,97,97,97,97,97,97,97,97,97,97,97,97,97,97,97,97,97,97,97,97,97,97,97,97,97,97,97,97,97,97,97,97,97,97,97,97,97,97,97,97,97,97,97,97,97,97,97,97,97
97,97,97,97,97,97,97,97,97,97,97,97,97,97,97,97,97,97,97,97,97,97,97,97,97,97,97,97,97,97,97,97,97,97,97,97,97,97,97,97,97,97,97,97,97,97,97,97,97,97,97,97,97,97,97,97,97,97,97,97,97,97,97,97,97,97,97,97,97,97,97,97,97,97,97,97,97,97,97,97,97,97,97,111,142,151,151,152,152,153,152,156,154,157,158,157,155,155,157,158,158,155,155,158,155,158,158,156,154,154,152,152,152,151,151,152,111,111,97,97,97,97,97,97,97,97,97,97,97,97,97,97,97,97,97,97,97,97,97,97,97,97,97,97,97,97,97,97,97,97,97,97,97,97,97,97,97,97,97,97,97,97,97,97,97,97,97,97,97,97,97,97,97,97,97,97,97,97,97,97,97,97,97,97,97,97,97,97,97,97,97,97,97,97,97,97,97,97,97,97
97,97,97,97,97,97,97,97,97,97,97,97,97,97,97,97,97,97,97,97,97,97,97,97,97,97,97,97,97,97,97,97,97,97,97,97,97,97,97,97,97,97,97,97,97,97,97,97,97,97,97,97,97,97,97,97,97,97,97,97,97,97,97,97,97,97,97,97,97,97,97,97,97,97,97,97,97,97,97,152,152,152,152,155,157,157,157,158,157,158,158,160,163,160,160,161,163,160,161,161,165,161,165,161,166,164,164,160,163,158,158,158,158,158,157,157,155,152,152,152,151,129,97,97,97,97,97,97,97,97,97,97,97,97,97,97,97,97,97,97,97,97,97,97,97,97,97,97,97,97,97,97,97,97,97,97,97,97,97,97,97,97,97,97,97,97,97,97,97,97,97,97,97,97,97,97,97,97,97,97,97,97,97,97,97,97,97,97,97,97,97,97,97,97,97,97,97,97,97,97
97,97,97,97,97,97,97,97,97,97,97,97,97,97,97,97,97,97,97,97,97,97,97,97,97,97,97,97,97,97,97,97,97,97,97,97,97,97,97,97,97,97,97,97,97,97,97,97,97,97,97,97,97,97,97,97,97,97,97,97,97,97,97,97,97,97,97,97,97,97,97,97,97,97,111,152,152,152,154,155,155,158,158,159,160,161,162,165,166,166,166,166,166,166,166,166,166,168,168,168,167,167,166,166,166,166,166,166,166,166,166,166,166,165,166,163,159,158,158,158,156,154,152,152,151,111,101,97,97,97,97,97,97,97,97,97,97,97,97,97,97,97,97,97,97,97,97,97,97,97,97,97,97,97,97,97,97,97,97,97,97,97,97,97,97,97,97,97,97,97,97,97,97,97,97,97,97,97,97,97,97,97,97,97,97,97,97,97,97,97,97,97,97,97,97,97,97,97,97,97
97,97,97,97,97,97,97,97,97,97,97,97,97,97,97,97,97,97,97,97,97,97,97,97,97,97,97,97,97,97,97,97,97,97,97,97,97,97,97,97,97,97,97,97,97,97,97,97,97,97,97,97,97,97,97,97,97,97,97,97,97,97,97,97,97,97,97,97,97,97,97,138,152,152,155,156,158,158,158,163,163,165,165,166,166,166,166,171,169,168,174,172,171,173,173,173,173,173,170,173,173,174,174,173,174,171,170,173,171,171,169,169,168,166,166,166,166,166,166,162,163,158,158,157,156,155,152,152,151,139,97,97,97,97,97,97,97,97,97,97,97,97,97,97,97,97,97,97,97,97,97,97,97,97,97,97,97,97,97,97,97,97,97,97,97,97,97,97,97,97,97,97,97,97,97,97,97,97,97,97,97,97,97,97,97,97,97,97,97,97,97,97,97,97,97,97,97,97,97,97
97,97,97,97,97,97,97,97,97,97,97,97,97,97,97,97,97,97,97,97,97,97,97,97,97,97,97,97,97,97,97,97,97,97,97,97,97,97,97,97,97,97,97,97,97,97,97,97,97,97,97,97,97,97,97,97,97,97,97,97,97,97,97,97,97,97,97,97,153,152,153,154,157,158,158,161,165,166,166,166,166,168,171,168,173,173,174,170,170,170,174,174,174,174,174,174,174,174,174,174,174,174,174,174,174,174,174,174,174,174,174,174,173,174,170,173,170,174,171,167,166,166,166,161,161,160,158,158,154,153,152,151,121,97,97,97,97,97,97,97,97,97,97,97,97,97,97,97,97,97,97,97,97,97,97,97,97,97,97,97,97,97,97,97,97,97,97,97,97,97,97,97,97,97,97,97,97,97,97,97,97,97,97,97,97,97,97,97,97,97,97,97,97,97,97,97,97,97,97,97
97,97,97,97,97,97,97,97,97,97,97,97,97,97,97,97,97,97,97,97,97,97,97,97,97,97,97,97,97,97,97,97,97,97,97,97,97,97,97,97,97,97,97,97,97,97,97,97,97,97,97,97,97,97,97,97,97,97,97,97,97,97,97,97,97,138,152,152,153,155,158,158,164,166,166,166,166,171,169,174,174,173,174,174,174,174,174,174,174,174,178,178,174,175,178,179,175,178,178,178,178,177,178,178,177,176,178,178,174,178,175,178,174,174,174,174,174,174,173,173,173,169,172,171,166,165,166,163,163,158,157,153,152,152,151,129,97,97,97,97,97,97,97,97,97,97,97,97,97,97,97,97,97,97,97,97,97,97,97,97,97,97,97,97,97,97,97,97,97,97,97,97,97,97,97,97,97,97,97,97,97,97,97,97,97,97,97,97,97,97,97,97,97,97,97,97,97,97,97,97
97,97,97,97,97,97,97,97,97,97,97,97,97,97,97,97,97,97,97,97,97,97,97,97,97,97,97,97,97,97,97,97,97,97,97,97,97,97,97,97,97,97,97,97,97,97,97,97,97,97,97,97,97,97,97,97,97,97,97,97,97,97,108,151,152,153,155,158,160,163,166,166,166,168,168,174,174,174,174,174,174,174,175,174,177,179,178,178,180,177,181,177,180,180,180,181,181,181,177,181,177,181,181,177,181,181,181,181,180,177,177,181,179,180,178,175,178,175,175,174,174,174,174,174,173,173,169,168,166,166,166,159,158,158,154,152,152,152,97,97,97,97,97,97,97,97,97,97,97,97,97,97,97,97,97,97,97,97,97,97,97,97,97,97,97,97,97,97,97,97,97,97,97,97,97,97,97,97,97,97,97,97,97,97,97,97,97,97,97,97,97,97,97,97,97,97,97,97,97,97
97,97,97,97,97,97,97,97,97,97,97,97,97,97,97,97,97,97,97,97,97,97,97,97,97,97,97,97,97,97,97,97,97,97,97,97,97,97,97,97,97,97,97,97,97,97,97,97,97,97,97,97,97,97,97,97,97,97,97,97,138,152,153,157,158,163,161,166,166,166,169,169,170,174,170,174,174,174,174,178,178,181,176,178,177,180,181,181,181,181,181,181,181,181,181,181,181,183,183,183,183,181,181,181,181,181,181,181,181,181,181,181,181,181,181,180,180,181,178,178,177,175,175,174,174,174,174,170,173,168,168,166,166,166,160,158,158,155,152,152,97,97,97,97,97,97,97,97,97,97,97,97,97,97,97,97,97,97,97,97,97,97,97,97,97,97,97,97,97,97,97,97,97,97,97,97,97,97,97,97,97,97,97,97,97,97,97,97,97,97,97,97,97,97,97,97,97,97,97,97
97,97,97,97,97,97,97,97,97,97,97,97,97,97,97,97,97,97,97,97,97,97,97,97,97,97,97,97,97,97,97,97,97,97,97,97,97,97,97,97,97,97,97,97,97,97,97,97,97,97,97,97,97,97,97,97,97,101,151,152,156,158,158,161,166,166,168,172,172,174,174,174,174,174,174,179,178,177,180,177,177,177,181,181,181,181,182,184,183,184,183,183,187,187,185,184,183,183,188,188,188,189,188,184,184,183,187,187,183,183,186,182,183,183,182,181,181,181,181,181,181,180,180,178,178,175,174,174,174,174,174,170,170,168,166,166,162,159,158,155,152,151,111,97,97,97,97,97,97,97,97,97,97,97,97,97,97,97,97,97,97,97,97,97,97,97,97,97,97,97,97,97,97,97,97,97,97,97,97,97,97,97,97,97,97,97,97,97,97,97,97,97,97,97,97,97,97,97,97,97
97,97,97,97,97,97,97,97,97,97,97,97,97,97,97,97,97,97,97,97,97,97,97,97,97,97,97,97,97,97,97,97,97,97,97,97,97,97,97,97,97,97,97,97,97,97,97,97,97,97,97,97,97,97,97,97,151,152,155,158,158,160,166,166,168,168,173,174,174,174,174,175,178,178,179,180,181,181,181,181,181,183,182,186,184,189,188,184,188,189,189,189,188,189,189,189,189,189,189,189,189,189,189,189,189,189,189,189,189,189,189,186,188,188,186,186,186,186,184,183,181,181,181,181,181,180,178,180,178,175,174,174,174,170,174,169,166,166,165,163,158,157,152,152,139,97,97,97,97,97,97,97,97,97,97,97,97,97,97,97,97,97,97,97,97,97,97,97,97,97,97,97,97,97,97,97,97,97,97,97,97,97,97,97,97,97,97,97,97,97,97,97,97,97,97,97,97,97,97,97
97,97,97,97,97,97,97,97,97,97,97,97,97,97,97,97,97,97,97,97,97,97,97,97,97,97,97,97,97,97,97,97,97,97,97,97,97,97,97,97,97,97,97,97,97,97,97,97,97,97,97,97,97,97,151,152,157,158,160,162,166,166,168,170,170,174,174,174,174,177,180,178,177,180,181,181,181,182,182,186,187,186,188,185,188,189,189,189,189,189,189,189,189,189,189,190,194,190,194,194,191,194,192,190,190,190,190,189,189,189,189,189,189,189,189,188,188,188,185,188,184,184,183,183,181,181,181,181,177,176,178,176,174,174,174,174,173,173,167,166,166,163,158,155,153,152,111,97,97,97,97,97,97,97,97,97,97,97,97,97,97,97,97,97,97,97,97,97,97,97,97,97,97,97,97,97,97,97,97,97,97,97,97,97,97,97,97,97,97,97,97,97,97,97,97,97,97,97,97,97
97,97,97,97,97,97,97,97,97,97,97,97,97,97,97,97,97,97,97,97,97,97,97,97,97,97,97,97,97,97,97,97,97,97,97,97,97,97,97,97,97,97,97,97,97,97,97,97,97,97,97,97,148,152,157,158,163,165,166,166,171,174,174,174,174,175,175,179,178,177,181,181,181,186,183,186,183,186,188,189,189,189,189,189,189,189,194,194,191,191,191,192,195,192,194,194,195,195,197,194,197,192,191,197,196,191,195,195,191,192,194,194,191,194,194,189,189,189,189,189,189,188,185,184,186,182,183,186,181,181,180,181,179,179,175,174,174,174,170,171,168,166,166,163,158,157,152,152,139,97,97,97,97,97,97,97,97,97,97,97,97,97,97,97,97,97,97,97,97,97,97,97,97,97,97,97,97,97,97,97,97,97,97,97,97,97,97,97,97,97,97,97,97,97,97,97,97,97,97,97
97,97,97,97,97,97,97,97,97,97,97,97,97,97,97,97,97,97,97,97,97,97,97,97,97,97,97,97,97,97,97,97,97,97,97,97,97,97,97,97,97,97,97,97,97,97,97,97,97,97,142,152,153,158,160,165,166,167,172,174,174,174,174,178,179,180,180,181,181,181,182,183,183,183,189,188,189,189,189,189,189,194,191,192,192,192,196,197,199,204,206,208,212,212,216,216,216,217,221,221,222,222,222,221,220,217,216,216,216,213,212,208,204,199,197,196,194,191,191,194,190,189,189,189,185,189,188,188,182,182,183,181,181,181,177,177,175,175,174,174,174,173,169,166,162,163,158,156,152,152,101,97,97,97,97,97,97,97,97,97,97,97,97,97,97,97,97,97,97,97,97,97,97,97,97,97,97,97,97,97,97,97,97,97,97,97,97,97,97,97,97,97,97,97,97,97,97,97,97,97
97,97,97,97,97,97,97,97,97,97,97,97,97,97,97,97,97,97,97,97,97,97,97,97,97,97,97,97,97,97,97,97,97,97,97,97,97,97,97,97,97,97,97,97,97,97,97,97,97,152,152,157,158,161,165,168,171,173,174,174,174,178,177,177,180,181,181,181,184,187,183,189,188,189,189,189,189,190,191,192,194,196,202,204,210,214,219,219,224,226,228,229,232,233,233,233,233,234,236,237,237,237,237,236,236,235,233,233,232,232,232,228,226,224,219,214,210,205,202,197,194,191,194,189,189,189,189,188,189,189,185,183,186,181,181,181,177,176,177,175,174,174,174,173,171,166,166,158,158,152,152,148,97,97,97,97,97,97,97,97,97,97,97,97,97,97,97,97,97,97,97,97,97,97,97,97,97,97,97,97,97,97,97,97,97,97,97,97,97,97,97,97,97,97,97,97,97,97,97,97
97,97,97,97,97,97,97,97,97,97,97,97,97,97,97,97,97,97,97,97,97,97,97,97,97,97,97,97,97,97,97,97,97,97,97,97,97,97,97,97,97,97,97,97,97,97,97,152,152,158,158,165,166,166,168,174,174,174,174,178,179,177,181,181,181,183,186,187,189,189,189,189,189,190,194,195,196,199,204,210,216,221,225,226,230,233,234,235,237,237,237,237,238,238,237,238,237,237,240,237,237,237,237,238,238,238,240,240,238,237,237,237,237,237,235,233,230,228,222,216,212,205,200,193,194,192,194,189,189,189,189,189,188,187,183,182,181,181,181,181,179,175,174,174,174,170,169,166,162,158,155,152,152,142,97,97,97,97,97,97,97,97,97,97,97,97,97,97,97,97,97,97,97,97,97,97,97,97,97,97,97,97,97,97,97,97,97,97,97,97,97,97,97,97,97,97,97,97,97,97
97,97,97,97,97,97,97,97,97,97,97,97,97,97,97,97,97,97,97,97,97,97,97,97,97,97,97,97,97,97,97,97,97,97,97,97,97,97,97,97,97,97,97,97,97,107,152,154,158,164,166,166,171,168,174,174,174,175,178,177,180,181,181,182,187,183,185,189,189,189,194,191,192,197,202,207,214,220,225,228,232,236,237,237,237,237,237,240,238,237,238,237,237,240,237,237,238,237,237,238,237,237,237,237,237,237,237,238,237,237,238,237,237,237,238,237,237,237,236,233,230,227,224,214,209,202,196,191,191,190,189,189,189,189,185,185,187,183,181,181,181,177,177,178,174,174,174,169,168,166,162,158,157,152,151,97,97,97,97,97,97,97,97,97,97,97,97,97,97,97,97,97,97,97,97,97,97,97,97,97,97,97,97,97,97,97,97,97,97,97,97,97,97,97,97,97,97,97,97,97
97,97,97,97,97,97,97,97,97,97,97,97,97,97,97,97,97,97,97,97,97,97,97,97,97,97,97,97,97,97,97,97,97,97,97,97,97,97,97,97,97,97,97,97,151,152,158,159,165,166,171,170,174,174,174,176,181,181,181,181,181,182,184,188,188,189,189,189,191,194,196,204,211,217,224,229,232,234,237,237,237,237,237,237,237,237,237,237,237,237,237,237,237,237,237,237,237,237,237,237,237,237,237,237,237,237,237,237,237,237,238,240,237,237,237,237,237,237,237,237,237,237,235,233,229,225,217,211,204,196,192,192,191,189,189,189,189,185,186,186,181,181,181,180,177,174,174,174,170,169,166,165,160,158,153,152,121,97,97,97,97,97,97,97,97,97,97,97,97,97,97,97,97,97,97,97,97,97,97,97,97,97,97,97,97,97,97,97,97,97,97,97,97,97,97,97,97,97,97,97
97,97,97,97,97,97,97,97,97,97,97,97,97,97,97,97,97,97,97,97,97,97,97,97,97,97,97,97,97,97,97,97,97,97,97,97,97,97,97,97,97,97,129,152,153,158,163,166,166,169,174,174,174,174,179,177,181,181,181,183,184,189,188,189,189,194,194,196,200,209,218,224,228,232,234,237,237,237,237,237,237,237,237,237,237,237,237,237,237,237,237,237,237,237,237,237,237,237,237,237,237,237,237,237,237,237,237,237,237,237,237,237,237,237,237,237,237,237,237,237,237,237,237,237,237,236,232,228,224,215,207,200,197,195,191,189,189,189,188,186,183,184,181,181,181,180,177,178,174,174,173,168,166,163,158,156,152,152,97,97,97,97,97,97,97,97,97,97,97,97,97,97,97,97,97,97,97,97,97,97,97,97,97,97,97,97,97,97,97,97,97,97,97,97,97,97,97,97,97,97
97,97,97,97,97,97,97,97,97,97,97,97,97,97,97,97,97,97,97,97,97,97,97,97,97,97,97,97,97,97,97,97,97,97,97,97,97,97,97,97,97,152,152,155,158,165,166,168,173,170,174,175,178,177,181,181,181,182,186,188,188,189,189,191,192,193,205,213,221,227,232,235,237,237,237,237,237,237,237,237,237,237,237,237,237,237,237,237,237,237,237,237,237,237,237,237,237,237,237,237,237,237,237,237,237,237,237,237,237,237,237,237,237,237,237,237,237,237,237,237,237,237,237,237,237,237,237,237,235,232,227,221,213,204,197,195,190,190,189,189,188,188,184,187,181,181,181,181,174,174,174,173,173,166,166,159,158,152,152,107,97,97,97,97,97,97,97,97,97,97,97,97,97,97,97,97,97,97,97,97,97,97,97,97,97,97,97,97,97,97,97,97,97,97,97,97,97,97,97,97
97,97,97,97,97,97,97,97,97,97,97,97,97,97,97,97,97,97,97,97,97,97,97,97,97,97,97,97,97,97,97,97,97,97,97,97,97,97,97,97,152,153,158,163,166,166,168,170,174,174,178,177,180,181,181,183,187,186,188,189,189,190,191,196,206,215,224,229,233,237,237,237,237,237,237,237,237,237,237,237,237,237,237,237,237,237,237,237,237,237,237,237,237,237,237,237,237,237,237,237,237,237,237,237,237,237,237,237,237,237,237,237,237,237,237,237,237,237,237,237,237,237,237,237,237,237,237,237,236,236,236,233,228,224,215,206,197,196,192,191,189,189,189,184,187,184,181,181,181,178,175,174,174,173,171,166,164,158,153,152,141,97,97,97,97,97,97,97,97,97,97,97,97,97,97,97,97,97,97,97,97,97,97,97,97,97,97,97,97,97,97,97,97,97,97,97,97,97,97,97
97,97,97,97,97,97,97,97,97,97,97,97,97,97,97,97,97,97,97,97,97,97,97,97,97,97,97,97,97,97,97,97,97,97,97,97,97,97,107,152,158,158,166,166,168,174,174,174,175,178,180,181,181,183,183,188,189,189,189,194,195,199,207,216,226,230,233,236,235,236,235,236,236,236,236,236,236,235,237,237,236,236,237,237,236,236,237,237,236,236,237,237,236,236,237,237,236,236,237,237,236,236,237,237,236,236,237,237,236,236,237,237,236,236,237,237,236,236,237,237,236,236,237,237,235,235,236,235,236,236,237,236,235,234,230,226,216,207,199,195,191,194,189,189,188,185,186,182,181,181,180,180,175,174,174,170,166,165,159,155,152,151,97,97,97,97,97,97,97,97,97,97,97,97,97,97,97,97,97,97,97,97,97,97,97,97,97,97,97,97,97,97,97,97,97,97,97,97,97,97
97,97,97,97,97,97,97,97,97,97,97,97,97,97,97,97,97,97,97,97,97,97,97,97,97,97,97,97,97,97,97,97,97,97,97,97,97,142,152,155,158,162,166,169,173,174,174,175,178,181,181,183,183,184,189,189,189,194,190,196,206,216,225,230,235,236,236,237,237,235,236,235,237,236,235,236,236,237,237,236,236,236,237,235,235,236,236,237,237,236,235,236,236,235,237,236,236,236,237,235,235,236,236,237,237,236,235,236,236,235,237,236,236,236,237,235,235,236,236,237,237,236,237,236,237,237,235,237,237,236,236,236,236,235,234,233,230,225,216,206,196,194,195,194,189,189,189,186,186,181,181,181,180,174,174,174,173,166,166,160,157,152,152,97,97,97,97,97,97,97,97,97,97,97,97,97,97,97,97,97,97,97,97,97,97,97,97,97,97,97,97,97,97,97,97,97,97,97,97,97
97,97,97,97,97,97,97,97,97,97,97,97,97,97,97,97,97,97,97,97,97,97,97,97,97,97,97,97,97,97,97,97,97,97,97,97,151,152,158,162,166,168,173,174,174,175,178,177,181,181,184,184,188,189,189,191,195,193,204,216,224,229,233,236,235,234,236,236,234,236,234,234,236,236,234,234,236,236,235,235,235,234,236,236,234,235,236,236,234,235,235,235,235,234,236,236,235,234,236,236,234,235,236,236,234,235,235,235,235,234,236,236,235,234,236,236,234,235,236,236,234,234,235,236,236,235,235,235,235,234,236,236,234,234,236,236,234,233,229,225,216,207,197,191,194,189,189,189,185,184,186,181,181,180,177,174,174,173,171,166,162,158,154,152,121,97,97,97,97,97,97,97,97,97,97,97,97,97,97,97,97,97,97,97,97,97,97,97,97,97,97,97,97,97,97,97,97,97,97,97
97,97,97,97,97,97,97,97,97,97,97,97,97,97,97,97,97,97,97,97,97,97,97,97,97,97,97,97,97,97,97,97,97,97,97,152,153,158,163,166,168,174,174,174,175,179,181,181,181,183,187,189,189,189,192,192,202,211,223,228,233,235,235,234,233,234,235,234,235,234,235,234,235,234,235,233,236,234,233,235,235,234,235,234,234,235,235,233,235,236,233,235,235,234,234,236,235,234,236,234,233,235,235,234,235,235,233,234,235,234,234,236,234,234,235,234,234,235,235,233,233,236,236,234,235,234,235,234,235,234,236,233,233,236,233,235,235,233,233,233,228,223,214,203,196,195,191,189,189,185,188,187,181,181,181,176,178,174,174,169,166,166,158,156,152,127,97,97,97,97,97,97,97,97,97,97,97,97,97,97,97,97,97,97,97,97,97,97,97,97,97,97,97,97,97,97,97,97,97,97
97,97,97,97,97,97,97,97,97,97,97,97,97,97,97,97,97,97,97,97,97,97,97,97,97,97,97,97,97,97,97,97,97,101,152,157,158,162,166,171,173,174,174,177,180,181,181,186,186,188,189,189,194,191,196,209,219,227,232,233,233,233,233,233,234,233,233,233,233,233,233,233,233,233,233,235,233,233,233,233,233,233,233,233,233,233,233,235,233,233,233,233,233,233,235,233,233,233,233,233,233,234,233,234,233,233,233,233,233,233,234,233,234,233,233,233,233,233,233,233,233,235,234,233,233,233,233,233,233,233,233,233,233,233,233,234,233,233,233,233,233,232,227,221,209,199,191,194,191,189,189,188,183,183,181,181,177,175,174,174,170,168,166,160,157,152,152,97,97,97,97,97,97,97,97,97,97,97,97,97,97,97,97,97,97,97,97,97,97,97,97,97,97,97,97,97,97,97,97,97
97,97,97,97,97,97,97,97,97,97,97,97,97,97,97,97,97,97,97,97,97,97,97,97,97,97,97,97,97,97,97,97,97,152,154,158,163,166,169,173,174,178,176,177,181,181,183,189,189,189,189,194,195,202,213,224,229,233,233,233,233,233,233,233,233,233,233,233,233,233,233,233,233,233,233,233,233,233,233,233,233,233,233,233,233,233,233,233,233,233,233,233,233,233,233,233,233,233,233,233,233,233,233,233,233,233,233,233,233,233,233,233,233,233,233,233,233,233,233,233,233,233,233,233,233,233,233,233,233,233,233,233,233,233,233,233,233,233,233,233,233,233,233,229,224,215,206,197,192,190,189,189,188,186,186,181,181,181,178,178,174,174,172,166,160,157,152,152,97,97,97,97,97,97,97,97,97,97,97,97,97,97,97,97,97,97,97,97,97,97,97,97,97,97,97,97,97,97,97,97
97,97,97,97,97,97,97,97,97,97,97,97,97,97,97,97,97,97,97,97,97,97,97,97,97,97,97,97,97,97,97,111,152,157,158,162,166,171,174,174,177,178,177,181,183,187,185,189,189,192,190,193,207,217,226,231,231,233,233,233,233,233,233,233,233,233,233,233,233,233,233,233,233,233,233,233,233,233,233,233,233,233,233,233,233,233,233,233,233,233,233,233,233,233,233,233,233,233,233,233,233,233,233,233,233,233,233,233,233,233,233,233,233,233,233,233,233,233,233,233,233,233,233,233,233,233,233,233,233,233,233,233,233,233,233,233,233,233,233,233,233,233,233,233,233,228,220,211,200,196,194,191,189,189,185,184,182,181,180,179,174,174,174,171,166,163,158,152,151,97,97,97,97,97,97,97,97,97,97,97,97,97,97,97,97,97,97,97,97,97,97,97,97,97,97,97,97,97,97,97
97,97,97,97,97,97,97,97,97,97,97,97,97,97,97,97,97,97,97,97,97,97,97,97,97,97,97,97,97,97,129,152,158,160,166,168,169,174,174,178,177,180,181,183,183,188,189,189,194,192,200,211,220,228,232,231,232,232,232,231,232,232,231,231,232,232,231,231,232,232,231,231,232,232,231,231,232,232,231,231,232,232,231,231,232,232,231,231,232,232,231,231,232,232,231,231,232,232,231,231,232,232,231,231,232,232,231,231,232,232,231,231,232,232,231,231,232,232,231,231,232,232,231,231,232,232,231,231,232,232,231,231,232,232,231,231,232,232,231,231,232,233,232,232,231,231,229,225,214,205,193,195,191,189,189,188,189,186,181,181,177,177,174,174,169,166,163,157,152,152,97,97,97,97,97,97,97,97,97,97,97,97,97,97,97,97,97,97,97,97,97,97,97,97,97,97,97,97,97,97
97,97,97,97,97,97,97,97,97,97,97,97,97,97,97,97,97,97,97,97,97,97,97,97,97,97,97,97,97,121,152,158,163,166,166,174,174,174,178,180,181,181,186,186,189,189,189,194,192,203,214,222,229,231,231,231,232,232,231,231,232,232,231,231,232,232,231,231,232,232,231,231,232,232,231,231,232,232,231,231,232,232,231,231,232,232,231,231,232,232,231,231,232,232,231,231,232,232,231,231,232,232,231,231,232,232,231,231,232,232,231,231,232,232,231,231,232,232,231,231,232,232,231,231,232,232,231,231,232,232,231,231,232,232,231,231,232,232,231,231,232,232,231,231,232,231,232,230,226,219,208,197,196,195,190,189,185,186,183,181,181,180,178,174,174,169,166,163,155,152,152,97,97,97,97,97,97,97,97,97,97,97,97,97,97,97,97,97,97,97,97,97,97,97,97,97,97,97,97,97
97,97,97,97,97,97,97,97,97,97,97,97,97,97,97,97,97,97,97,97,97,97,97,97,97,97,97,97,129,152,158,163,166,168,173,174,178,175,181,181,181,183,184,188,189,190,195,193,205,216,225,229,231,231,231,231,231,231,232,232,231,231,232,232,231,231,232,232,231,231,232,232,231,231,232,232,231,231,232,232,231,231,232,232,231,231,232,232,231,231,232,232,231,231,232,232,231,231,232,232,231,231,232,232,231,231,232,232,231,231,232,232,231,231,232,232,231,231,232,232,231,231,232,232,231,231,232,232,231,231,232,232,231,231,232,232,231,231,232,232,231,231,232,232,231,232,231,231,229,227,220,211,198,196,195,194,189,188,188,186,181,181,177,178,174,174,169,166,163,158,152,152,97,97,97,97,97,97,97,97,97,97,97,97,97,97,97,97,97,97,97,97,97,97,97,97,97,97,97,97
97,97,97,97,97,97,97,97,97,97,97,97,97,97,97,97,97,97,97,97,97,97,97,97,97,97,97,111,152,155,159,166,167,170,174,175,178,177,181,182,186,185,189,189,191,191,196,207,219,225,229,231,231,229,229,230,229,231,230,230,230,230,230,230,230,230,230,230,230,230,230,230,230,230,230,230,230,230,230,230,230,230,230,230,230,230,230,230,230,230,230,230,230,230,230,230,230,230,230,230,230,230,230,230,230,230,230,230,230,230,230,230,230,230,230,230,230,230,230,230,230,230,230,230,230,230,230,230,230,230,230,230,230,230,230,230,230,230,230,230,230,230,230,230,230,231,230,230,229,231,229,224,213,203,196,192,190,189,189,189,183,181,181,177,178,174,170,173,166,160,158,152,151,97,97,97,97,97,97,97,97,97,97,97,97,97,97,97,97,97,97,97,97,97,97,97,97,97,97,97
97,97,97,97,97,97,97,97,97,97,97,97,97,97,97,97,97,97,97,97,97,97,97,97,97,97,97,152,158,159,166,168,174,174,174,176,180,181,181,187,185,189,189,192,194,197,209,219,225,229,231,229,231,229,229,229,229,231,229,230,229,229,230,230,229,229,230,230,229,229,230,230,229,229,230,230,229,229,230,230,229,229,230,230,229,229,230,230,229,229,230,230,229,229,230,230,229,229,230,230,229,229,230,230,229,229,230,230,229,229,230,230,229,229,230,230,229,229,230,230,229,229,230,230,229,229,230,230,229,229,230,230,229,229,230,230,229,229,230,230,229,229,230,230,229,229,231,229,229,230,230,229,224,215,204,196,192,195,189,189,185,183,181,181,180,177,174,174,168,166,163,157,152,152,97,97,97,97,97,97,97,97,97,97,97,97,97,97,97,97,97,97,97,97,97,97,97,97,97,97
97,97,97,97,97,97,97,97,97,97,97,97,97,97,97,97,97,97,97,97,97,97,97,97,97,101,152,155,160,166,166,174,174,175,177,181,181,183,183,188,189,189,191,192,197,209,219,225,229,229,229,229,229,229,229,229,229,229,229,229,229,229,229,229,229,229,229,229,229,229,229,229,229,229,229,229,229,229,229,229,229,229,229,229,229,229,229,229,229,229,229,229,229,229,229,229,229,229,229,229,229,229,229,229,229,229,229,229,229,229,229,229,229,229,229,229,229,229,229,229,229,229,229,229,229,229,229,229,229,229,229,229,229,229,229,229,229,229,229,229,229,229,229,229,229,229,229,229,229,229,229,229,229,225,217,206,197,194,191,189,189,188,185,181,181,177,178,174,174,169,166,163,155,152,152,97,97,97,97,97,97,97,97,97,97,97,97,97,97,97,97,97,97,97,97,97,97,97,97,97
97,97,97,97,97,97,97,97,97,97,97,97,97,97,97,97,97,97,97,97,97,97,97,97,97,152,154,160,165,168,169,174,178,176,181,181,183,183,185,189,189,190,197,198,209,219,225,228,227,229,229,229,229,229,229,229,229,229,229,229,229,229,229,229,229,229,229,229,229,229,229,229,229,229,229,229,229,229,229,229,229,229,229,229,229,229,229,229,229,229,229,229,229,229,229,229,229,229,229,229,229,229,229,229,229,229,229,229,229,229,229,229,229,229,229,229,229,229,229,229,229,229,229,229,229,229,229,229,229,229,229,229,229,229,229,229,229,229,229,229,229,229,229,229,229,229,229,229,229,229,229,229,229,228,225,218,206,197,196,190,191,189,188,186,186,181,181,177,174,174,169,166,163,157,152,148,97,97,97,97,97,97,97,97,97,97,97,97,97,97,97,97,97,97,97,97,97,97,97,97
97,97,97,97,97,97,97,97,97,97,97,97,97,97,97,97,97,97,97,97,97,97,97,97,152,156,158,166,168,174,174,175,180,181,181,182,183,188,189,191,194,197,198,209,220,226,227,228,229,228,228,228,229,229,228,228,229,229,228,228,229,229,228,228,229,229,228,228,229,229,228,228,229,229,228,228,229,229,228,228,229,229,228,228,229,229,228,228,229,229,228,228,229,229,228,228,229,229,228,228,229,229,228,228,229,229,228,228,229,229,228,228,229,229,228,228,229,229,228,228,229,229,228,228,229,229,228,228,229,229,228,228,229,229,228,228,229,229,228,228,229,229,228,228,229,229,228,228,229,229,228,229,229,229,228,225,217,206,197,193,192,189,189,188,187,186,181,181,179,174,174,169,166,163,155,152,121,97,97,97,97,97,97,97,97,97,97,97,97,97,97,97,97,97,97,97,97,97,97,97
97,97,97,97,97,97,97,97,97,97,97,97,97,97,97,97,97,97,97,97,97,97,97,151,155,158,166,166,173,174,174,177,181,181,183,182,189,189,194,194,197,197,209,219,225,228,228,228,227,228,228,228,226,227,228,228,226,227,228,228,226,227,228,228,226,227,228,228,226,227,228,228,226,227,228,228,226,227,228,228,226,227,228,228,226,227,228,228,226,227,228,228,226,227,228,228,226,227,228,228,226,227,228,228,226,227,228,228,226,227,228,228,226,227,228,228,226,227,228,228,226,227,228,228,226,227,228,228,226,227,228,228,226,227,228,228,226,227,228,228,226,227,228,228,226,227,228,228,226,227,228,227,226,226,227,228,225,215,206,197,196,191,189,189,185,186,182,181,180,179,174,174,167,166,158,155,152,97,97,97,97,97,97,97,97,97,97,97,97,97,97,97,97,97,97,97,97,97,97,97
97,97,97,97,97,97,97,97,97,97,97,97,97,97,97,97,97,97,97,97,97,97,141,152,158,165,166,174,174,174,174,180,181,183,186,188,189,191,191,197,197,207,219,225,228,226,228,228,227,227,228,228,227,227,228,228,227,227,228,228,227,227,228,228,227,227,228,228,227,227,228,228,227,227,228,228,227,227,228,228,227,227,228,228,227,227,228,228,227,227,228,228,227,227,228,228,227,227,228,228,227,227,228,228,227,227,228,228,227,227,228,228,227,227,228,228,227,227,228,228,227,227,228,228,227,227,228,228,227,227,228,228,227,227,228,228,227,227,228,228,227,227,228,228,227,227,228,228,227,227,228,228,227,226,228,228,226,224,215,204,197,196,191,191,189,184,184,183,181,177,175,174,174,171,166,158,155,152,101,97,97,97,97,97,97,97,97,97,97,97,97,97,97,97,97,97,97,97,97,97
97,97,97,97,97,97,97,97,97,97,97,97,97,97,97,97,97,97,97,97,97,107,152,158,164,166,168,174,174,178,177,181,181,186,188,189,194,194,197,197,205,216,225,225,227,225,228,227,227,225,227,227,226,227,226,227,226,227,226,227,226,227,226,227,226,227,226,227,226,227,226,227,226,227,226,227,226,227,226,227,226,227,226,227,226,227,226,227,226,227,226,227,226,227,226,227,226,227,226,227,226,227,226,227,226,227,226,227,226,227,226,227,226,227,226,227,226,227,226,227,226,227,226,227,226,227,226,227,226,227,226,227,226,227,226,227,226,227,226,227,226,227,226,227,226,227,226,227,226,227,226,226,225,227,226,227,226,226,224,215,204,197,196,194,191,189,185,186,183,181,180,175,174,173,168,166,158,152,152,97,97,97,97,97,97,97,97,97,97,97,97,97,97,97,97,97,97,97,97,97
97,97,97,97,97,97,97,97,97,97,97,97,97,97,97,97,97,97,97,97,97,152,155,162,166,172,170,174,178,180,181,183,183,185,189,191,194,193,197,203,214,222,225,225,225,225,225,227,225,225,225,225,227,227,226,225,225,225,225,226,227,227,226,225,225,225,225,226,227,227,226,225,225,225,225,226,227,227,226,225,225,225,225,226,227,227,226,225,225,225,225,226,227,227,226,225,225,225,225,226,227,227,226,225,225,225,225,226,227,227,226,225,225,225,225,226,227,227,226,225,225,225,225,226,227,227,226,225,225,225,225,226,227,227,226,225,225,225,225,226,227,227,226,225,225,225,225,226,227,227,226,225,225,226,226,225,226,225,225,220,213,202,197,197,191,189,189,189,183,181,181,178,175,174,173,168,166,158,152,151,97,97,97,97,97,97,97,97,97,97,97,97,97,97,97,97,97,97,97,97
97,97,97,97,97,97,97,97,97,97,97,97,97,97,97,97,97,97,97,97,152,157,158,166,168,174,174,178,180,181,181,184,189,189,189,191,197,197,203,212,220,225,225,225,225,225,225,225,225,225,225,225,225,225,225,225,225,225,225,225,225,225,225,225,225,225,225,225,225,225,225,225,225,225,225,225,225,225,225,225,225,225,225,225,225,225,225,225,225,225,225,225,225,225,225,225,225,225,225,225,225,225,225,225,225,225,225,225,225,225,225,225,225,225,225,225,225,225,225,225,225,225,225,225,225,225,225,225,225,225,225,225,225,225,225,225,225,225,225,225,225,225,225,225,225,225,225,225,225,225,225,225,225,225,225,225,225,225,225,225,220,211,198,197,193,190,189,189,184,184,181,181,180,174,174,170,166,160,157,152,142,97,97,97,97,97,97,97,97,97,97,97,97,97,97,97,97,97,97,97
97,97,97,97,97,97,97,97,97,97,97,97,97,97,97,97,97,97,97,152,153,158,166,166,173,174,175,177,181,181,186,189,189,189,194,197,197,198,210,220,225,225,225,225,225,225,225,225,225,225,225,225,225,225,225,225,225,225,225,225,225,225,225,225,225,225,225,225,225,225,225,225,225,225,225,225,225,225,225,225,225,225,225,225,225,225,225,225,225,225,225,225,225,225,225,225,225,225,225,225,225,225,225,225,225,225,225,225,225,225,225,225,225,225,225,225,225,225,225,225,225,225,225,225,225,225,225,225,225,225,225,225,225,225,225,225,225,225,225,225,225,225,225,225,225,225,225,225,225,225,225,225,225,225,225,225,225,225,225,225,222,219,209,197,197,196,191,189,189,183,186,181,181,178,174,174,168,166,159,154,152,97,97,97,97,97,97,97,97,97,97,97,97,97,97,97,97,97,97,97
97,97,97,97,97,97,97,97,97,97,97,97,97,97,97,97,97,97,129,152,158,163,166,170,174,174,179,181,181,186,189,189,189,195,197,197,197,207,218,222,224,225,222,225,225,222,225,223,225,225,225,222,224,224,224,225,222,225,224,225,224,224,222,225,225,222,225,223,225,225,225,222,224,224,224,225,222,225,224,225,224,224,222,225,225,222,225,223,225,225,225,222,224,224,224,225,222,225,224,225,224,224,222,225,225,222,225,223,225,225,225,222,224,224,224,225,222,225,224,225,224,224,222,225,225,222,225,223,225,225,225,222,224,224,224,225,222,225,224,225,224,224,222,225,225,222,225,223,225,225,225,222,224,224,224,225,222,225,224,224,225,224,216,206,197,197,192,191,189,189,186,183,181,181,179,174,174,171,166,158,153,152,97,97,97,97,97,97,97,97,97,97,97,97,97,97,97,97,97,97
97,97,97,97,97,97,97,97,97,97,97,97,97,97,97,97,97,97,152,158,160,166,168,174,174,175,180,181,186,185,188,189,194,196,197,197,204,215,221,224,225,224,225,222,225,224,225,222,224,224,225,222,223,223,222,225,224,224,222,225,224,224,222,222,224,224,225,222,224,224,225,222,223,223,222,225,224,224,222,225,224,224,222,222,224,224,225,222,224,224,225,222,223,223,222,225,224,224,222,225,224,224,222,222,224,224,225,222,224,224,225,222,223,223,222,225,224,224,222,225,224,224,222,222,224,224,225,222,224,224,225,222,223,223,222,225,224,224,222,225,224,224,222,222,224,224,225,222,224,224,225,222,223,223,222,225,223,225,225,224,224,225,221,214,203,197,197,194,191,189,189,183,186,181,176,175,174,174,166,165,158,152,152,97,97,97,97,97,97,97,97,97,97,97,97,97,97,97,97,97
97,97,97,97,97,97,97,97,97,97,97,97,97,97,97,97,97,151,155,158,166,171,170,174,175,178,181,183,184,188,189,191,194,196,197,202,213,220,224,224,222,225,221,222,224,222,222,221,223,223,224,224,222,223,225,222,222,221,222,225,221,222,222,224,223,222,224,222,224,221,224,222,221,224,223,225,223,223,224,224,223,221,225,223,224,224,222,224,221,223,224,224,222,223,225,222,222,221,222,225,221,222,222,224,223,222,224,222,224,221,224,222,221,224,223,225,223,223,224,224,223,221,225,223,224,224,222,224,221,223,224,224,222,223,225,222,222,221,222,225,221,222,222,224,223,222,224,222,224,221,224,222,221,224,223,225,224,222,224,222,223,222,222,220,212,200,197,196,194,191,189,188,186,186,181,178,174,174,169,166,159,156,152,97,97,97,97,97,97,97,97,97,97,97,97,97,97,97,97,97
97,97,97,97,97,97,97,97,97,97,97,97,97,97,97,97,107,152,158,165,166,169,174,175,177,181,181,187,185,189,189,192,197,197,197,209,219,220,223,220,223,223,222,220,224,221,222,221,221,224,221,220,223,221,222,222,221,222,221,221,221,223,220,222,223,220,223,221,223,222,221,221,223,223,221,223,223,223,223,220,224,223,221,222,222,223,222,223,221,224,221,220,223,221,222,222,221,222,221,221,221,223,220,222,223,220,223,221,223,222,221,221,223,223,221,223,223,223,223,220,224,223,221,222,222,223,222,223,221,224,221,220,223,221,222,222,221,222,221,221,221,223,220,222,223,220,223,221,223,222,221,221,223,223,220,224,221,220,223,222,222,221,220,221,216,208,197,197,196,192,191,189,185,182,181,181,176,174,174,168,166,158,154,152,97,97,97,97,97,97,97,97,97,97,97,97,97,97,97,97
97,97,97,97,97,97,97,97,97,97,97,97,97,97,97,97,152,158,160,166,168,174,174,180,180,181,183,188,189,190,191,196,197,197,205,215,220,221,223,220,220,221,221,220,221,221,221,221,220,222,222,223,221,222,223,221,223,220,221,221,222,220,223,223,223,223,221,220,220,221,221,223,222,223,221,221,221,220,220,222,221,221,222,220,220,221,221,220,223,220,220,221,221,220,220,221,221,223,221,220,220,222,221,221,220,222,221,221,221,220,223,222,223,221,223,220,220,221,221,223,223,223,223,223,221,221,220,222,221,223,222,223,221,222,223,221,223,220,221,221,222,220,223,223,223,223,221,220,220,221,221,223,221,220,223,223,221,221,221,223,221,220,220,220,220,214,204,197,197,197,195,189,189,188,183,181,181,178,174,174,168,165,158,152,141,97,97,97,97,97,97,97,97,97,97,97,97,97,97,97
97,97,97,97,97,97,97,97,97,97,97,97,97,97,97,152,154,159,166,167,170,174,175,177,181,183,188,189,189,194,196,197,197,200,211,220,220,220,220,220,220,220,220,220,220,220,220,220,220,221,220,220,220,220,220,221,223,220,221,220,220,220,221,220,220,223,220,220,220,221,220,221,220,220,221,220,220,220,223,221,220,220,220,220,220,220,220,223,223,220,220,220,220,220,220,220,221,223,220,220,220,220,220,220,220,220,221,220,220,220,221,221,220,220,220,220,220,220,220,221,223,220,220,220,220,220,221,221,220,223,220,220,220,220,220,221,223,220,221,220,220,220,221,220,220,223,220,220,220,221,220,220,220,220,220,220,220,220,220,221,220,220,221,223,220,218,211,198,197,197,196,191,189,188,188,183,181,178,176,174,173,166,166,158,152,108,97,97,97,97,97,97,97,97,97,97,97,97,97,97
97,97,97,97,97,97,97,97,97,97,97,97,97,97,97,152,158,166,166,173,174,174,177,181,181,187,189,189,194,197,197,197,197,206,215,220,220,220,220,220,220,220,220,220,220,220,220,220,220,220,220,220,220,220,220,220,220,220,220,220,220,220,220,220,220,220,220,220,220,220,220,220,220,220,220,220,220,220,220,220,220,220,220,220,220,220,220,220,220,220,220,220,220,220,220,220,220,220,220,220,220,220,220,220,220,220,220,220,220,220,220,220,220,220,220,220,220,220,220,220,220,220,220,220,220,220,220,220,220,220,220,220,220,220,220,220,220,220,220,220,220,220,220,220,220,220,220,220,220,220,220,220,220,220,220,220,220,220,220,220,220,220,220,220,220,220,215,206,197,197,197,191,192,189,189,186,181,181,177,174,174,168,166,158,153,152,97,97,97,97,97,97,97,97,97,97,97,97,97,97
97,97,97,97,97,97,97,97,97,97,97,97,97,97,152,157,164,166,169,174,174,177,181,181,186,188,189,192,195,197,197,197,203,212,217,220,220,220,220,220,220,220,220,220,220,220,220,220,220,220,220,220,220,220,220,220,220,220,220,220,220,220,220,220,220,220,220,220,220,220,220,220,220,220,220,220,220,220,220,220,220,220,220,220,220,220,220,220,220,220,220,220,220,220,220,220,220,220,220,220,220,220,220,220,220,220,220,220,220,220,220,220,220,220,220,220,220,220,220,220,220,220,220,220,220,220,220,220,220,220,220,220,220,220,220,220,220,220,220,220,220,220,220,220,220,220,220,220,220,220,220,220,220,220,220,220,220,220,220,220,220,220,220,220,220,219,219,211,203,197,197,193,191,191,189,188,184,181,181,176,174,173,168,165,158,152,121,97,97,97,97,97,97,97,97,97,97,97,97,97
97,97,97,97,97,97,97,97,97,97,97,97,97,142,152,158,165,167,170,174,175,180,181,186,188,189,189,194,196,197,197,197,207,215,219,217,219,219,220,220,219,219,220,220,219,219,220,220,219,219,220,220,219,219,220,220,219,219,220,220,219,219,220,220,219,219,220,220,219,219,220,220,219,219,220,220,219,219,220,220,219,219,220,220,219,219,220,220,219,219,220,220,219,219,220,220,219,219,220,220,219,219,220,220,219,219,220,220,219,219,220,220,219,219,220,220,219,219,220,220,219,219,220,220,219,219,220,220,219,219,220,220,219,219,220,220,219,219,220,220,219,219,220,220,219,219,220,220,219,219,220,220,219,219,220,220,219,219,220,220,219,219,220,220,219,217,220,215,207,197,197,197,196,191,189,189,183,182,181,180,174,174,173,166,159,155,152,97,97,97,97,97,97,97,97,97,97,97,97,97
97,97,97,97,97,97,97,97,97,97,97,97,97,152,157,163,166,173,174,175,178,181,183,188,189,189,191,196,197,197,197,203,212,217,216,217,219,218,217,217,218,218,217,217,218,218,217,217,218,218,217,217,218,218,217,217,218,218,217,217,218,218,217,217,218,218,217,217,218,218,217,217,218,218,217,217,218,218,217,217,218,218,217,217,218,218,217,217,218,218,217,217,218,218,217,217,218,218,217,217,218,218,217,217,218,218,217,217,218,218,217,217,218,218,217,217,218,218,217,217,218,218,217,217,218,218,217,217,218,218,217,217,218,218,217,217,218,218,217,217,218,218,217,217,218,218,217,217,218,218,217,217,218,218,217,217,218,218,217,217,218,218,217,217,218,219,217,216,211,203,197,197,197,192,194,189,188,187,181,181,177,175,174,171,166,158,152,152,97,97,97,97,97,97,97,97,97,97,97,97
97,97,97,97,97,97,97,97,97,97,97,97,148,153,158,166,168,174,174,181,180,181,184,189,189,194,194,197,197,197,200,208,215,217,216,218,217,218,216,216,218,218,216,216,218,218,216,216,218,218,216,216,218,218,216,216,218,218,216,216,218,218,216,216,218,218,216,216,218,218,216,216,218,218,216,216,218,218,216,216,218,218,216,216,218,218,216,216,218,218,216,216,218,218,216,216,218,218,216,216,218,218,216,216,218,218,216,216,218,218,216,216,218,218,216,216,218,218,216,216,218,218,216,216,218,218,216,216,218,218,216,216,218,218,216,216,218,218,216,216,218,218,216,216,218,218,216,216,218,218,216,216,218,218,216,216,218,218,216,216,218,218,216,216,218,218,217,217,215,207,197,197,197,197,194,194,189,189,182,181,180,175,174,170,166,158,154,152,97,97,97,97,97,97,97,97,97,97,97,97
97,97,97,97,97,97,97,97,97,97,97,97,152,158,163,166,171,174,178,177,180,184,189,189,189,192,196,197,197,197,204,211,215,218,218,216,215,215,218,216,215,215,216,218,215,215,218,216,215,215,216,218,215,215,218,216,215,215,216,218,215,215,218,216,215,215,216,218,215,215,218,216,215,215,216,218,215,215,218,216,215,215,216,218,215,215,218,216,215,215,216,218,215,215,218,216,215,215,216,218,215,215,218,216,215,215,216,218,215,215,218,216,215,215,216,218,215,215,218,216,215,215,216,218,215,215,218,216,215,215,216,218,215,215,218,216,215,215,216,218,215,215,218,216,215,215,216,218,215,215,218,216,215,215,216,218,215,215,218,216,215,215,216,218,216,216,215,215,215,211,203,197,197,197,197,194,189,189,186,183,181,180,175,174,172,165,158,152,151,97,97,97,97,97,97,97,97,97,97,97
97,97,97,97,97,97,97,97,97,97,97,151,153,158,166,168,174,174,176,180,181,187,189,189,194,196,197,197,197,197,207,215,215,215,215,215,215,216,216,215,215,215,215,216,218,216,216,215,215,215,215,216,218,216,216,215,215,215,215,216,218,216,216,215,215,215,215,216,218,216,216,215,215,215,215,216,218,216,216,215,215,215,215,216,218,216,216,215,215,215,215,216,218,216,216,215,215,215,215,216,218,216,216,215,215,215,215,216,218,216,216,215,215,215,215,216,218,216,216,215,215,215,215,216,218,216,216,215,215,215,215,216,218,216,216,215,215,215,215,216,218,216,216,215,215,215,215,216,218,216,216,215,215,215,215,216,218,216,216,215,215,215,216,215,216,216,215,215,215,213,207,197,197,197,197,194,194,189,189,183,181,180,178,174,174,166,165,158,152,97,97,97,97,97,97,97,97,97,97,97
97,97,97,97,97,97,97,97,97,97,97,152,158,165,168,173,174,177,180,181,186,188,189,191,192,197,197,197,197,203,211,215,215,215,215,215,215,215,215,215,215,215,215,215,215,215,215,215,215,215,215,215,215,215,215,215,215,215,215,215,215,215,215,215,215,215,215,215,215,215,215,215,215,215,215,215,215,215,215,215,215,215,215,215,215,215,215,215,215,215,215,215,215,215,215,215,215,215,215,215,215,215,215,215,215,215,215,215,215,215,215,215,215,215,215,215,215,215,215,215,215,215,215,215,215,215,215,215,215,215,215,215,215,215,215,215,215,215,215,215,215,215,215,215,215,215,215,215,215,215,215,215,215,215,215,215,215,215,215,215,215,215,215,215,215,215,215,215,215,214,211,202,197,197,197,193,195,191,189,184,182,181,180,178,174,172,166,160,152,152,97,97,97,97,97,97,97,97,97,97
97,97,97,97,97,97,97,97,97,97,151,154,158,166,171,174,174,177,181,181,187,188,189,192,193,197,197,197,197,207,213,214,215,213,215,213,215,213,215,213,215,213,215,213,215,213,215,213,215,213,215,213,215,213,215,213,215,213,215,213,215,213,215,213,215,213,215,213,215,213,215,213,215,213,215,213,215,213,215,213,215,213,215,213,215,213,215,213,215,213,215,213,215,213,215,213,215,213,215,213,215,213,215,213,215,213,215,213,215,213,215,213,215,213,215,213,215,213,215,213,215,213,215,213,215,213,215,213,215,213,215,213,215,213,215,213,215,213,215,213,215,213,215,213,215,213,215,213,215,213,215,213,215,213,215,213,215,213,215,213,215,213,215,213,215,213,215,213,215,214,211,205,197,197,197,197,196,190,189,189,184,181,181,178,174,173,166,163,158,152,97,97,97,97,97,97,97,97,97,97
97,97,97,97,97,97,97,97,97,101,152,158,165,168,171,174,175,177,181,186,184,189,189,194,197,197,197,197,203,209,213,214,214,214,213,213,214,214,213,213,214,214,213,213,214,214,213,213,214,214,213,213,214,214,213,213,214,214,213,213,214,214,213,213,214,214,213,213,214,214,213,213,214,214,213,213,214,214,213,213,214,214,213,213,214,214,213,213,214,214,213,213,214,214,213,213,214,214,213,213,214,214,213,213,214,214,213,213,214,214,213,213,214,214,213,213,214,214,213,213,214,214,213,213,214,214,213,213,214,214,213,213,214,214,213,213,214,214,213,213,214,214,213,213,214,214,213,213,214,214,213,213,214,214,213,213,214,214,213,213,214,214,213,213,214,214,213,213,214,214,213,207,200,197,197,197,197,194,190,189,185,182,181,180,175,174,170,166,158,153,152,97,97,97,97,97,97,97,97,97
97,97,97,97,97,97,97,97,97,151,155,160,166,169,174,174,178,181,181,183,188,189,195,197,197,197,197,197,205,211,213,212,213,213,214,214,213,212,214,214,213,212,214,214,212,213,214,214,212,213,214,214,213,212,214,214,213,212,214,214,212,213,214,214,212,213,214,214,213,212,214,214,213,212,214,214,212,213,214,214,212,213,214,214,213,212,214,214,213,212,214,214,212,213,214,214,212,213,214,214,213,212,214,214,213,212,214,214,212,213,214,214,212,213,214,214,213,212,214,214,213,212,214,214,212,213,214,214,212,213,214,214,213,212,214,214,213,212,214,214,212,213,214,214,212,213,214,214,213,212,214,214,213,212,214,214,212,213,214,214,212,213,214,214,213,212,214,213,214,214,214,210,203,197,197,197,197,194,191,189,188,186,181,181,179,174,173,166,165,157,152,97,97,97,97,97,97,97,97,97
97,97,97,97,97,97,97,97,97,152,158,163,166,174,174,176,180,181,186,185,189,191,192,197,197,197,197,200,207,211,213,214,213,213,213,212,211,214,213,213,213,214,211,212,213,212,213,214,214,212,213,212,211,214,213,213,213,214,211,212,213,212,213,214,214,212,213,212,211,214,213,213,213,214,211,212,213,212,213,214,214,212,213,212,211,214,213,213,213,214,211,212,213,212,213,214,214,212,213,212,211,214,213,213,213,214,211,212,213,212,213,214,214,212,213,212,211,214,213,213,213,214,211,212,213,212,213,214,214,212,213,212,211,214,213,213,213,214,211,212,213,212,213,214,214,212,213,212,211,214,213,213,213,214,211,212,213,212,213,214,214,212,213,212,211,214,213,214,213,212,213,211,205,197,197,197,197,197,196,194,189,188,186,181,178,175,174,174,166,158,152,141,97,97,97,97,97,97,97,97
97,97,97,97,97,97,97,97,138,153,158,166,172,174,174,178,180,183,186,189,189,192,196,197,197,197,197,203,210,211,211,211,211,211,211,212,211,212,211,212,213,213,212,211,211,211,211,212,213,213,212,211,211,211,211,212,213,213,212,211,211,211,211,212,213,213,212,211,211,211,211,212,213,213,212,211,211,211,211,212,213,213,212,211,211,211,211,212,213,213,212,211,211,211,211,212,213,213,212,211,211,211,211,212,213,213,212,211,211,211,211,212,213,213,212,211,211,211,211,212,213,213,212,211,211,211,211,212,213,213,212,211,211,211,211,212,213,213,212,211,211,211,211,212,213,213,212,211,211,211,211,212,213,213,212,211,211,211,211,212,213,213,212,211,211,211,211,211,211,211,213,211,208,201,197,197,197,197,193,191,189,188,186,181,180,175,174,173,166,160,155,152,97,97,97,97,97,97,97,97
97,97,97,97,97,97,97,97,152,158,164,166,173,174,175,177,181,183,186,189,194,191,197,197,197,197,197,204,211,211,211,211,211,211,211,211,211,211,211,211,211,211,211,211,211,211,211,211,211,211,211,211,211,211,211,211,211,211,211,211,211,211,211,211,211,211,211,211,211,211,211,211,211,211,211,211,211,211,211,211,211,211,211,211,211,211,211,211,211,211,211,211,211,211,211,211,211,211,211,211,211,211,211,211,211,211,211,211,211,211,211,211,211,211,211,211,211,211,211,211,211,211,211,211,211,211,211,211,211,211,211,211,211,211,211,211,211,211,211,211,211,211,211,211,211,211,211,211,211,211,211,211,211,211,211,211,211,211,211,211,211,211,211,211,211,211,211,211,211,211,211,211,208,203,197,197,197,197,197,191,191,189,188,182,181,177,175,174,169,165,158,152,110,97,97,97,97,97,97,97
97,97,97,97,97,97,97,108,155,158,166,168,174,174,179,181,181,183,188,189,195,196,197,197,197,197,199,207,210,211,211,211,211,211,211,211,211,211,211,211,211,211,211,211,211,211,211,211,211,211,211,211,211,211,211,211,211,211,211,211,211,211,211,211,211,211,211,211,211,211,211,211,211,211,211,211,211,211,211,211,211,211,211,211,211,211,211,211,211,211,211,211,211,211,211,211,211,211,211,211,211,211,211,211,211,211,211,211,211,211,211,211,211,211,211,211,211,211,211,211,211,211,211,211,211,211,211,211,211,211,211,211,211,211,211,211,211,211,211,211,211,211,211,211,211,211,211,211,211,211,211,211,211,211,211,211,211,211,211,211,211,211,211,211,211,211,211,211,211,211,211,211,210,205,197,197,197,197,197,196,194,189,189,183,181,181,178,174,170,166,163,157,152,97,97,97,97,97,97,97
97,97,97,97,97,97,97,151,157,163,166,170,174,175,180,181,182,185,189,191,192,197,197,197,197,197,202,207,210,209,209,210,209,209,210,210,209,209,209,211,210,210,211,209,209,210,210,208,211,210,209,210,210,208,208,210,210,210,210,209,208,210,210,209,210,211,209,210,210,209,209,211,210,210,211,209,209,210,210,208,211,210,209,210,210,208,208,210,210,210,210,209,208,210,210,209,210,211,209,210,210,209,209,211,210,210,211,209,209,210,210,208,211,210,209,210,210,208,208,210,210,210,210,209,208,210,210,209,210,211,209,210,210,209,209,211,210,210,211,209,209,210,210,208,211,210,209,210,210,208,208,210,210,210,210,209,208,210,210,209,210,211,209,210,210,210,210,210,211,210,211,210,210,207,198,197,197,197,197,197,194,191,189,187,186,181,178,178,174,168,166,158,152,108,97,97,97,97,97,97
97,97,97,97,97,97,97,152,158,166,171,173,174,178,180,181,186,188,189,191,196,197,197,197,197,197,203,207,209,209,209,209,210,210,208,208,209,210,209,210,210,209,209,210,210,209,210,209,209,210,210,209,209,210,209,210,210,209,209,210,210,210,210,210,209,210,210,209,210,210,210,210,210,209,209,210,210,209,210,209,209,210,210,209,209,210,209,210,210,209,209,210,210,210,210,210,209,210,210,209,210,210,210,210,210,209,209,210,210,209,210,209,209,210,210,209,209,210,209,210,210,209,209,210,210,210,210,210,209,210,210,209,210,210,210,210,210,209,209,210,210,209,210,209,209,210,210,209,209,210,209,210,210,209,209,210,210,210,210,210,209,210,210,209,209,209,210,209,209,209,210,210,209,207,203,197,197,197,197,197,193,190,189,188,186,181,177,178,174,171,166,158,152,151,97,97,97,97,97,97
97,97,97,97,97,97,137,153,160,166,171,174,174,177,181,183,184,189,190,196,197,197,197,197,197,198,204,207,209,208,208,207,209,209,207,208,209,208,207,209,208,208,208,208,209,207,209,207,207,209,207,208,208,208,208,207,209,207,207,209,207,209,208,208,208,208,209,207,209,209,207,209,208,208,208,208,209,207,209,207,207,209,207,208,208,208,208,207,209,207,207,209,207,209,208,208,208,208,209,207,209,209,207,209,208,208,208,208,209,207,209,207,207,209,207,208,208,208,208,207,209,207,207,209,207,209,208,208,208,208,209,207,209,209,207,209,208,208,208,208,209,207,209,207,207,209,207,208,208,208,208,207,209,207,207,209,207,209,208,208,208,208,209,207,207,209,207,207,208,209,208,208,208,207,203,197,197,197,197,197,193,195,190,189,185,183,181,177,175,174,167,163,155,152,97,97,97,97,97,97
97,97,97,97,97,97,152,155,161,166,173,174,178,180,181,183,185,189,190,196,197,197,197,197,197,201,205,207,207,207,208,207,207,207,207,207,207,207,207,207,207,208,207,207,207,207,207,207,208,207,207,207,207,207,207,207,207,207,207,207,207,207,207,207,207,207,207,208,207,207,208,218,221,218,213,207,207,207,207,207,208,207,207,207,207,207,207,207,207,207,207,207,207,207,207,207,207,207,207,207,207,207,207,207,207,208,207,207,207,207,207,207,208,207,207,207,207,207,207,207,207,207,207,208,207,215,220,218,215,207,207,208,207,207,207,207,207,208,207,207,207,207,207,207,208,207,207,207,207,207,207,207,207,207,207,207,207,207,207,207,207,207,207,207,207,207,207,207,207,207,207,207,207,207,203,200,197,197,197,197,197,196,191,189,188,183,181,179,174,174,168,166,158,152,110,97,97,97,97,97
97,97,97,97,97,97,152,158,166,168,173,174,178,181,181,185,189,189,194,197,197,197,197,197,197,201,204,207,207,207,207,207,207,207,207,207,207,207,207,207,207,207,207,207,207,207,207,207,207,207,207,207,207,207,207,207,207,207,207,207,207,207,207,207,207,207,207,207,213,220,88,57,57,72,113,205,226,220,208,207,207,207,207,207,207,207,207,207,207,207,207,207,207,207,207,207,207,207,207,207,207,207,207,207,207,207,207,207,207,207,207,207,207,207,207,207,207,207,207,207,207,207,210,226,135,57,57,62,94,198,225,225,209,207,207,207,207,207,207,207,207,207,207,207,207,207,207,207,207,207,207,207,207,207,207,207,207,207,207,207,207,207,207,207,207,207,207,207,207,207,207,207,207,207,204,201,197,197,197,197,197,196,194,189,189,183,181,181,180,174,173,166,159,152,151,97,97,97,97,97
97,97,97,97,97,152,155,160,166,173,174,175,180,181,183,188,189,191,195,197,197,197,197,197,197,202,205,205,206,205,206,206,205,206,206,205,205,207,206,206,207,205,205,206,206,205,206,206,205,206,206,205,205,207,206,206,207,205,205,206,206,205,206,206,205,206,209,224,104,60,60,68,65,65,67,60,59,79,220,220,205,205,205,206,206,205,206,206,205,206,206,205,205,207,206,206,207,205,205,206,206,205,206,206,205,206,206,205,205,207,206,206,207,205,205,206,206,205,206,206,206,224,163,60,60,68,70,68,70,67,60,59,207,224,207,206,207,205,205,206,206,205,206,206,205,206,206,205,205,207,206,206,207,205,205,206,206,205,206,206,205,206,206,205,205,207,206,206,207,205,205,206,206,206,203,199,197,197,197,197,197,197,192,191,189,188,186,181,177,174,174,168,163,156,152,97,97,97,97,97
97,97,97,97,97,152,158,165,166,173,174,175,177,181,184,189,189,190,196,197,197,197,197,197,197,202,205,206,206,205,204,205,205,204,204,205,205,206,205,206,204,206,205,206,207,206,206,206,206,206,206,206,206,207,206,205,206,204,206,205,206,205,205,205,206,215,212,52,62,71,71,73,73,73,73,73,73,71,60,110,224,208,206,205,206,205,206,205,204,205,205,205,205,204,205,206,205,206,205,206,204,206,207,206,206,206,206,206,206,206,206,207,206,204,206,205,206,204,206,209,225,65,60,68,73,73,73,73,73,73,66,71,61,65,217,212,204,206,205,206,207,206,206,206,206,206,206,206,206,207,206,205,206,204,206,205,206,205,205,205,204,205,205,204,205,206,205,206,205,206,204,206,205,205,204,200,197,197,197,197,197,197,193,191,189,188,183,181,177,174,174,169,166,158,152,108,97,97,97,97
97,97,97,97,97,152,158,166,169,174,174,176,181,186,186,189,189,194,196,197,197,197,197,197,197,200,203,204,205,206,206,204,205,205,204,205,204,206,206,204,204,205,205,206,206,204,205,205,206,206,206,205,203,206,205,204,206,204,205,204,206,204,206,204,217,198,59,65,73,73,80,75,79,81,79,77,75,73,73,70,52,217,207,206,204,204,206,206,206,205,204,206,205,205,206,204,204,206,205,206,204,204,203,203,206,204,206,203,204,204,204,204,203,205,204,206,206,204,209,219,61,68,71,73,77,75,77,76,74,80,79,73,73,70,60,183,214,205,205,204,205,204,206,203,206,206,206,205,203,206,205,204,206,204,205,204,206,206,204,205,203,206,205,205,204,205,203,204,206,204,205,205,204,206,204,201,197,197,197,197,197,197,196,192,189,189,183,186,181,175,174,174,166,158,153,152,97,97,97,97
97,97,97,97,138,154,158,166,169,174,175,177,181,183,188,189,191,191,197,197,197,197,197,197,197,200,203,204,203,203,203,204,203,205,203,203,204,204,204,204,203,205,203,203,204,205,204,203,203,204,204,204,205,203,203,204,204,205,204,204,204,205,205,213,197,60,71,73,81,78,80,82,82,82,82,77,83,80,75,73,71,52,214,204,203,205,204,203,203,205,203,205,203,203,204,203,205,203,205,203,203,205,203,204,204,204,203,204,205,203,203,205,203,203,204,205,203,206,218,52,66,73,75,76,82,82,77,82,82,83,82,80,77,73,73,60,183,211,204,205,204,204,204,204,204,203,204,203,205,203,203,204,204,205,204,204,203,203,204,203,205,203,204,203,205,203,204,204,203,205,203,205,203,203,203,202,197,197,197,197,197,197,197,195,192,189,183,182,181,179,174,174,168,161,157,152,97,97,97,97
97,97,97,97,152,157,163,166,173,174,178,181,181,183,189,189,194,197,197,197,197,197,197,197,197,202,203,203,203,203,203,203,203,203,203,203,203,203,203,203,203,203,203,203,203,203,203,203,203,203,203,203,203,203,203,203,203,203,203,203,203,203,209,214,59,72,73,82,84,84,84,84,84,84,84,84,84,84,78,80,75,71,60,215,203,203,203,203,203,203,203,203,203,203,203,203,203,203,203,203,203,203,203,203,203,203,203,203,203,203,203,203,203,203,203,203,203,215,61,71,73,82,82,82,82,84,84,84,84,84,84,82,82,81,75,73,60,202,207,203,203,203,203,203,203,203,203,203,203,203,203,203,203,203,203,203,203,203,203,203,203,203,203,203,203,203,203,203,203,203,203,203,203,203,203,203,197,197,197,197,197,197,197,194,192,189,188,184,181,180,175,174,173,165,158,152,111,97,97,97
97,97,97,97,152,158,166,168,174,174,176,181,183,186,189,189,194,197,197,197,197,197,197,197,197,203,203,203,203,203,203,203,203,203,203,203,203,203,203,203,203,203,203,203,203,203,203,203,203,203,203,203,203,203,203,203,203,203,203,203,203,203,213,57,71,77,82,84,84,84,84,85,85,91,85,85,84,84,84,83,82,75,66,75,211,203,203,203,203,203,203,203,203,203,203,203,203,203,203,203,203,203,203,203,203,203,203,203,203,203,203,203,203,203,203,203,211,80,68,73,83,84,84,84,84,86,88,86,86,85,84,84,84,84,84,80,73,60,211,203,203,203,203,203,203,203,203,203,203,203,203,203,203,203,203,203,203,203,203,203,203,203,203,203,203,203,203,203,203,203,203,203,203,203,203,199,197,197,197,197,197,197,197,197,192,189,189,186,181,180,177,174,173,166,158,152,151,97,97,97
97,97,97,110,152,158,166,168,174,174,177,181,182,188,189,191,192,197,197,197,197,197,197,197,197,202,203,203,203,203,203,203,203,203,203,203,203,203,203,203,203,203,203,203,203,203,203,203,203,203,203,203,203,203,203,203,203,203,203,203,203,211,96,63,73,78,84,84,86,86,91,91,94,88,87,87,92,90,84,84,84,82,73,67,165,205,203,203,203,203,203,203,203,203,203,203,203,203,203,203,203,203,203,203,203,203,203,203,203,203,203,203,203,203,203,207,175,62,73,82,84,84,84,90,88,88,91,93,88,88,91,88,90,84,84,78,79,72,82,210,203,203,203,203,203,203,203,203,203,203,203,203,203,203,203,203,203,203,203,203,203,203,203,203,203,203,203,203,203,203,203,203,203,203,203,202,197,197,197,197,197,197,197,197,194,194,189,184,186,181,178,174,174,166,160,155,152,97,97,97
97,97,97,152,154,159,166,173,174,178,181,181,186,185,189,192,193,197,197,197,197,197,197,197,198,200,203,203,203,203,203,203,203,203,203,203,203,203,203,203,203,203,203,203,203,203,203,203,203,203,203,203,203,203,203,203,203,203,203,203,207,202,60,73,78,84,84,87,86,88,89,93,95,93,89,89,89,93,91,86,84,84,80,73,60,211,203,203,203,203,203,203,203,203,203,203,203,203,203,203,203,203,203,203,203,203,203,203,203,203,203,203,203,203,203,209,60,73,78,84,84,86,92,91,93,95,89,89,95,93,93,93,92,86,84,84,84,73,62,207,203,203,203,203,203,203,203,203,203,203,203,203,203,203,203,203,203,203,203,203,203,203,203,203,203,203,203,203,203,203,203,203,203,203,203,201,197,197,197,197,197,197,197,197,197,191,189,185,184,181,181,178,174,171,162,158,152,97,97,97
97,97,97,152,158,163,166,173,174,177,181,183,187,189,189,195,197,197,197,197,197,197,197,197,198,202,203,203,203,203,203,203,203,203,203,203,203,203,203,203,203,203,203,203,203,203,203,203,203,203,203,203,203,203,203,203,203,203,203,203,210,62,72,83,84,84,91,88,93,95,95,95,95,95,95,95,95,94,93,92,86,84,84,75,66,121,204,203,200,203,203,203,203,203,203,203,203,203,203,203,203,203,203,203,203,203,203,203,203,203,203,203,203,203,207,148,67,75,84,84,90,91,91,95,95,95,95,95,95,95,95,95,95,91,86,84,84,78,73,71,209,203,203,203,203,203,203,203,203,203,203,203,203,203,203,203,203,203,203,203,203,203,203,203,203,203,203,203,203,203,203,203,203,203,203,201,197,197,197,197,197,197,197,197,193,194,189,189,184,181,177,178,174,168,162,158,152,129,97,97
97,97,97,152,158,166,168,174,174,178,181,183,184,189,194,197,197,197,197,197,197,197,197,197,197,199,203,203,203,203,203,203,203,203,203,203,203,203,203,203,203,203,203,203,203,203,203,203,203,203,203,203,203,203,203,203,203,203,203,204,194,60,73,84,84,90,93,93,95,95,95,95,95,95,95,95,95,95,95,94,88,86,84,82,73,57,210,199,198,199,200,201,199,199,203,199,202,198,202,198,199,202,202,202,201,202,201,200,199,203,202,203,203,203,211,60,73,84,84,85,88,95,95,95,95,95,95,95,95,95,95,95,95,89,88,86,85,82,76,70,201,203,203,203,203,203,203,203,203,203,203,203,203,203,203,203,203,203,203,203,203,203,203,203,203,203,203,203,203,203,203,203,203,203,203,201,197,197,197,197,197,197,197,197,197,194,191,189,184,183,181,177,174,172,166,160,152,148,97,97
97,97,97,153,158,166,168,174,175,176,181,182,189,189,191,193,197,197,197,197,197,197,197,197,197,202,203,203,203,203,203,203,203,203,203,203,203,203,203,203,203,203,203,203,203,203,203,203,203,203,203,203,203,203,203,203,200,202,202,209,76,73,80,84,90,91,93,95,95,95,95,95,95,95,95,95,98,95,95,95,93,91,85,84,77,67,168,197,197,197,197,197,197,197,197,197,197,197,197,197,197,198,197,198,198,198,197,197,197,198,198,199,199,207,157,63,79,84,90,92,89,95,95,95,103,95,95,95,98,95,103,95,95,95,94,92,86,84,83,72,99,206,203,203,203,203,203,203,203,203,203,203,203,203,203,203,203,203,203,203,203,203,203,203,203,203,203,203,203,203,203,203,203,203,202,201,197,197,197,197,197,197,197,197,197,194,191,189,184,182,181,178,174,174,166,163,157,152,97,97
97,97,152,155,160,166,172,174,175,177,181,184,188,189,194,196,197,197,197,197,197,197,197,197,197,199,203,203,203,203,203,203,203,203,203,203,203,203,203,203,203,203,203,203,203,203,203,203,203,203,202,203,202,201,202,200,198,197,197,208,60,73,84,86,87,93,95,95,95,95,95,95,95,95,95,95,95,95,95,95,95,94,91,84,84,73,76,206,197,197,197,197,197,197,197,197,197,197,197,197,197,197,197,197,197,197,197,197,197,197,197,197,197,209,67,73,82,85,86,89,95,95,95,95,96,95,95,95,95,95,95,95,95,95,95,93,92,84,84,75,60,209,203,203,203,203,203,203,203,203,203,203,203,203,203,203,203,203,203,203,203,203,203,203,203,203,203,203,203,203,203,203,203,203,203,198,197,197,197,197,197,197,197,197,197,196,192,189,188,186,181,178,177,174,172,164,158,152,97,97
97,97,152,157,164,168,173,174,174,181,181,186,189,191,194,196,197,197,197,197,197,197,197,197,197,198,203,203,203,203,203,203,203,203,203,203,203,203,203,203,203,203,203,203,203,203,203,200,203,202,199,198,197,197,197,197,197,197,205,160,67,77,84,86,87,95,95,95,95,103,98,95,95,95,103,98,95,103,95,95,95,95,88,86,84,73,60,208,197,197,197,197,197,197,197,197,197,197,197,197,197,197,197,197,197,197,197,197,197,197,197,197,197,201,60,75,84,86,91,93,95,95,95,98,95,95,95,95,95,96,95,95,95,95,95,93,93,85,84,81,66,191,203,203,203,203,203,203,203,203,203,203,203,203,203,203,203,203,203,203,203,203,203,203,203,203,203,203,203,203,203,203,203,203,200,198,197,197,197,197,197,197,197,197,197,197,191,189,189,187,181,180,178,174,169,166,158,152,97,97
97,97,152,158,161,169,170,174,179,181,186,188,189,194,194,197,197,197,197,197,197,197,197,197,197,198,203,203,203,203,203,203,203,203,203,203,203,203,203,203,203,203,203,203,202,202,201,200,200,197,197,197,197,197,197,197,197,197,209,57,73,84,84,87,94,95,95,95,95,95,95,95,95,95,96,98,95,95,95,98,95,95,93,86,84,80,66,179,197,197,197,197,197,197,197,197,197,197,197,197,197,197,197,197,197,197,197,197,197,197,197,197,205,119,70,78,84,91,88,95,95,95,95,95,95,103,95,95,95,95,95,95,95,103,95,95,94,90,84,83,73,105,204,203,203,202,203,203,203,203,203,203,203,203,203,203,203,203,203,203,203,203,203,203,203,203,203,203,203,203,203,203,203,203,199,197,197,197,197,197,197,197,197,197,197,197,193,189,189,186,181,180,177,174,171,166,158,152,152,97
97,97,152,158,165,171,174,174,176,181,182,183,189,191,197,197,197,197,197,197,197,197,197,197,197,197,202,203,203,203,203,203,203,203,203,203,203,203,203,203,203,203,202,202,201,200,197,197,197,197,197,197,197,197,197,197,197,197,209,60,73,84,84,88,93,95,95,96,95,95,96,95,95,98,95,95,95,98,95,95,95,95,93,86,84,80,73,114,200,197,197,197,197,197,197,197,197,197,197,197,197,197,197,197,197,197,197,197,197,197,197,197,208,62,73,78,84,91,94,95,95,95,98,95,95,95,95,95,95,95,95,95,95,95,95,95,95,88,86,84,73,61,208,197,198,199,198,200,200,200,202,203,203,203,203,203,203,203,203,203,203,203,203,203,203,203,203,203,203,203,203,203,203,203,197,197,197,197,197,197,197,197,197,197,197,197,192,191,189,186,186,181,178,174,174,166,160,153,152,97
97,111,153,158,166,171,174,175,180,181,184,189,189,191,195,197,197,197,197,197,197,197,197,197,197,197,197,202,203,203,203,203,203,203,203,203,203,203,203,203,200,202,200,200,197,197,197,197,197,197,197,197,197,197,197,197,197,198,199,61,75,84,84,89,95,95,96,98,95,95,95,98,95,95,95,95,95,96,103,95,95,95,93,88,84,84,73,63,208,197,197,197,197,197,197,197,197,197,197,197,197,197,197,197,197,197,197,197,197,197,197,197,208,60,73,84,84,91,89,95,95,95,95,95,95,95,95,95,95,95,95,98,103,95,95,95,93,88,86,84,75,60,208,197,197,197,197,197,200,198,198,201,199,199,199,202,203,203,203,203,203,203,203,203,203,203,203,203,203,203,203,203,202,198,197,197,197,197,197,197,197,197,197,197,197,197,197,191,189,186,186,181,178,175,174,166,161,157,152,97
97,142,155,159,166,173,174,178,180,181,186,188,189,191,196,197,197,197,197,197,197,197,197,197,197,197,197,197,203,203,203,203,203,203,203,203,203,203,202,202,199,197,197,197,197,197,197,197,197,197,197,197,197,197,197,197,197,206,112,71,75,84,86,87,95,95,95,95,95,95,95,95,95,95,95,95,95,95,103,95,95,95,93,91,84,84,73,60,208,197,197,197,197,197,197,197,197,197,197,197,197,197,197,197,197,197,197,197,197,197,197,197,209,62,75,84,90,92,94,95,95,95,95,95,95,95,95,95,98,95,95,95,95,98,95,95,89,92,85,84,77,62,206,197,197,197,197,197,197,197,197,197,197,197,197,199,201,202,203,203,203,203,203,203,203,203,203,203,203,203,203,203,202,197,197,197,197,197,197,197,197,197,197,197,197,197,196,192,189,188,186,181,180,175,174,166,162,157,152,97
97,151,158,161,166,174,174,177,177,182,187,189,189,194,196,197,197,197,197,197,197,197,197,197,197,197,197,197,198,198,200,203,203,202,202,202,202,199,198,197,197,197,197,197,197,197,197,197,197,197,197,197,197,197,197,197,197,209,66,73,81,84,90,88,89,95,95,103,95,95,95,95,95,95,95,95,95,95,95,95,95,95,94,91,84,84,74,62,206,197,197,197,197,197,197,197,197,197,197,197,197,197,197,197,197,197,197,197,197,197,197,200,126,63,79,84,84,88,89,95,95,95,95,95,95,95,95,98,95,95,95,95,95,95,95,95,95,92,84,84,78,71,151,197,197,197,197,197,197,197,197,197,197,197,197,197,197,198,201,203,202,203,203,203,203,203,203,203,203,203,203,201,198,197,197,197,197,197,197,197,197,197,197,197,197,197,196,192,189,189,184,181,181,174,174,168,166,158,152,97
97,151,157,165,166,170,174,179,181,183,184,189,189,196,197,197,197,197,197,197,197,197,197,197,197,197,197,197,197,198,197,199,201,201,198,198,197,197,197,197,197,197,197,197,197,197,197,197,197,197,197,197,197,197,197,197,197,208,60,73,80,84,86,87,89,95,95,95,95,95,95,95,95,95,95,95,95,95,95,95,95,95,87,90,84,84,75,67,185,197,197,197,197,197,197,197,197,197,197,197,197,197,197,197,197,197,197,197,197,197,197,206,86,66,81,84,84,90,94,95,95,95,95,95,95,95,95,95,95,95,95,95,95,95,95,95,93,90,84,84,80,72,119,205,197,197,197,197,197,197,197,197,197,197,197,197,197,197,197,197,199,199,202,200,200,203,203,203,202,202,198,197,197,197,197,197,197,197,197,197,197,197,197,197,197,197,196,192,190,189,184,181,181,175,174,174,166,158,152,97
97,152,158,162,168,174,174,180,181,183,188,189,190,194,197,197,197,197,197,197,197,197,197,197,197,197,197,197,197,197,197,197,197,197,197,197,197,197,197,197,197,197,197,197,197,197,197,197,197,197,197,197,197,197,197,197,197,208,56,73,76,84,84,87,92,95,95,95,95,92,90,83,81,81,83,84,86,93,95,95,95,95,88,86,84,82,76,70,171,197,197,197,197,197,197,197,197,197,197,197,197,197,197,197,197,197,197,197,197,197,197,208,62,66,81,78,84,85,88,95,95,95,95,93,84,84,83,81,83,84,90,93,95,95,95,95,89,88,84,83,76,71,78,205,197,197,197,197,197,197,197,197,197,197,197,197,197,197,197,197,197,197,198,198,200,201,199,198,198,200,197,197,197,197,197,197,197,197,197,197,197,197,197,197,197,197,197,195,191,189,188,181,181,179,174,173,166,158,153,138
97,152,158,166,171,174,174,180,181,186,189,189,191,196,197,197,197,197,197,197,197,197,197,197,197,197,197,197,197,197,197,197,197,197,197,197,197,197,197,197,197,197,197,197,197,197,197,197,197,197,197,197,197,197,197,197,197,200,60,73,76,78,84,91,92,95,95,89,85,76,73,62,50,50,60,63,73,84,86,95,95,89,87,86,84,77,75,63,118,197,197,197,197,197,197,197,197,197,197,197,197,197,197,197,197,197,197,197,197,197,197,209,56,73,75,83,84,90,92,93,95,93,85,76,73,61,50,50,57,63,73,82,84,95,95,93,87,86,84,78,81,73,52,208,197,197,197,197,197,197,197,197,197,197,197,197,197,197,197,197,197,197,197,197,197,197,197,197,197,197,197,197,197,197,197,197,197,197,197,197,197,197,197,197,197,197,197,195,194,189,186,181,181,176,174,173,166,158,153,137
97,152,158,166,172,174,174,177,181,183,189,189,191,196,197,197,197,197,197,197,197,197,197,197,197,197,197,197,197,197,197,197,197,197,197,197,197,197,197,197,197,197,197,197,197,197,197,197,197,197,197,197,197,197,197,197,197,194,60,73,80,82,84,86,88,88,84,79,70,84,193,208,205,205,205,208,153,60,73,82,86,88,86,84,84,77,74,63,84,205,197,197,197,197,197,197,197,197,197,197,197,197,197,197,197,197,197,197,197,197,197,210,57,73,75,82,82,84,86,87,86,84,73,60,183,208,205,205,205,208,171,59,70,81,90,87,86,84,84,82,77,71,49,208,197,197,197,197,197,197,197,197,197,197,197,197,197,197,197,197,197,197,197,197,197,197,197,197,197,197,197,197,197,197,197,197,197,197,197,197,197,197,197,197,197,197,197,196,191,189,188,182,181,176,175,174,166,160,154,151
97,153,158,166,169,174,175,178,181,182,188,189,194,197,197,197,197,197,197,197,197,197,197,197,197,197,197,197,197,197,197,197,197,197,197,197,197,197,197,197,197,197,197,197,197,197,197,197,197,197,197,197,197,197,197,197,197,159,60,73,79,83,82,84,85,82,74,60,197,200,197,197,197,197,197,197,197,208,112,61,75,84,84,84,82,77,73,70,62,205,197,197,197,197,197,197,197,197,197,197,197,197,197,197,197,197,197,197,197,197,197,209,60,66,79,77,82,84,84,84,75,62,172,206,197,197,197,197,197,197,197,202,177,60,73,78,84,84,78,77,79,72,60,208,197,197,197,197,197,197,197,197,197,197,197,197,197,197,197,197,197,197,197,197,197,197,197,197,197,197,197,197,197,197,197,197,197,197,197,197,197,197,197,197,197,197,197,197,191,189,189,186,181,177,174,174,168,164,157,152
97,152,160,166,171,174,174,177,181,184,188,189,194,193,197,197,197,197,197,197,197,197,197,197,197,197,197,197,197,197,197,197,197,197,197,197,197,197,197,197,197,197,197,197,197,197,197,197,197,197,197,197,197,197,197,197,197,118,60,71,73,77,80,82,75,72,62,207,197,197,197,197,197,197,197,197,197,197,197,189,59,73,79,83,80,79,73,72,49,206,197,197,197,197,197,197,197,197,197,197,197,197,197,197,197,197,197,197,197,197,197,205,60,63,73,75,77,83,82,73,57,199,197,197,197,197,197,197,197,197,197,197,197,208,63,65,73,82,78,75,73,71,60,208,197,197,197,197,197,197,197,197,197,197,197,197,197,197,197,197,197,197,197,197,197,197,197,197,197,197,197,197,197,197,197,197,197,197,197,197,197,197,197,197,197,197,197,193,192,189,188,186,181,178,175,174,168,164,157,152
97,153,163,166,172,174,177,181,181,186,189,189,195,197,197,197,197,197,197,197,197,197,197,197,197,197,197,197,197,197,197,197,197,197,197,197,197,197,197,197,197,197,197,197,197,197,197,197,197,197,197,197,197,197,197,197,205,97,60,71,73,73,80,74,66,55,208,197,197,197,197,197,197,197,197,197,197,197,197,197,205,60,71,75,74,75,73,68,57,208,197,197,197,197,197,197,197,197,197,197,197,197,197,197,197,197,197,197,197,197,197,183,60,63,73,75,81,77,73,60,199,197,197,197,197,197,197,197,197,197,197,197,197,197,208,62,62,73,75,74,73,68,60,208,197,197,197,197,197,197,197,197,197,197,197,197,197,197,197,197,197,197,197,197,197,197,197,197,197,197,197,197,197,197,197,197,197,197,197,197,197,197,197,197,197,197,197,196,190,189,185,186,181,177,177,174,169,160,158,152
138,157,163,166,174,174,175,181,181,186,189,189,191,197,197,197,197,197,197,197,197,197,197,197,197,197,197,197,197,197,197,197,197,197,197,197,197,197,197,197,197,197,197,197,197,197,197,197,197,197,197,197,197,197,197,197,205,97,60,72,73,73,73,72,57,208,197,197,197,197,197,197,197,197,197,197,197,197,197,197,197,202,59,72,73,73,73,70,57,208,197,197,197,197,197,197,197,197,197,197,197,197,197,197,197,197,197,197,197,197,197,177,60,72,73,73,75,72,62,178,197,197,197,197,197,197,197,197,197,197,197,197,197,197,197,208,63,68,73,73,73,71,60,208,197,197,197,197,197,197,197,197,197,197,197,197,197,197,197,197,197,197,197,197,197,197,197,197,197,197,197,197,197,197,197,197,197,197,197,197,197,197,197,197,197,197,197,193,192,189,189,184,181,177,178,174,168,162,158,152
151,158,160,166,173,174,175,181,181,184,189,189,192,197,197,197,197,197,197,197,197,197,197,197,197,197,197,197,197,197,197,197,197,197,197,197,197,197,197,197,197,197,197,197,197,197,197,197,197,197,197,197,197,197,197,197,205,83,60,65,66,73,71,60,187,197,197,197,197,197,197,197,197,197,197,197,197,197,197,197,197,199,146,60,66,73,66,68,60,208,197,197,197,197,197,197,197,197,197,197,197,197,197,197,197,197,197,197,197,197,197,177,60,66,66,73,73,60,103,199,197,197,197,197,197,197,197,197,197,197,197,197,197,197,197,197,205,60,65,66,71,66,60,208,197,197,197,197,197,197,197,197,197,197,197,197,197,197,197,197,197,197,197,197,197,197,197,197,197,197,197,197,197,197,197,197,197,197,197,197,197,197,197,197,197,197,197,197,194,189,189,187,181,181,174,174,172,162,158,152
151,158,164,166,170,174,177,181,181,184,189,189,192,197,197,197,197,197,197,197,197,197,197,197,197,197,197,197,197,197,197,197,197,197,197,197,197,197,197,197,197,197,197,197,197,197,197,197,197,197,197,197,197,197,197,197,205,83,60,66,72,68,62,65,200,197,197,197,197,197,197,197,197,197,197,197,197,197,197,197,197,197,207,51,60,70,66,67,60,208,197,197,197,197,197,197,197,197,197,197,197,197,197,197,197,197,197,197,197,197,197,177,60,65,65,65,68,56,208,197,197,197,197,197,197,197,197,197,197,197,197,197,197,197,197,197,197,73,60,68,72,65,60,208,197,197,197,197,197,197,197,197,197,197,197,197,197,197,197,197,197,197,197,197,197,197,197,197,197,197,197,197,197,197,197,197,197,197,197,197,197,197,197,197,197,197,197,197,191,189,189,186,181,181,178,174,173,164,158,152
151,158,161,166,173,174,175,181,181,187,189,194,197,197,197,197,197,197,197,197,197,197,197,197,197,197,197,197,197,197,197,197,197,197,197,197,197,197,197,197,197,197,197,197,197,197,197,197,197,197,197,197,197,197,197,197,205,83,60,63,71,62,60,175,197,197,197,197,197,197,197,197,197,197,197,197,197,197,197,197,197,197,197,172,60,67,68,62,52,208,197,197,197,197,197,197,197,197,197,197,197,197,197,197,197,197,197,197,197,197,197,177,60,68,65,65,60,98,197,197,197,197,197,197,197,197,197,197,197,197,197,197,197,197,197,197,197,203,56,60,67,61,60,208,197,197,197,197,197,197,197,197,197,197,197,197,197,197,197,197,197,197,197,197,197,197,197,197,197,197,197,197,197,197,197,197,197,197,197,197,197,197,197,197,197,197,197,196,192,189,189,186,181,180,176,174,169,165,158,152
152,158,161,166,174,174,177,181,181,186,189,191,194,197,197,197,197,197,197,197,197,197,197,197,197,197,197,197,197,197,197,197,197,197,197,197,197,197,197,197,197,197,197,197,197,197,197,197,197,197,197,197,197,197,197,197,205,97,60,62,62,60,50,197,197,197,197,197,197,197,197,197,197,197,197,197,197,197,197,197,197,197,197,199,58,60,60,60,49,208,197,197,197,197,197,197,197,197,197,197,197,197,197,197,197,197,197,197,197,197,197,177,60,62,62,67,49,205,197,197,197,197,197,197,197,197,197,197,197,197,197,197,197,197,197,197,197,197,113,57,60,60,57,208,197,197,197,197,197,197,197,197,197,197,197,197,197,197,197,197,197,197,197,197,197,197,197,197,197,197,197,197,197,197,197,197,197,197,197,197,197,197,197,197,197,197,197,197,192,191,189,187,182,181,176,174,169,165,158,152
152,158,165,166,174,174,177,181,181,188,189,190,192,197,197,197,197,197,197,197,197,197,197,197,197,197,197,197,197,197,197,197,197,197,197,197,197,197,197,197,197,197,197,197,197,197,197,197,197,197,197,197,197,197,197,197,205,110,60,62,60,60,175,197,197,197,197,197,197,197,197,197,197,197,197,197,197,197,197,197,197,197,197,197,205,50,60,60,57,205,197,197,197,197,197,197,197,197,197,197,197,197,197,197,197,197,197,197,197,197,197,207,60,60,60,60,105,197,197,197,197,197,197,197,197,197,197,197,197,197,197,197,197,197,197,197,197,197,199,54,57,60,49,208,197,197,197,197,197,197,197,197,197,197,197,197,197,197,197,197,197,197,197,197,197,197,197,197,197,197,197,197,197,197,197,197,197,197,197,197,197,197,197,197,197,197,197,197,194,191,189,184,183,181,176,174,173,166,158,152
152,158,164,167,174,174,179,181,181,185,189,190,195,197,197,197,197,197,197,197,197,197,197,197,197,197,197,197,197,197,197,197,197,197,197,197,197,197,197,197,197,197,197,197,197,197,197,197,197,197,197,197,197,197,197,197,203,197,59,59,52,81,197,197,197,197,197,197,197,197,197,197,197,197,197,197,197,197,197,197,197,197,197,197,197,174,54,51,153,197,197,197,197,197,197,197,197,197,197,197,197,197,197,197,197,197,197,197,197,197,197,210,54,60,59,48,200,197,197,197,197,197,197,197,197,197,197,197,197,197,197,197,197,197,197,197,197,197,197,205,47,52,61,208,197,197,197,197,197,197,197,197,197,197,197,197,197,197,197,197,197,197,197,197,197,197,197,197,197,197,197,197,197,197,197,197,197,197,197,197,197,197,197,197,197,197,197,197,194,189,189,184,183,181,179,174,174,166,158,152
152,158,164,167,174,174,177,181,181,189,189,194,194,197,197,197,197,197,197,197,197,197,197,197,197,197,197,197,197,197,197,197,197,197,197,197,197,197,197,197,197,197,197,197,197,197,197,197,197,197,197,197,197,197,197,197,197,209,102,49,70,206,197,197,197,197,197,197,197,197,197,197,197,197,197,197,197,197,197,197,197,197,197,197,197,198,183,99,208,197,197,197,197,197,197,197,197,197,197,197,197,197,197,197,197,197,197,197,197,197,197,209,170,50,54,205,197,197,197,197,197,197,197,197,197,197,197,197,197,197,197,197,197,197,197,197,197,197,197,197,205,94,202,205,197,197,197,197,197,197,197,197,197,197,197,197,197,197,197,197,197,197,197,197,197,197,197,197,197,197,197,197,197,197,197,197,197,197,197,197,197,197,197,197,197,197,197,197,194,189,189,183,182,180,176,174,171,166,158,152
152,158,164,168,173,174,179,181,181,188,189,191,194,197,197,197,197,197,197,197,197,197,197,197,197,197,197,197,197,197,197,197,197,197,197,197,197,197,197,197,197,197,197,197,197,197,197,197,197,197,197,197,197,197,197,197,197,199,210,209,210,197,197,197,197,197,197,197,197,197,197,197,197,197,197,197,197,197,197,197,197,197,197,197,197,197,197,206,199,197,197,197,197,197,197,197,197,197,197,197,197,197,197,197,197,197,197,197,197,197,197,197,208,208,210,197,197,197,197,197,197,197,197,197,197,197,197,197,197,197,197,197,197,197,197,197,197,197,197,197,197,205,206,197,197,197,197,197,197,197,197,197,197,197,197,197,197,197,197,197,197,197,197,197,197,197,197,197,197,197,197,197,197,197,197,197,197,197,197,197,197,197,197,197,197,197,197,197,192,191,189,184,181,180,176,174,171,166,158,152
152,158,160,166,170,174,175,181,181,185,189,191,192,197,197,197,197,197,197,197,197,197,197,197,197,197,197,197,197,197,197,197,197,197,197,197,197,197,197,197,197,197,197,197,197,197,197,197,197,197,197,197,197,197,197,197,197,197,197,197,197,197,197,197,197,197,197,197,197,197,197,197,197,197,197,197,197,197,197,197,197,197,197,197,197,197,197,197,197,197,197,197,197,197,197,197,197,197,197,197,197,197,197,197,197,197,197,197,197,197,197,197,197,197,197,197,197,197,197,197,197,197,197,197,197,197,197,197,197,197,197,197,197,197,197,197,197,197,197,197,197,197,197,197,197,197,197,197,197,197,197,197,197,197,197,197,197,197,197,197,197,197,197,197,197,197,197,197,197,197,197,197,197,197,197,197,197,197,197,197,197,197,197,197,197,197,197,197,197,189,189,187,181,181,178,174,171,166,158,152
151,158,160,166,170,174,178,181,181,185,189,191,191,197,197,197,197,197,197,197,197,197,197,197,197,197,197,197,197,197,197,197,197,197,197,197,197,197,197,197,197,197,197,197,197,197,197,197,197,197,197,197,197,197,197,197,197,197,197,197,197,197,197,197,197,197,197,197,197,197,197,197,197,197,197,197,197,197,197,197,197,197,197,197,197,197,197,197,197,197,197,197,197,197,197,197,197,197,197,197,197,197,197,197,197,197,197,197,197,197,197,197,197,197,197,197,197,197,197,197,197,197,197,197,197,197,197,197,197,197,197,197,197,197,197,197,197,197,197,197,197,197,197,197,197,197,197,197,197,197,197,197,197,197,197,197,197,197,197,197,197,197,197,197,197,197,197,197,197,197,197,197,197,197,197,197,197,197,197,197,197,197,197,197,197,197,197,197,195,194,189,187,181,180,175,174,171,166,158,152
151,157,164,166,173,174,175,181,181,186,189,191,192,197,197,197,197,197,197,197,197,197,197,197,197,197,197,197,197,197,197,197,197,197,197,197,197,197,197,197,197,197,197,197,197,197,197,197,197,197,197,197,197,197,197,197,197,197,197,197,197,197,197,197,197,197,197,197,197,197,197,197,197,197,197,197,197,197,197,197,197,197,197,197,197,197,197,197,197,197,197,197,197,197,197,197,197,197,197,197,197,197,197,197,197,197,197,197,197,197,197,197,197,197,197,197,197,197,197,197,197,197,197,197,197,197,197,197,197,197,197,197,197,197,197,197,197,197,197,197,197,197,197,197,197,197,197,197,197,197,197,197,197,197,197,197,197,197,197,197,197,197,197,197,197,197,197,197,197,197,197,197,197,197,197,197,197,197,197,197,197,197,197,197,197,197,197,197,192,191,189,184,181,180,175,174,169,162,158,152
151,157,158,166,173,174,178,181,181,186,189,189,194,197,197,197,197,197,197,197,197,197,197,197,197,197,197,197,197,197,197,197,197,197,197,197,197,197,197,197,197,197,197,197,197,197,197,197,197,197,197,197,197,197,197,197,197,197,197,197,197,197,197,197,197,197,197,197,197,197,197,197,197,197,197,197,197,197,197,197,197,197,197,197,197,197,197,197,197,197,197,197,197,197,197,197,197,197,197,197,197,197,197,197,197,197,197,197,197,197,197,197,197,197,197,197,197,197,197,197,197,197,197,197,197,197,197,197,197,197,197,197,197,197,197,197,197,197,197,197,197,197,197,197,197,197,197,197,197,197,197,197,197,197,197,197,197,197,197,197,197,197,197,197,197,197,197,197,197,197,197,197,197,197,197,197,197,197,197,197,197,197,197,197,197,197,197,197,194,189,189,184,181,181,178,174,168,162,158,152
151,155,164,166,171,174,175,177,181,184,189,189,195,197,197,197,197,197,197,197,197,197,197,197,197,197,197,197,197,197,197,197,197,197,197,197,197,197,197,197,197,197,197,197,197,197,197,197,197,197,197,197,197,197,197,197,197,197,197,197,197,197,197,197,197,197,197,197,197,197,197,197,197,197,197,197,197,197,197,197,197,197,197,197,197,197,197,197,197,197,197,197,197,197,197,197,197,197,197,197,197,197,197,197,197,197,197,197,197,197,197,197,197,197,197,197,197,197,197,197,197,197,197,197,197,197,197,197,197,197,197,197,197,197,197,197,197,197,197,197,197,197,197,197,197,197,197,197,197,197,197,197,197,197,197,197,197,197,197,197,197,197,197,197,197,197,197,197,197,197,197,197,197,197,197,197,197,197,197,197,197,197,197,197,197,197,197,196,191,189,189,184,181,181,178,174,172,166,158,152
138,153,163,166,173,174,177,181,181,184,189,190,194,193,197,197,197,197,197,197,197,197,197,197,197,197,197,197,197,197,197,197,197,197,197,197,197,197,197,197,197,197,197,197,197,197,197,197,197,197,197,197,197,197,197,197,197,197,197,197,197,197,197,197,197,197,197,197,197,197,197,197,197,197,197,197,197,197,197,197,197,197,197,197,197,197,197,197,197,197,197,197,197,197,197,197,197,197,197,197,197,197,197,197,197,197,197,197,197,197,197,197,197,197,197,197,197,197,197,197,197,197,197,197,197,197,197,197,197,197,197,197,197,197,197,197,197,197,197,197,197,197,197,197,197,197,197,197,197,197,197,197,197,197,197,197,197,197,197,197,197,197,197,197,197,197,197,197,197,197,197,197,197,197,197,197,197,197,197,197,197,197,197,197,197,197,197,197,191,189,185,187,181,181,174,174,172,164,157,152
97,153,163,166,171,174,175,181,181,184,189,189,194,196,197,197,197,197,197,197,197,197,197,197,197,197,197,197,197,197,197,197,197,197,197,197,197,197,197,197,197,197,197,197,197,197,197,197,197,197,197,197,197,197,197,197,197,197,197,197,197,197,197,197,197,197,197,197,197,197,197,197,197,197,197,197,197,197,197,197,197,197,197,197,197,197,197,197,197,197,197,197,197,197,197,197,197,197,197,197,197,197,197,197,197,197,197,197,197,197,197,197,197,197,197,197,197,197,197,197,197,197,197,197,197,197,197,197,197,197,197,197,197,197,197,197,197,197,197,197,197,197,197,197,197,197,197,197,197,197,197,197,197,197,197,197,197,197,197,197,197,197,197,197,197,197,197,197,197,197,197,197,197,197,197,197,197,197,197,197,197,197,197,197,197,197,197,193,194,189,188,187,181,181,175,174,167,160,155,152
97,153,158,166,172,174,178,180,181,184,189,189,191,196,197,197,197,197,197,197,197,197,197,197,197,197,197,197,197,197,197,197,197,197,197,197,197,197,197,197,197,197,197,197,197,197,197,197,197,197,197,197,197,197,197,197,197,197,197,197,197,197,197,197,197,197,197,197,197,197,197,197,197,197,197,197,197,197,197,197,197,197,197,197,197,197,197,197,197,197,197,197,197,197,197,197,197,197,197,197,197,197,197,197,197,197,197,197,197,197,197,197,197,197,197,197,197,197,197,197,197,197,197,197,197,197,197,197,197,197,197,197,197,197,197,197,197,197,197,197,197,197,197,197,197,197,197,197,197,197,197,197,197,197,197,197,197,197,197,197,197,197,197,197,197,197,197,197,197,197,197,197,197,197,197,197,197,197,197,197,197,197,197,197,197,197,197,192,192,189,185,183,181,179,174,174,166,160,155,152
97,152,158,166,172,174,174,177,181,182,185,189,190,196,197,197,197,197,197,197,197,197,197,197,197,197,197,197,197,197,197,197,197,197,197,197,197,197,197,197,197,197,197,197,197,197,197,197,197,197,197,197,197,197,197,197,197,197,197,197,197,197,197,197,197,197,197,197,197,197,197,197,197,197,197,197,197,197,197,197,197,197,197,197,197,197,197,197,197,197,197,197,197,197,197,197,197,197,197,197,197,197,197,197,197,197,197,197,197,197,197,197,197,197,197,197,197,197,197,197,197,197,197,197,197,197,197,197,197,197,197,197,197,197,197,197,197,197,197,197,197,197,197,197,197,197,197,197,197,197,197,197,197,197,197,197,197,197,197,197,197,197,197,197,197,197,197,197,197,197,197,197,197,197,197,197,197,197,197,197,197,197,197,197,197,197,197,196,192,189,188,186,181,181,175,174,166,163,153,151
97,152,158,166,171,174,174,177,181,184,185,189,194,196,197,197,197,197,197,197,197,197,197,197,197,197,197,197,197,197,197,197,197,197,197,197,197,197,197,197,197,197,197,197,197,197,197,197,197,197,197,197,197,197,197,197,197,197,197,197,197,197,197,197,197,197,197,197,197,197,197,197,197,197,197,197,197,197,197,197,197,197,197,197,197,197,197,197,197,197,197,197,197,197,197,197,197,197,197,197,197,197,197,197,197,197,197,197,197,197,197,197,197,197,197,197,197,197,197,197,197,197,197,197,197,197,197,197,197,197,197,197,197,197,197,197,197,197,197,197,197,197,197,197,197,197,197,197,197,197,197,197,197,197,197,197,197,197,197,197,197,197,197,197,197,197,197,197,197,197,197,197,197,197,197,197,197,197,197,197,197,197,197,197,197,197,197,196,191,189,185,183,181,177,174,174,166,158,153,137
97,152,158,166,168,174,174,178,181,186,189,189,191,192,197,197,197,197,197,197,197,197,197,197,197,197,197,197,197,197,197,197,197,197,197,197,199,205,203,197,197,197,197,197,197,197,197,197,197,197,197,197,197,197,197,197,197,197,197,197,197,197,197,197,197,197,197,197,197,197,197,197,197,197,197,197,197,197,197,197,197,197,197,197,197,197,197,197,197,197,197,197,197,197,197,197,197,197,197,197,197,197,197,197,197,197,197,197,197,197,197,197,197,197,197,197,197,197,197,197,197,197,197,197,197,197,197,197,197,197,197,197,197,197,197,197,197,197,197,197,197,197,197,197,197,197,197,197,197,197,197,197,197,197,197,197,197,197,197,197,197,197,197,197,197,197,197,197,197,197,197,197,197,197,197,197,197,197,197,197,197,197,197,197,197,197,197,195,190,189,185,183,181,177,174,174,166,158,152,137
97,151,158,165,171,174,174,176,181,186,187,189,191,191,197,197,197,197,197,197,197,197,197,197,197,197,197,197,197,197,197,197,197,197,204,208,208,208,204,206,206,204,198,197,197,197,197,197,197,197,197,197,197,197,197,197,197,197,197,197,197,197,197,197,197,197,197,197,197,197,197,197,197,197,197,197,197,197,197,197,197,197,197,197,197,197,197,197,197,197,197,197,197,197,197,197,197,197,197,197,197,197,197,197,197,197,197,197,197,197,197,197,197,197,197,197,197,197,197,197,197,197,197,197,197,197,197,197,197,197,197,197,197,197,197,197,197,197,197,197,197,197,197,197,197,197,197,197,197,197,197,197,197,197,197,197,200,207,207,208,208,208,208,208,201,199,197,197,197,197,197,197,197,197,197,197,197,197,197,197,197,197,197,197,197,197,197,192,190,189,184,183,181,178,174,169,166,158,152,138
97,151,157,160,166,173,174,178,181,183,184,189,191,192,197,197,197,197,197,197,197,197,197,197,197,197,197,197,197,197,197,197,197,197,207,205,72,45,45,42,55,99,196,207,206,201,199,197,197,197,197,197,197,197,197,197,197,197,197,197,197,197,197,197,197,197,197,197,197,197,197,197,197,197,197,197,197,197,197,197,197,197,197,197,197,197,197,197,197,197,197,197,197,197,197,197,197,197,197,197,197,197,197,197,197,197,197,197,197,197,197,197,197,197,197,197,197,197,197,197,197,197,197,197,197,197,197,197,197,197,197,197,197,197,197,197,197,197,197,197,197,197,197,197,197,197,197,197,197,197,197,197,197,204,207,208,196,120,69,52,59,60,109,199,208,206,197,197,197,197,197,197,197,197,197,197,197,197,197,197,197,197,197,197,197,197,197,191,189,189,184,181,181,177,174,172,166,158,152,97
97,152,153,160,166,173,174,176,181,181,187,189,189,192,197,197,197,197,197,197,197,197,197,197,197,197,197,197,197,197,197,197,197,200,208,46,46,46,46,46,46,46,46,46,46,107,188,208,202,206,201,197,197,197,197,197,197,197,197,197,197,197,197,197,197,197,197,197,197,197,197,197,197,197,197,197,197,197,197,197,197,197,197,197,197,197,197,197,197,197,197,197,197,197,197,197,197,197,197,197,197,197,197,197,197,197,197,197,197,197,197,197,197,197,197,197,197,197,197,197,197,197,197,197,197,197,197,197,197,197,197,197,197,197,197,197,197,197,197,197,197,197,197,197,197,197,197,197,199,204,206,208,191,90,46,46,46,46,46,46,46,46,46,46,123,208,199,197,197,197,197,197,197,197,197,197,197,197,197,197,197,197,197,197,197,197,196,192,189,189,184,181,180,175,174,171,162,158,152,97
97,111,155,159,166,169,174,178,178,181,186,185,189,192,196,197,197,197,197,197,197,197,197,197,197,197,197,197,197,197,197,197,197,207,171,46,46,46,46,46,46,46,46,46,46,46,46,43,48,84,164,199,207,201,204,197,197,197,197,197,197,197,197,197,197,197,197,197,197,197,197,197,197,197,197,197,197,197,197,197,197,197,197,197,197,197,197,197,197,197,197,197,197,197,197,197,197,197,197,197,197,197,197,197,197,197,197,197,197,197,197,197,197,197,197,197,197,197,197,197,197,197,197,197,197,197,197,197,197,197,197,197,197,197,197,197,197,197,197,197,197,197,197,197,205,201,206,208,183,120,40,46,46,46,46,46,46,46,46,46,46,46,46,46,46,208,201,197,197,197,197,197,197,197,197,197,197,197,197,197,197,197,197,197,197,197,196,194,189,185,186,181,180,175,174,168,161,156,152,97
97,111,152,158,166,169,174,178,177,181,184,188,189,191,196,197,197,197,197,197,197,197,197,197,197,197,197,197,197,197,197,197,197,204,126,46,46,46,46,46,46,46,46,46,46,46,46,46,46,46,46,46,46,46,109,167,203,208,204,206,201,199,197,197,197,197,197,197,197,197,197,197,197,197,197,197,197,197,197,197,197,197,197,197,197,197,197,197,197,197,197,197,197,197,197,197,197,197,197,197,197,197,197,197,197,197,197,197,197,197,197,197,197,197,197,197,197,197,197,197,197,197,197,197,197,197,197,197,197,197,197,197,197,197,197,197,197,197,199,204,206,208,208,181,149,70,46,46,46,46,46,46,46,46,46,46,46,46,46,46,46,46,46,46,46,183,198,197,197,197,197,197,197,197,197,197,197,197,197,197,197,197,197,197,197,197,197,191,189,184,182,181,180,174,174,166,159,153,151,97
97,97,152,158,165,167,174,174,178,181,183,183,189,190,195,197,197,197,197,197,197,197,197,197,197,197,197,197,197,197,197,197,197,201,126,46,46,46,46,46,46,46,46,45,46,43,46,46,46,46,46,46,46,46,46,46,46,46,46,82,130,171,208,206,206,200,205,203,197,197,197,197,197,197,197,197,197,197,197,197,197,197,197,197,197,197,197,197,197,197,197,197,197,197,197,197,197,197,197,197,197,197,197,197,197,197,197,197,197,197,197,197,197,197,197,197,197,197,197,197,197,197,197,197,197,197,197,197,197,197,197,197,199,199,204,207,208,193,156,103,57,46,46,46,46,46,46,46,46,46,46,46,46,46,46,43,46,46,46,46,46,46,46,46,46,205,199,197,197,197,197,197,197,197,197,197,197,197,197,197,197,197,197,197,197,197,194,191,189,184,183,181,177,174,174,166,158,152,152,97
97,97,152,157,160,167,173,174,177,181,183,188,189,189,194,197,197,197,197,197,197,197,197,197,197,197,197,197,197,197,197,197,197,199,148,46,46,46,46,43,46,46,46,46,46,46,46,46,46,46,46,46,46,46,46,46,46,46,46,46,46,46,46,46,43,68,110,154,195,204,207,202,202,205,200,199,198,198,197,197,197,197,197,197,197,197,197,197,197,197,197,197,197,197,197,197,197,197,197,197,197,197,197,197,197,197,197,197,197,197,197,197,197,197,197,197,197,197,197,197,197,198,198,198,204,204,202,206,206,204,201,158,128,89,49,33,46,46,46,46,46,46,46,46,46,46,45,36,46,46,46,46,46,46,46,46,46,46,46,36,46,46,46,46,46,208,199,197,197,197,197,197,197,197,197,197,197,197,197,197,197,197,197,197,197,197,195,189,189,184,182,181,177,174,171,165,158,152,142,97
97,97,151,155,163,166,169,174,178,181,181,187,189,191,192,197,197,197,197,197,197,197,197,197,197,197,197,197,197,197,197,197,197,199,178,46,46,46,46,46,46,46,46,46,46,46,46,46,46,46,46,46,46,46,46,46,45,45,46,46,46,46,46,46,46,46,46,46,46,46,46,42,53,72,92,116,160,208,208,208,208,202,206,202,206,206,201,201,205,205,205,199,203,203,199,199,203,203,199,199,203,203,199,199,203,203,199,203,205,205,205,205,204,206,207,208,208,206,206,208,208,208,183,128,85,72,57,45,45,46,46,46,46,46,46,46,46,46,46,46,46,36,46,46,46,46,46,46,46,46,46,46,46,45,46,46,46,46,46,46,46,46,46,46,46,208,197,197,197,197,197,197,197,197,197,197,197,197,197,197,197,197,197,197,197,196,191,189,189,183,181,177,175,174,168,163,158,152,97,97
97,97,129,153,158,166,169,174,177,180,181,186,189,189,192,197,197,197,197,197,197,197,197,197,197,197,197,197,197,197,197,197,197,199,196,46,46,46,36,46,46,45,46,46,46,46,46,46,46,46,46,46,46,46,46,46,46,46,46,46,46,46,46,46,46,36,46,46,46,46,46,46,46,46,46,46,46,46,46,46,46,46,46,53,63,65,70,79,115,134,137,144,177,176,177,195,195,195,195,195,195,195,195,195,177,176,173,137,137,131,115,79,70,65,55,53,49,46,46,46,46,46,46,46,46,46,46,46,46,46,46,46,46,46,43,46,46,46,46,46,46,46,46,46,46,46,45,46,46,46,46,46,46,46,46,46,46,46,46,46,36,46,46,46,46,208,197,197,197,197,197,197,197,197,197,197,197,197,197,197,197,197,197,197,197,196,191,189,185,183,181,177,175,174,166,163,155,152,97,97
97,97,97,152,158,166,168,174,174,176,181,181,185,189,195,193,197,197,197,197,197,197,197,197,197,197,197,197,197,197,197,197,197,197,196,46,43,43,46,45,46,46,45,46,46,46,46,45,45,46,46,46,46,46,46,46,45,46,43,43,43,43,46,46,43,46,46,45,45,45,45,46,46,45,43,43,46,46,45,46,46,46,46,46,46,46,46,46,45,45,43,46,46,46,46,46,46,46,46,46,46,46,46,46,46,46,46,46,46,46,45,46,46,46,46,46,46,46,46,45,46,46,45,46,46,45,43,46,46,43,46,43,46,46,46,46,46,46,46,43,46,43,45,45,46,46,46,46,46,45,45,45,45,45,45,46,46,43,46,46,46,45,46,46,43,207,197,197,197,197,197,197,197,197,197,197,197,197,197,197,197,197,197,197,197,194,191,189,189,183,181,177,175,173,166,158,153,152,97,97
97,97,97,152,158,162,166,174,174,177,181,181,184,189,191,194,197,197,197,197,197,197,197,197,197,197,197,197,197,197,197,197,197,197,207,46,46,46,46,46,46,46,46,46,70,117,75,59,46,46,46,46,46,46,46,46,46,46,46,46,46,46,46,46,46,46,46,46,46,46,46,46,46,46,46,46,46,46,46,46,46,46,46,46,46,46,46,46,46,46,46,46,46,46,46,46,46,46,46,46,46,46,46,46,46,46,46,46,46,46,46,46,46,46,46,46,46,46,46,46,46,46,46,46,46,46,46,46,46,46,46,46,46,46,46,46,46,46,46,46,46,46,46,46,46,46,46,46,46,46,46,46,46,50,80,108,47,46,46,46,46,46,46,46,59,207,197,197,197,197,197,197,197,197,197,197,197,197,197,197,197,197,197,197,197,195,191,189,186,181,181,177,174,172,166,158,152,137,97,97
97,97,97,151,154,161,166,170,174,178,180,181,187,189,189,195,193,197,197,197,197,197,197,197,197,197,197,197,197,197,197,197,197,197,205,54,54,54,49,47,51,47,64,194,186,194,194,194,194,187,148,93,66,46,46,49,49,55,49,47,55,51,49,55,54,47,47,54,49,49,54,47,51,49,49,54,54,49,54,47,51,49,49,49,49,54,51,54,54,49,49,49,49,54,51,54,54,49,49,49,49,54,51,54,54,49,49,49,49,54,51,54,54,49,49,49,55,49,49,49,49,54,49,54,49,49,51,54,49,49,54,54,54,47,49,55,49,49,47,54,54,54,49,49,54,49,49,49,47,59,93,175,191,194,194,194,194,54,47,49,55,49,49,49,83,199,197,197,197,197,197,197,197,197,197,197,197,197,197,197,197,197,197,197,196,190,189,188,186,181,177,178,174,168,162,158,152,97,97,97
97,97,97,110,155,160,166,170,174,178,178,181,183,189,189,191,192,197,197,197,197,197,197,197,197,197,197,197,197,197,197,197,197,197,199,59,57,51,55,52,57,50,194,186,194,194,194,194,194,194,194,194,194,194,206,206,163,103,74,46,54,55,56,55,52,52,51,51,52,51,55,51,52,51,55,55,51,52,57,59,51,51,55,57,52,51,56,57,49,52,57,56,51,52,55,55,51,51,55,57,52,51,56,57,49,52,57,56,51,52,55,55,51,51,57,55,57,57,55,57,52,51,55,55,52,51,55,51,55,55,51,52,57,57,52,51,55,55,57,55,51,52,51,49,62,83,127,206,194,194,194,194,194,194,186,191,194,160,60,59,51,55,52,55,144,197,197,197,197,197,197,197,197,197,197,197,197,197,197,197,197,197,197,197,193,194,189,185,186,181,180,174,174,166,163,156,152,97,97,97
97,97,97,101,152,158,166,169,174,174,178,181,186,186,189,191,192,197,197,197,197,197,197,197,197,197,197,197,197,197,197,197,197,197,199,132,60,60,60,59,59,55,194,186,194,170,186,194,194,194,194,194,194,197,195,203,198,198,206,207,210,206,184,162,128,93,52,49,57,60,60,60,57,60,57,60,60,60,60,57,60,52,57,59,59,52,57,57,59,59,60,57,60,59,59,60,60,60,57,59,59,52,57,57,59,59,60,57,60,59,59,60,60,60,52,60,57,60,59,59,59,52,57,60,57,60,60,57,60,60,60,57,52,52,57,60,60,57,50,93,126,172,206,206,195,195,195,197,194,194,194,194,194,194,186,194,186,186,60,59,59,57,59,57,200,197,197,197,197,197,197,197,197,197,197,197,197,197,197,197,197,197,197,197,191,190,189,189,186,181,178,174,173,166,158,152,151,97,97,97
97,97,97,97,152,158,160,167,173,174,176,181,181,183,189,194,194,197,197,197,197,197,197,197,197,197,197,197,197,197,197,197,197,197,197,190,60,60,60,60,60,62,194,194,194,194,186,194,194,194,194,194,194,197,197,204,203,204,198,201,201,207,209,210,210,210,210,213,222,222,199,171,129,113,81,61,61,60,60,60,60,60,60,60,60,60,60,60,60,60,60,60,60,60,60,60,60,60,60,60,60,60,60,60,60,60,60,60,60,60,60,60,60,60,60,60,60,60,60,60,60,60,60,60,60,60,60,60,60,60,62,63,81,127,158,198,219,210,210,210,207,200,198,194,206,200,197,197,194,194,194,194,194,194,186,194,194,164,60,60,60,60,60,57,208,197,197,197,197,197,197,197,197,197,197,197,197,197,197,197,197,197,197,196,191,189,189,189,183,181,177,174,174,166,158,152,141,97,97,97
97,97,97,97,151,154,160,166,171,174,175,180,181,183,188,189,191,196,197,197,197,197,197,197,197,197,197,197,197,197,197,197,197,197,197,206,67,62,62,68,68,60,183,186,194,186,186,194,194,194,194,194,197,194,197,198,200,206,207,201,209,201,207,210,210,210,211,213,211,222,220,220,225,217,226,226,226,226,230,218,208,196,191,164,132,123,97,60,62,61,60,61,60,68,61,62,68,68,65,65,65,62,68,61,70,61,62,70,61,68,62,63,65,68,65,65,62,62,60,60,62,74,97,132,156,180,193,209,217,217,214,219,213,211,211,210,210,207,201,207,207,207,198,195,197,204,194,197,194,194,194,194,194,194,170,194,186,68,68,61,68,61,68,77,200,197,197,197,197,197,197,197,197,197,197,197,197,197,197,197,197,197,197,196,192,189,185,182,181,177,175,174,167,160,157,152,111,97,97,97
97,97,97,97,139,152,158,166,172,174,175,176,181,182,189,189,191,197,197,197,197,197,197,197,197,197,197,197,197,197,197,197,197,197,197,204,67,71,66,71,71,66,92,186,186,194,194,194,194,194,194,194,197,197,195,204,204,204,209,204,209,207,210,210,210,213,219,211,211,222,210,220,216,220,223,226,226,226,226,236,227,229,237,237,229,232,230,233,242,243,243,243,243,243,243,243,243,243,230,230,230,230,230,230,218,221,230,230,221,221,221,230,230,230,242,242,239,236,229,226,226,226,226,226,223,225,223,217,223,220,216,219,210,211,219,210,210,210,210,207,200,204,204,197,203,197,195,197,194,194,194,194,194,194,191,186,162,60,70,71,68,72,71,152,197,197,197,197,197,197,197,197,197,197,197,197,197,197,197,197,197,197,197,195,190,189,188,183,181,177,174,174,166,158,153,152,97,97,97,97
97,97,97,97,97,152,157,162,168,174,174,179,181,181,187,189,189,191,196,197,197,197,197,197,197,197,197,197,197,197,197,197,197,197,197,197,122,73,72,73,73,71,60,194,194,194,194,194,194,194,194,194,194,195,197,206,200,206,204,207,201,210,210,210,210,210,213,213,219,220,210,223,225,223,226,223,226,226,226,226,236,236,229,227,232,232,232,233,240,243,243,243,243,243,243,243,243,243,243,243,243,243,243,243,243,243,243,243,243,243,243,240,233,240,237,237,232,232,229,226,226,226,226,226,226,223,226,220,217,222,210,216,219,213,213,210,210,210,210,210,200,201,198,194,195,204,194,197,194,194,194,194,194,194,194,194,39,60,71,73,73,73,73,202,197,197,197,197,197,197,197,197,197,197,197,197,197,197,197,197,197,197,196,191,189,189,187,181,181,174,174,173,166,158,152,151,97,97,97,97
97,97,97,97,97,151,153,159,166,173,174,175,180,181,184,185,189,194,192,197,197,197,197,197,197,197,197,197,197,197,197,197,197,197,197,197,186,73,73,73,73,73,62,69,194,194,186,194,194,194,194,194,194,197,200,197,198,207,209,204,210,209,210,210,210,210,213,213,213,222,213,217,223,220,225,223,226,226,226,229,227,229,232,237,232,232,233,240,243,243,243,243,243,243,243,243,243,243,243,243,243,243,243,243,243,243,243,243,243,243,243,240,240,240,232,239,230,239,229,226,236,226,226,226,226,226,223,225,222,216,210,211,211,213,213,210,210,210,207,210,207,209,198,197,206,203,203,194,194,194,194,194,194,194,191,78,43,60,73,73,73,73,75,197,197,197,197,197,197,197,197,197,197,197,197,197,197,197,197,197,197,197,196,190,189,189,186,181,181,175,174,171,165,157,152,97,97,97,97,97
97,97,97,97,97,121,152,158,166,173,174,175,181,181,183,188,189,194,194,197,197,197,197,197,197,197,197,197,197,197,197,197,197,197,197,197,201,73,75,77,75,77,71,45,175,194,186,194,194,194,194,194,197,203,203,197,194,200,200,204,204,207,210,210,210,210,219,211,220,219,214,220,222,223,217,217,226,226,226,229,229,232,232,229,237,240,240,242,243,243,243,243,243,243,243,243,243,243,243,243,243,243,243,243,243,243,243,243,243,243,243,242,243,240,240,239,230,236,229,229,226,226,226,226,217,223,217,220,220,220,213,220,211,211,210,210,210,210,210,207,207,200,207,204,197,203,203,197,194,194,194,194,194,194,163,28,46,71,75,80,80,74,137,197,197,197,197,197,197,197,197,197,197,197,197,197,197,197,197,197,197,197,192,194,189,186,186,181,178,175,174,166,159,153,152,97,97,97,97,97
97,97,97,97,97,97,152,157,165,171,174,174,178,181,181,186,189,189,195,197,197,197,197,197,197,197,197,197,197,197,197,197,197,197,197,197,197,118,83,77,83,78,74,56,29,194,194,194,194,194,194,194,203,194,203,200,206,206,204,207,207,210,210,210,210,210,213,213,213,211,216,223,223,223,226,226,226,226,226,236,226,237,232,239,239,240,237,233,243,240,243,243,243,243,243,243,243,243,243,243,243,243,243,243,243,243,243,243,243,243,243,243,240,242,240,232,237,229,229,226,226,226,226,226,226,223,223,216,216,220,210,219,210,210,213,210,210,210,207,207,207,198,209,206,197,195,203,197,194,194,194,194,194,161,28,43,60,75,83,83,83,81,202,197,197,197,197,197,197,197,197,197,197,197,197,197,197,197,197,197,197,194,191,189,189,186,181,181,177,174,169,166,158,152,151,97,97,97,97,97
97,97,97,97,97,97,151,152,160,166,169,174,175,180,181,183,188,189,194,191,197,197,197,197,197,197,197,197,197,197,197,197,197,197,197,197,197,184,84,84,84,84,82,70,46,39,194,194,194,194,194,194,194,197,200,206,200,200,200,209,209,210,210,210,210,213,213,220,211,213,214,216,220,216,225,226,226,226,226,229,229,236,239,226,232,232,232,240,243,240,243,243,243,243,243,243,243,243,243,243,243,243,243,243,243,243,243,243,243,243,243,233,240,242,239,239,230,237,232,227,226,226,226,226,226,226,223,220,220,220,210,220,220,210,210,210,210,210,210,209,209,200,206,206,200,197,197,194,194,194,194,194,103,28,28,49,73,84,84,83,84,84,198,197,197,197,197,197,197,197,197,197,197,197,197,197,197,197,197,197,197,192,190,189,189,183,181,180,178,174,172,161,155,152,111,97,97,97,97,97
97,97,97,97,97,97,129,152,158,166,169,174,174,177,181,186,184,189,189,192,196,197,197,197,197,197,197,197,197,197,197,197,197,197,197,197,197,200,85,86,91,91,86,82,61,41,28,97,194,194,194,194,194,197,195,204,194,198,198,209,209,210,210,210,210,213,213,211,213,219,214,216,216,223,226,226,226,226,226,236,229,227,232,230,239,237,240,233,240,243,243,243,243,243,243,243,243,243,243,243,243,243,243,243,243,243,243,243,243,243,243,240,240,240,233,232,237,232,229,227,229,226,226,226,226,226,217,223,217,216,213,213,219,213,219,210,210,210,201,210,201,204,201,200,206,195,194,203,194,194,194,38,28,28,46,73,84,86,85,86,86,186,197,197,197,197,197,197,197,197,197,197,197,197,197,197,197,197,197,197,193,195,191,189,186,181,181,177,174,173,166,163,153,152,97,97,97,97,97,97
97,97,97,97,97,97,97,152,158,162,166,170,174,177,177,181,186,188,189,194,197,197,197,197,197,197,197,197,197,197,197,197,197,197,197,197,197,199,137,87,92,91,88,86,76,54,28,28,28,102,194,194,194,194,203,197,197,200,204,201,207,210,210,210,210,210,210,213,216,220,214,216,223,225,225,217,226,226,226,226,236,227,229,237,232,233,239,243,243,243,243,243,243,243,243,243,243,243,243,243,243,243,243,243,243,243,243,243,243,243,233,240,243,233,232,230,239,230,227,229,236,226,226,226,226,217,225,217,222,220,213,216,213,219,210,210,210,210,201,207,200,207,204,204,206,197,197,194,203,102,28,28,28,46,72,84,93,93,88,92,87,199,197,197,197,197,197,197,197,197,197,197,197,197,197,197,197,197,197,197,196,190,189,185,184,181,177,174,174,168,166,158,152,138,97,97,97,97,97,97
97,97,97,97,97,97,97,152,155,160,166,173,174,175,178,181,183,185,189,191,195,196,197,197,197,197,197,197,197,197,197,197,197,197,197,197,197,197,205,93,93,95,95,95,89,73,52,31,28,28,28,88,203,195,203,200,206,206,201,209,207,210,210,210,210,210,219,210,213,216,220,220,220,225,226,223,226,226,226,229,229,227,239,236,230,230,240,237,242,242,243,243,243,243,243,243,243,243,243,243,243,243,243,243,243,243,243,243,243,243,243,232,240,230,233,232,237,232,229,226,226,226,226,226,226,217,217,217,216,214,213,220,213,219,213,210,210,210,207,210,204,204,198,197,197,195,203,118,28,28,28,29,49,73,84,95,95,95,95,93,160,197,197,197,197,197,197,197,197,197,197,197,197,197,197,197,197,197,197,196,191,189,189,186,181,181,177,174,173,166,163,158,152,97,97,97,97,97,97,97
97,97,97,97,97,97,97,97,152,158,162,168,173,174,179,181,181,186,188,189,191,197,197,197,197,197,197,197,197,197,197,197,197,197,197,197,197,197,197,119,98,103,98,103,95,94,75,57,43,28,28,28,28,47,189,203,195,204,209,204,210,207,210,210,210,210,219,216,213,222,219,223,225,223,226,226,226,226,226,226,227,229,236,229,237,237,240,240,240,240,243,243,243,243,243,243,243,243,243,243,243,243,243,243,243,243,243,243,243,243,243,243,240,242,237,230,236,229,232,226,226,226,226,226,223,226,223,223,222,220,213,213,213,213,210,210,210,210,210,209,207,201,200,206,198,66,28,28,28,28,45,57,73,93,95,103,103,98,103,95,200,197,197,197,197,197,197,197,197,197,197,197,197,197,197,197,197,197,197,193,191,189,188,184,181,181,178,174,171,166,158,152,151,97,97,97,97,97,97,97
97,97,97,97,97,97,97,97,152,153,158,166,168,174,175,178,181,183,188,189,191,195,197,197,197,197,197,197,197,197,197,197,197,197,197,197,197,197,197,204,103,96,101,104,106,98,96,84,73,57,46,28,28,28,28,28,53,187,207,204,207,210,210,210,210,210,210,211,211,222,211,223,214,225,223,226,226,226,226,227,229,229,227,237,236,237,237,233,237,243,243,243,243,243,243,243,243,243,243,243,243,243,243,243,243,243,243,243,243,240,240,240,240,240,239,239,232,229,229,226,226,226,226,226,226,225,217,222,216,216,211,219,213,210,210,210,210,210,201,209,210,194,140,28,28,28,28,28,35,50,71,85,95,106,99,98,104,106,99,149,197,197,197,197,197,197,197,197,197,197,197,197,197,197,197,197,197,197,197,192,189,189,183,186,181,177,175,174,167,164,157,152,97,97,97,97,97,97,97,97
97,97,97,97,97,97,97,97,97,152,158,162,168,174,174,177,181,181,186,189,189,194,197,197,197,197,197,197,197,197,197,197,197,197,197,197,197,197,197,197,119,101,109,101,109,101,109,102,95,83,71,57,46,38,28,28,28,28,28,45,157,201,210,210,210,211,213,210,219,222,222,225,223,220,225,225,223,226,226,229,236,229,229,237,237,237,242,237,233,240,233,243,243,243,243,243,243,243,243,243,243,243,243,243,243,243,243,243,243,242,240,240,240,233,239,236,230,236,227,226,226,226,226,226,226,223,216,223,216,213,213,216,219,210,210,210,210,210,198,119,33,28,28,28,28,28,38,49,67,81,94,106,107,101,109,104,107,109,99,205,197,197,197,197,197,197,197,197,197,197,197,197,197,197,197,197,197,197,192,191,189,185,187,181,181,175,174,169,166,158,152,152,97,97,97,97,97,97,97,97
97,97,97,97,97,97,97,97,97,151,157,163,166,173,174,174,181,181,186,188,189,191,194,196,197,197,197,197,197,197,197,197,197,197,197,197,197,197,197,197,205,110,110,110,110,110,110,110,110,110,102,87,76,63,50,36,29,28,28,28,28,28,28,68,160,206,220,213,219,216,219,220,214,225,223,223,226,226,226,226,226,236,226,232,232,239,240,242,232,237,240,240,240,243,243,243,243,243,243,243,243,243,243,243,243,243,243,243,243,233,233,237,240,232,237,237,230,229,229,226,226,226,226,226,223,223,220,216,214,214,216,211,219,217,187,121,34,28,28,28,28,28,28,33,46,52,71,85,95,107,110,110,110,110,110,110,110,110,163,197,197,197,197,197,197,197,197,197,197,197,197,197,197,197,197,197,197,196,191,191,189,188,182,181,180,175,174,166,166,158,152,128,97,97,97,97,97,97,97,97
97,97,97,97,97,97,97,97,97,111,153,158,165,167,174,174,176,181,181,186,188,189,194,193,197,197,197,197,197,197,197,197,197,197,197,197,197,197,197,197,199,124,116,112,112,116,116,112,110,116,110,110,110,94,84,72,60,46,45,38,28,28,28,28,28,28,28,33,83,144,210,226,225,223,225,226,223,226,226,226,226,229,226,229,236,232,237,237,233,240,240,240,240,243,243,243,243,243,243,243,243,243,243,243,243,243,243,243,240,243,237,240,240,239,230,237,229,227,229,226,226,226,226,223,225,225,216,225,223,171,132,70,28,28,28,28,28,28,28,28,31,43,46,60,72,86,103,110,110,116,110,110,112,112,116,116,116,110,208,197,197,197,197,197,197,197,197,197,197,197,197,197,197,197,197,197,197,192,190,189,189,186,181,181,177,174,173,166,160,155,152,97,97,97,97,97,97,97,97,97
97,97,97,97,97,97,97,97,97,97,152,155,163,166,173,174,175,180,181,182,184,189,189,193,196,197,197,197,197,197,197,197,197,197,197,197,197,197,197,197,197,204,116,118,113,113,118,118,113,114,117,114,117,117,111,110,99,87,76,63,60,46,43,41,28,28,28,28,28,28,28,28,28,42,86,122,172,201,225,236,229,227,227,229,237,229,236,239,232,237,240,243,233,243,243,243,243,243,243,243,243,243,243,243,243,243,242,233,240,240,239,230,232,232,239,227,227,229,229,238,235,196,172,124,86,49,28,28,28,28,28,28,28,28,28,28,29,43,46,52,63,76,87,99,110,111,114,113,118,118,115,114,117,114,119,119,114,186,199,197,197,197,197,197,197,197,197,197,197,197,197,197,197,197,197,197,197,195,190,189,188,183,181,177,175,174,168,161,158,152,142,97,97,97,97,97,97,97,97,97
97,97,97,97,97,97,97,97,97,97,139,152,158,166,171,174,174,179,181,181,184,189,189,191,197,197,197,197,197,197,197,197,197,197,197,197,197,197,197,197,197,198,156,121,115,115,119,119,121,115,119,120,115,120,119,115,120,116,110,103,92,81,71,60,57,46,43,39,31,28,28,28,28,28,28,28,28,28,28,28,28,28,36,47,69,87,95,131,162,171,194,202,202,202,205,205,203,203,206,197,171,171,171,171,171,171,171,135,132,131,87,87,69,69,47,36,29,28,28,28,28,28,28,28,28,28,28,28,28,28,28,38,42,43,46,49,59,70,81,92,106,110,116,120,120,120,115,119,119,115,120,120,115,119,120,119,125,199,197,197,197,197,197,197,197,197,197,197,197,197,197,197,197,197,197,197,191,191,189,185,186,181,177,174,174,170,166,158,152,152,97,97,97,97,97,97,97,97,97,97
97,97,97,97,97,97,97,97,97,97,97,152,157,164,166,169,174,174,180,181,184,188,189,191,194,196,197,197,197,197,197,197,197,197,197,197,197,197,197,197,197,197,203,121,121,121,121,121,121,121,121,121,121,121,121,121,121,121,121,121,121,115,113,107,98,87,76,63,63,57,47,46,36,36,43,33,31,31,28,28,28,28,28,28,28,28,28,28,28,28,28,28,28,28,28,28,28,28,28,28,28,28,28,28,28,28,28,28,28,28,28,28,28,28,28,28,28,28,28,28,28,28,31,31,41,43,43,46,46,50,52,63,71,76,86,92,107,111,119,121,121,121,121,121,121,121,121,121,121,121,121,121,121,121,121,121,204,197,197,197,197,197,197,197,197,197,197,197,197,197,197,197,197,197,197,193,191,189,189,183,186,181,180,174,174,168,165,158,152,128,97,97,97,97,97,97,97,97,97,97
97,97,97,97,97,97,97,97,97,97,97,110,152,158,160,168,173,174,176,177,181,183,185,189,190,194,197,197,197,197,197,197,197,197,197,197,197,197,197,197,197,197,197,195,123,123,129,123,129,123,129,127,123,123,127,123,129,123,129,123,125,128,123,121,121,119,118,109,106,92,88,81,71,70,62,57,57,46,46,45,43,43,35,43,41,31,38,38,31,31,38,28,38,28,28,28,28,28,28,38,38,38,31,31,38,38,31,31,38,38,31,31,38,35,39,39,39,45,43,46,46,46,46,57,59,60,70,73,81,84,92,106,109,118,119,121,121,127,123,128,123,123,127,127,127,128,128,129,123,129,122,123,129,129,123,158,198,197,197,197,197,197,197,197,197,197,197,197,197,197,197,197,197,197,197,192,190,189,185,186,181,181,177,174,171,165,158,152,152,97,97,97,97,97,97,97,97,97,97,97
97,97,97,97,97,97,97,97,97,97,97,97,152,156,158,166,170,174,178,180,181,186,186,189,189,191,196,197,197,197,197,197,197,197,197,197,197,197,197,197,197,197,197,197,164,132,131,126,132,126,130,130,126,126,130,130,132,126,132,130,126,131,130,130,130,131,130,131,132,130,123,121,119,113,110,107,99,93,87,82,76,74,68,66,63,61,60,57,57,50,50,50,50,49,49,49,49,50,50,50,50,52,57,52,52,50,52,57,50,52,57,60,61,63,63,66,73,74,76,82,85,87,97,99,107,111,113,115,121,124,124,131,130,126,132,132,126,130,126,132,126,130,126,131,126,126,132,130,132,130,130,130,131,132,131,197,197,197,197,197,197,197,197,197,197,197,197,197,197,197,197,197,197,197,197,190,189,189,186,186,181,178,175,174,167,163,153,152,111,97,97,97,97,97,97,97,97,97,97,97
97,97,97,97,97,97,97,97,97,97,97,97,107,152,157,165,171,174,174,178,177,181,184,189,189,191,192,197,197,197,197,197,197,197,197,197,197,197,197,197,197,197,197,197,199,132,132,132,132,132,132,132,132,132,132,132,132,132,132,132,132,132,132,132,132,132,132,132,132,132,132,132,132,132,132,132,125,123,123,121,118,118,116,110,107,106,106,103,96,96,95,92,92,90,90,90,92,92,92,93,95,96,103,101,97,97,101,104,103,103,98,106,106,109,110,116,116,118,118,121,121,123,129,131,132,132,132,132,132,132,132,132,132,132,132,132,132,132,132,132,132,132,132,132,132,132,132,132,132,132,132,132,132,132,203,197,197,197,197,197,197,197,197,197,197,197,197,197,197,197,197,197,197,193,195,190,189,185,186,181,180,175,174,172,166,158,152,152,97,97,97,97,97,97,97,97,97,97,97,97
97,97,97,97,97,97,97,97,97,97,97,97,97,152,155,160,166,172,174,175,177,181,181,184,185,189,189,196,197,197,197,197,197,197,197,197,197,197,197,197,197,197,197,197,197,204,132,132,132,132,132,132,132,132,132,132,132,132,132,132,132,132,132,132,132,132,132,132,132,132,132,132,132,132,132,132,132,132,132,132,132,132,132,132,130,132,132,131,130,130,130,130,124,124,124,124,124,124,126,126,126,132,130,126,130,130,126,130,130,132,132,132,131,130,130,132,132,132,132,132,132,132,132,132,132,132,132,132,132,132,132,132,132,132,132,132,132,132,132,132,132,132,132,132,132,132,132,132,132,132,132,132,132,168,197,197,197,197,197,197,197,197,197,197,197,197,197,197,197,197,197,197,197,194,194,189,189,187,181,181,174,174,173,166,159,153,152,97,97,97,97,97,97,97,97,97,97,97,97,97
97,97,97,97,97,97,97,97,97,97,97,97,97,101,152,158,160,167,173,174,175,177,181,183,183,189,189,190,196,197,197,197,197,197,197,197,197,197,197,197,197,197,197,197,197,197,188,132,132,132,132,132,132,132,132,132,132,132,132,132,132,132,132,132,132,132,132,132,132,132,132,132,132,132,132,132,132,132,132,132,132,132,132,132,132,132,132,132,132,132,132,132,132,132,132,132,132,132,132,132,132,132,132,132,132,132,132,132,132,132,132,132,132,132,132,132,132,132,132,132,132,132,132,132,132,132,132,132,132,132,132,132,132,132,132,132,132,132,132,132,132,132,132,132,132,132,132,132,132,132,132,132,132,199,197,197,197,197,197,197,197,197,197,197,197,197,197,197,197,197,197,197,197,192,190,189,184,182,181,181,175,174,171,166,158,152,151,97,97,97,97,97,97,97,97,97,97,97,97,97
97,97,97,97,97,97,97,97,97,97,97,97,97,97,148,152,158,166,168,173,174,177,181,181,186,189,189,190,192,197,197,197,197,197,197,197,197,197,197,197,197,197,197,197,197,197,197,170,132,132,132,132,132,132,132,132,132,132,132,132,132,132,132,132,132,132,132,132,132,132,132,132,132,132,132,132,132,132,132,132,132,132,132,132,132,132,132,132,132,132,132,132,132,132,132,132,132,132,132,132,132,132,132,132,132,132,132,132,132,132,132,132,132,132,132,132,132,132,132,132,132,132,132,132,132,132,132,132,132,132,132,132,132,132,132,132,132,132,132,132,132,132,132,132,132,132,132,132,132,132,132,132,206,197,197,197,197,197,197,197,197,197,197,197,197,197,197,197,197,197,197,196,194,194,189,189,181,181,181,175,174,173,166,158,157,152,97,97,97,97,97,97,97,97,97,97,97,97,97,97
97,97,97,97,97,97,97,97,97,97,97,97,97,97,97,152,155,161,166,173,174,175,176,181,183,186,189,189,194,191,197,197,197,197,197,197,197,197,197,197,197,197,197,197,197,197,197,199,157,132,132,132,132,132,132,132,132,132,132,132,132,132,132,132,132,132,132,132,132,132,132,132,132,132,132,132,132,132,132,132,132,132,132,132,132,132,132,132,132,132,132,132,132,132,132,132,132,132,132,132,132,132,132,132,132,132,132,132,132,132,132,132,132,132,132,132,132,132,132,132,132,132,132,132,132,132,132,132,132,132,132,132,132,132,132,132,132,132,132,132,132,132,132,132,132,132,132,132,132,132,132,196,197,197,197,197,197,197,197,197,197,197,197,197,197,197,197,197,197,197,193,192,190,189,185,183,181,180,176,174,174,168,160,158,152,141,97,97,97,97,97,97,97,97,97,97,97,97,97,97
97,97,97,97,97,97,97,97,97,97,97,97,97,97,97,111,152,158,164,166,173,174,178,180,181,186,183,189,189,191,192,197,197,197,197,197,197,197,197,197,197,197,197,197,197,197,197,197,201,140,132,132,132,132,132,132,132,132,132,132,132,132,132,132,132,132,132,132,132,132,132,132,132,132,132,132,132,132,132,132,132,132,132,132,132,132,132,132,132,132,132,132,132,132,132,132,132,132,132,132,132,132,132,132,132,132,132,132,132,132,132,132,132,132,132,132,132,132,132,132,132,132,132,132,132,132,132,132,132,132,132,132,132,132,132,132,132,132,132,132,132,132,132,132,132,132,132,132,132,132,170,197,197,197,197,197,197,197,197,197,197,197,197,197,197,197,197,197,197,197,191,191,189,188,186,183,181,177,178,174,167,166,158,152,152,97,97,97,97,97,97,97,97,97,97,97,97,97,97,97
97,97,97,97,97,97,97,97,97,97,97,97,97,97,97,97,151,152,158,166,171,174,174,175,177,181,183,185,189,190,192,193,197,197,197,197,197,197,197,197,197,197,197,197,197,197,197,197,197,198,140,132,132,132,132,132,132,132,132,132,132,132,132,132,132,132,132,132,132,132,132,132,132,132,132,132,132,132,132,132,132,132,132,132,132,132,132,132,132,132,132,132,132,132,132,132,132,132,132,132,132,132,132,132,132,132,132,132,132,132,132,132,132,132,132,132,132,132,132,132,132,132,132,132,132,132,132,132,132,132,132,132,132,132,132,132,132,132,132,132,132,132,132,132,132,132,132,132,132,145,203,197,197,197,197,197,197,197,197,197,197,197,197,197,197,197,197,197,197,197,194,189,189,188,183,181,180,178,174,169,166,158,156,152,100,97,97,97,97,97,97,97,97,97,97,97,97,97,97,97
97,97,97,97,97,97,97,97,97,97,97,97,97,97,97,97,97,152,154,159,166,173,174,174,179,181,181,183,185,189,191,194,193,197,197,197,197,197,197,197,197,197,197,197,197,197,197,197,197,197,199,157,132,132,132,132,132,132,132,132,132,132,132,132,132,132,132,132,132,132,132,132,132,132,132,132,132,132,132,132,132,132,132,132,132,132,132,132,132,132,132,132,132,132,132,132,132,132,132,132,132,132,132,132,132,132,132,132,132,132,132,132,132,132,132,132,132,132,132,132,132,132,132,132,132,132,132,132,132,132,132,132,132,132,132,132,132,132,132,132,132,132,132,132,132,132,132,132,136,199,197,197,197,197,197,197,197,197,197,197,197,197,197,197,197,197,197,197,196,194,191,189,185,183,181,181,177,174,174,166,163,158,152,148,97,97,97,97,97,97,97,97,97,97,97,97,97,97,97,97
97,97,97,97,97,97,97,97,97,97,97,97,97,97,97,97,97,121,152,158,164,166,173,174,178,179,181,183,186,189,189,191,195,196,197,197,197,197,197,197,197,197,197,197,197,197,197,197,197,197,197,203,157,132,132,132,132,132,132,132,132,132,132,132,132,132,132,132,132,132,132,132,132,132,132,132,132,132,132,132,132,132,132,132,132,132,132,132,132,132,132,132,132,132,132,132,132,132,132,132,132,132,132,132,132,132,132,132,132,132,132,132,132,132,132,132,132,132,132,132,132,132,132,132,132,132,132,132,132,132,132,132,132,132,132,132,132,132,132,132,132,132,132,132,132,132,132,136,202,197,197,197,197,197,197,197,197,197,197,197,197,197,197,197,197,197,197,196,191,191,189,185,186,181,181,177,174,174,169,164,158,153,152,97,97,97,97,97,97,97,97,97,97,97,97,97,97,97,97,97
97,97,97,97,97,97,97,97,97,97,97,97,97,97,97,97,97,97,152,153,158,166,166,173,174,175,177,181,186,183,189,189,194,196,197,197,197,197,197,197,197,197,197,197,197,197,197,197,197,197,197,197,197,171,132,132,132,132,132,132,132,132,132,132,132,132,132,132,132,132,132,132,132,132,132,132,132,132,132,132,132,132,132,132,132,132,132,132,132,132,132,132,132,132,132,132,132,132,132,132,132,132,132,132,132,132,132,132,132,132,132,132,132,132,132,132,132,132,132,132,132,132,132,132,132,132,132,132,132,132,132,132,132,132,132,132,132,132,132,132,132,132,132,132,132,132,136,205,197,197,197,197,197,197,197,197,197,197,197,197,197,197,197,197,197,197,197,195,190,189,188,184,186,181,177,174,174,167,166,158,153,152,108,97,97,97,97,97,97,97,97,97,97,97,97,97,97,97,97,97
97,97,97,97,97,97,97,97,97,97,97,97,97,97,97,97,97,97,97,152,156,159,166,171,174,174,178,180,181,182,184,189,189,190,196,197,197,197,197,197,197,197,197,197,197,197,197,197,197,197,197,197,197,198,185,132,132,132,132,132,132,132,132,132,132,132,132,132,132,132,132,132,132,132,132,132,132,132,132,132,132,132,132,132,132,132,132,132,132,132,132,132,132,132,132,132,132,132,132,132,132,132,132,132,132,132,132,132,132,132,132,132,132,132,132,132,132,132,132,132,132,132,132,132,132,132,132,132,132,132,132,132,132,132,132,132,132,132,132,132,132,132,132,132,132,152,202,197,197,197,197,197,197,197,197,197,197,197,197,197,197,197,197,197,197,197,197,194,189,189,185,182,181,181,176,174,170,166,163,158,152,141,97,97,97,97,97,97,97,97,97,97,97,97,97,97,97,97,97,97
97,97,97,97,97,97,97,97,97,97,97,97,97,97,97,97,97,97,97,107,152,155,163,166,171,174,175,178,181,181,183,189,189,189,191,193,197,197,197,197,197,197,197,197,197,197,197,197,197,197,197,197,197,197,197,192,132,132,132,132,132,132,132,132,132,132,132,132,132,132,132,132,132,132,132,132,132,132,132,132,132,132,132,132,132,132,132,132,132,132,132,132,132,132,132,132,132,132,132,132,132,132,132,132,132,132,132,132,132,132,132,132,132,132,132,132,132,132,132,132,132,132,132,132,132,132,132,132,132,132,132,132,132,132,132,132,132,132,132,132,132,132,132,132,177,197,197,197,197,197,197,197,197,197,197,197,197,197,197,197,197,197,197,197,197,195,191,189,189,184,183,181,180,178,175,174,171,164,158,152,151,97,97,97,97,97,97,97,97,97,97,97,97,97,97,97,97,97,97,97
97,97,97,97,97,97,97,97,97,97,97,97,97,97,97,97,97,97,97,97,141,152,158,162,166,173,174,178,178,181,181,184,188,189,189,192,197,197,197,197,197,197,197,197,197,197,197,197,197,197,197,197,197,197,197,198,200,132,132,132,132,132,132,132,132,132,132,132,132,132,132,132,132,132,132,132,132,132,132,132,132,132,132,132,132,132,132,132,132,132,132,132,132,132,132,132,132,132,132,132,132,132,132,132,132,132,132,132,132,132,132,132,132,132,132,132,132,132,132,132,132,132,132,132,132,132,132,132,132,132,132,132,132,132,132,132,132,132,132,132,132,132,132,202,199,197,197,197,197,197,197,197,197,197,197,197,197,197,197,197,197,197,197,197,196,194,191,189,184,182,181,180,176,178,174,172,166,158,152,152,101,97,97,97,97,97,97,97,97,97,97,97,97,97,97,97,97,97,97,97
97,97,97,97,97,97,97,97,97,97,97,97,97,97,97,97,97,97,97,97,97,151,152,158,166,168,174,174,175,179,181,181,187,189,189,194,192,196,197,197,197,197,197,197,197,197,197,197,197,197,197,197,197,197,197,197,197,206,133,132,132,132,132,132,132,132,132,132,132,132,132,132,132,132,132,132,132,132,132,132,132,132,132,132,132,132,132,132,132,132,132,132,132,132,132,132,132,132,132,132,132,132,132,132,132,132,132,132,132,132,132,132,132,132,132,132,132,132,132,132,132,132,132,132,132,132,132,132,132,132,132,132,132,132,132,132,132,132,132,132,132,139,206,197,197,197,197,197,197,197,197,197,197,197,197,197,197,197,197,197,197,197,197,194,191,194,189,188,183,181,181,177,174,174,171,166,160,152,152,129,97,97,97,97,97,97,97,97,97,97,97,97,97,97,97,97,97,97,97,97
97,97,97,97,97,97,97,97,97,97,97,97,97,97,97,97,97,97,97,97,97,97,152,154,158,166,172,174,174,175,177,181,183,183,189,189,191,191,196,197,197,197,197,197,197,197,197,197,197,197,197,197,197,197,197,197,197,197,205,144,132,132,132,132,132,132,132,132,132,132,132,132,132,132,132,132,132,132,132,132,132,132,132,132,132,132,132,132,132,132,132,132,132,132,132,132,132,132,132,132,132,132,132,132,132,132,132,132,132,132,132,132,132,132,132,132,132,132,132,132,132,132,132,132,132,132,132,132,132,132,132,132,132,132,132,132,132,132,132,132,174,201,197,197,197,197,197,197,197,197,197,197,197,197,197,197,197,197,197,197,197,197,193,191,191,189,188,183,182,181,180,174,174,169,166,163,158,152,121,97,97,97,97,97,97,97,97,97,97,97,97,97,97,97,97,97,97,97,97,97
97,97,97,97,97,97,97,97,97,97,97,97,97,97,97,97,97,97,97,97,97,97,97,152,154,158,166,171,173,174,174,177,181,186,186,185,189,189,192,196,197,197,197,197,197,197,197,197,197,197,197,197,197,197,197,197,197,197,197,199,185,132,132,132,132,132,132,132,132,132,132,132,132,132,132,132,132,132,132,132,132,132,132,132,132,132,132,132,132,132,132,132,132,132,132,132,132,132,132,132,132,132,132,132,132,132,132,132,132,132,132,132,132,132,132,132,132,132,132,132,132,132,132,132,132,132,132,132,132,132,132,132,132,132,132,132,132,132,132,207,198,197,197,197,197,197,197,197,197,197,197,197,197,197,197,197,197,197,197,197,197,194,191,189,189,185,186,181,181,181,174,174,169,166,160,158,152,152,97,97,97,97,97,97,97,97,97,97,97,97,97,97,97,97,97,97,97,97,97,97
97,97,97,97,97,97,97,97,97,97,97,97,97,97,97,97,97,97,97,97,97,97,97,121,152,155,163,166,169,174,174,179,180,181,183,184,189,189,189,191,194,197,197,197,197,197,197,197,197,197,197,197,197,197,197,197,197,197,197,197,203,205,136,132,132,132,132,132,132,132,132,132,132,132,132,132,132,132,132,132,132,132,132,132,132,132,132,132,132,132,132,132,132,132,132,132,132,132,132,132,132,132,132,132,132,132,132,132,132,132,132,132,132,132,132,132,132,132,132,132,132,132,132,132,132,132,132,132,132,132,132,132,132,132,132,132,132,157,201,199,197,197,197,197,197,197,197,197,197,197,197,197,197,197,197,197,197,197,197,197,193,191,191,189,186,183,186,181,177,174,174,173,167,165,158,152,151,97,97,97,97,97,97,97,97,97,97,97,97,97,97,97,97,97,97,97,97,97,97,97
97,97,97,97,97,97,97,97,97,97,97,97,97,97,97,97,97,97,97,97,97,97,97,97,127,152,157,163,166,169,174,174,177,181,181,183,186,189,189,191,194,196,197,197,197,197,197,197,197,197,197,197,197,197,197,197,197,197,197,197,197,197,199,172,132,132,132,132,132,132,132,132,132,132,132,132,132,132,132,132,132,132,132,132,132,132,132,132,132,132,132,132,132,132,132,132,132,132,132,132,132,132,132,132,132,132,132,132,132,132,132,132,132,132,132,132,132,132,132,132,132,132,132,132,132,132,132,132,132,132,132,132,132,132,132,133,203,199,197,197,197,197,197,197,197,197,197,197,197,197,197,197,197,197,197,197,197,197,196,191,192,189,189,185,186,181,181,180,175,174,173,166,162,158,152,152,97,97,97,97,97,97,97,97,97,97,97,97,97,97,97,97,97,97,97,97,97,97,97,97
97,97,97,97,97,97,97,97,97,97,97,97,97,97,97,97,97,97,97,97,97,97,97,97,97,152,152,158,163,166,171,174,174,178,177,181,181,183,188,189,191,194,195,197,197,197,197,197,197,197,197,197,197,197,197,197,197,197,197,197,197,197,197,197,208,132,132,132,132,132,132,132,132,132,132,132,132,132,132,132,132,132,132,132,132,132,132,132,132,132,132,132,132,132,132,132,132,132,132,132,132,132,132,132,132,132,132,132,132,132,132,132,132,132,132,132,132,132,132,132,132,132,132,132,132,132,132,132,132,132,132,132,132,132,178,201,197,197,197,197,197,197,197,197,197,197,197,197,197,197,197,197,197,197,197,197,197,197,194,190,191,189,186,184,181,181,180,178,174,174,168,161,158,153,152,97,97,97,97,97,97,97,97,97,97,97,97,97,97,97,97,97,97,97,97,97,97,97,97,97
97,97,97,97,97,97,97,97,97,97,97,97,97,97,97,97,97,97,97,97,97,97,97,97,97,97,152,152,158,160,166,169,174,175,177,177,181,181,182,188,189,189,192,195,196,197,197,197,197,197,197,197,197,197,197,197,197,197,197,197,197,197,197,197,197,201,186,132,132,132,132,132,132,132,132,132,132,132,132,132,132,132,132,132,132,132,132,132,132,132,132,132,132,132,132,132,132,132,132,132,132,132,132,132,132,132,132,132,132,132,132,132,132,132,132,132,132,132,132,132,132,132,132,132,132,132,132,132,132,132,132,132,154,207,204,197,197,197,197,197,197,197,197,197,197,197,197,197,197,197,197,197,197,197,197,197,196,192,191,189,189,188,183,181,181,181,177,174,174,171,161,158,155,152,108,97,97,97,97,97,97,97,97,97,97,97,97,97,97,97,97,97,97,97,97,97,97,97,97,97
97,97,97,97,97,97,97,97,97,97,97,97,97,97,97,97,97,97,97,97,97,97,97,97,97,97,97,151,152,158,161,166,169,174,175,178,180,181,183,184,185,189,189,194,196,197,197,197,197,197,197,197,197,197,197,197,197,197,197,197,197,197,197,197,197,197,199,208,169,132,132,132,132,132,132,132,132,132,132,132,132,132,132,132,132,132,132,132,132,132,132,132,132,132,132,132,132,132,132,132,132,132,132,132,132,132,132,132,132,132,132,132,132,132,132,132,132,132,132,132,132,132,132,132,132,132,132,132,132,132,132,205,200,197,197,197,197,197,197,197,197,197,197,197,197,197,197,197,197,197,197,197,197,197,197,196,192,194,189,189,185,184,181,181,177,177,174,174,168,160,158,152,152,107,97,97,97,97,97,97,97,97,97,97,97,97,97,97,97,97,97,97,97,97,97,97,97,97,97,97
97,97,97,97,97,97,97,97,97,97,97,97,97,97,97,97,97,97,97,97,97,97,97,97,97,97,97,97,152,152,157,160,166,171,174,174,178,177,181,181,183,186,189,189,194,194,196,197,197,197,197,197,197,197,197,197,197,197,197,197,197,197,197,197,197,197,197,197,203,206,152,132,132,132,132,132,132,132,132,132,132,132,132,132,132,132,132,132,132,132,132,132,132,132,132,132,132,132,132,132,132,132,132,132,132,132,132,132,132,132,132,132,132,132,132,132,132,132,132,132,132,132,132,132,132,132,132,132,136,199,204,197,197,197,197,197,197,197,197,197,197,197,197,197,197,197,197,197,197,197,197,197,197,197,194,191,191,189,189,184,186,181,181,177,178,174,174,166,166,158,152,152,142,97,97,97,97,97,97,97,97,97,97,97,97,97,97,97,97,97,97,97,97,97,97,97,97,97,97,97
97,97,97,97,97,97,97,97,97,97,97,97,97,97,97,97,97,97,97,97,97,97,97,97,97,97,97,97,97,152,152,158,159,166,168,174,175,174,177,181,181,183,188,189,189,189,190,192,197,197,197,197,197,197,197,197,197,197,197,197,197,197,197,197,197,197,197,197,197,197,203,207,154,132,132,132,132,132,132,132,132,132,132,132,132,132,132,132,132,132,132,132,132,132,132,132,132,132,132,132,132,132,132,132,132,132,132,132,132,132,132,132,132,132,132,132,132,132,132,132,132,132,132,132,132,132,132,201,206,199,197,197,197,197,197,197,197,197,197,197,197,197,197,197,197,197,197,197,197,197,197,197,197,191,191,189,189,185,186,186,181,181,180,174,174,174,168,161,158,152,152,142,97,97,97,97,97,97,97,97,97,97,97,97,97,97,97,97,97,97,97,97,97,97,97,97,97,97,97,97
97,97,97,97,97,97,97,97,97,97,97,97,97,97,97,97,97,97,97,97,97,97,97,97,97,97,97,97,97,97,152,152,158,160,166,168,174,174,178,180,181,181,183,187,189,189,189,191,191,197,197,197,197,197,197,197,197,197,197,197,197,197,197,197,197,197,197,197,197,197,197,197,198,202,168,132,132,132,132,132,132,132,132,132,132,132,132,132,132,132,132,132,132,132,132,132,132,132,132,132,132,132,132,132,132,132,132,132,132,132,132,132,132,132,132,132,132,132,132,132,132,132,132,132,146,208,201,203,197,197,197,197,197,197,197,197,197,197,197,197,197,197,197,197,197,197,197,197,197,197,197,196,191,191,189,189,189,186,182,181,180,178,178,174,173,171,161,158,155,152,142,97,97,97,97,97,97,97,97,97,97,97,97,97,97,97,97,97,97,97,97,97,97,97,97,97,97,97,97,97
97,97,97,97,97,97,97,97,97,97,97,97,97,97,97,97,97,97,97,97,97,97,97,97,97,97,97,97,97,97,97,151,152,158,160,166,167,174,174,175,179,181,181,183,183,188,189,189,191,191,197,197,197,197,197,197,197,197,197,197,197,197,197,197,197,197,197,197,197,197,197,197,197,197,203,206,192,144,132,132,132,132,132,132,132,132,132,132,132,132,132,132,132,132,132,132,132,132,132,132,132,132,132,132,132,132,132,132,132,132,132,132,132,132,132,132,132,132,132,132,132,132,178,208,204,197,197,197,197,197,197,197,197,197,197,197,197,197,197,197,197,197,197,197,197,197,197,197,197,197,194,195,191,189,189,186,184,181,181,180,177,175,174,170,168,160,158,153,152,142,97,97,97,97,97,97,97,97,97,97,97,97,97,97,97,97,97,97,97,97,97,97,97,97,97,97,97,97,97,97
97,97,97,97,97,97,97,97,97,97,97,97,97,97,97,97,97,97,97,97,97,97,97,97,97,97,97,97,97,97,97,97,152,152,158,160,166,168,174,174,175,179,180,181,186,186,186,189,189,194,194,194,196,197,197,197,197,197,197,197,197,197,197,197,197,197,197,197,197,197,197,197,197,197,197,197,203,201,206,178,133,132,132,132,132,132,132,132,132,132,132,132,132,132,132,132,132,132,132,132,132,132,132,132,132,132,132,132,132,132,132,132,132,132,132,132,132,132,132,165,208,201,199,197,197,197,197,197,197,197,197,197,197,197,197,197,197,197,197,197,197,197,197,197,197,197,197,197,193,192,190,189,189,189,184,183,181,181,181,177,174,174,168,166,164,158,152,152,107,97,97,97,97,97,97,97,97,97,97,97,97,97,97,97,97,97,97,97,97,97,97,97,97,97,97,97,97,97,97,97
97,97,97,97,97,97,97,97,97,97,97,97,97,97,97,97,97,97,97,97,97,97,97,97,97,97,97,97,97,97,97,97,97,152,152,158,160,166,167,173,174,174,179,178,181,181,183,184,185,189,189,194,194,193,197,197,197,197,197,197,197,197,197,197,197,197,197,197,197,197,197,197,197,197,197,197,197,197,197,198,202,208,183,144,132,132,132,132,132,132,132,132,132,132,132,132,132,132,132,132,132,132,132,132,132,132,132,132,132,132,132,132,132,132,132,136,174,208,206,205,199,197,197,197,197,197,197,197,197,197,197,197,197,197,197,197,197,197,197,197,197,197,197,197,197,197,197,196,192,190,189,189,188,186,183,181,181,181,174,174,174,168,166,163,158,152,152,108,97,97,97,97,97,97,97,97,97,97,97,97,97,97,97,97,97,97,97,97,97,97,97,97,97,97,97,97,97,97,97,97
97,97,97,97,97,97,97,97,97,97,97,97,97,97,97,97,97,97,97,97,97,97,97,97,97,97,97,97,97,97,97,97,97,97,148,152,156,158,165,166,171,174,178,175,178,181,181,181,184,185,189,189,194,192,195,196,197,197,197,197,197,197,197,197,197,197,197,197,197,197,197,197,197,197,197,197,197,197,197,197,197,203,199,200,207,205,183,141,130,132,132,132,132,132,132,132,132,132,132,132,132,132,132,132,132,132,132,132,132,132,132,139,167,199,208,201,201,197,197,197,197,197,197,197,197,197,197,197,197,197,197,197,197,197,197,197,197,197,197,197,197,197,197,197,197,192,192,190,191,189,189,188,186,183,181,181,178,175,174,174,171,166,163,158,153,152,97,97,97,97,97,97,97,97,97,97,97,97,97,97,97,97,97,97,97,97,97,97,97,97,97,97,97,97,97,97,97,97,97,97
97,97,97,97,97,97,97,97,97,97,97,97,97,97,97,97,97,97,97,97,97,97,97,97,97,97,97,97,97,97,97,97,97,97,97,121,152,156,158,166,166,170,174,174,175,178,181,181,181,184,187,188,189,189,191,194,194,197,197,197,197,197,197,197,197,197,197,197,197,197,197,197,197,197,197,197,197,197,197,197,197,197,197,197,197,199,198,204,208,208,205,195,177,164,149,132,132,132,132,132,132,132,132,132,144,164,177,195,203,208,208,202,204,198,197,197,197,197,197,197,197,197,197,197,197,197,197,197,197,197,197,197,197,197,197,197,197,197,197,197,197,197,197,193,191,191,194,189,189,185,184,182,183,181,180,178,178,174,170,167,166,160,155,152,151,97,97,97,97,97,97,97,97,97,97,97,97,97,97,97,97,97,97,97,97,97,97,97,97,97,97,97,97,97,97,97,97,97,97,97
97,97,97,97,97,97,97,97,97,97,97,97,97,97,97,97,97,97,97,97,97,97,97,97,97,97,97,97,97,97,97,97,97,97,97,97,97,152,152,158,160,166,168,170,174,174,179,177,181,181,181,186,189,189,189,191,194,194,195,196,197,197,197,197,197,197,197,197,197,197,197,197,197,197,197,197,197,197,197,197,197,197,197,197,197,197,197,197,203,197,197,199,204,204,207,207,207,206,208,206,207,208,208,207,204,205,201,200,197,197,197,197,197,197,197,197,197,197,197,197,197,197,197,197,197,197,197,197,197,197,197,197,197,197,197,197,197,197,197,197,197,197,192,191,190,189,189,189,188,187,182,181,180,179,178,174,174,171,166,160,158,152,152,152,97,97,97,97,97,97,97,97,97,97,97,97,97,97,97,97,97,97,97,97,97,97,97,97,97,97,97,97,97,97,97,97,97,97,97,97
97,97,97,97,97,97,97,97,97,97,97,97,97,97,97,97,97,97,97,97,97,97,97,97,97,97,97,97,97,97,97,97,97,97,97,97,97,101,152,152,157,159,165,168,173,174,174,174,179,177,181,183,183,186,188,189,189,191,191,195,197,197,197,197,197,197,197,197,197,197,197,197,197,197,197,197,197,197,197,197,197,197,197,197,197,197,197,197,197,197,197,197,197,197,197,197,197,197,197,199,197,197,197,197,197,197,197,197,197,197,197,197,197,197,197,197,197,197,197,197,197,197,197,197,197,197,197,197,197,197,197,197,197,197,197,197,197,197,197,197,193,194,194,189,189,189,185,187,183,181,181,181,177,174,174,174,169,166,160,158,153,152,121,97,97,97,97,97,97,97,97,97,97,97,97,97,97,97,97,97,97,97,97,97,97,97,97,97,97,97,97,97,97,97,97,97,97,97,97,97
97,97,97,97,97,97,97,97,97,97,97,97,97,97,97,97,97,97,97,97,97,97,97,97,97,97,97,97,97,97,97,97,97,97,97,97,97,97,97,151,152,156,158,163,166,171,174,174,174,175,178,181,181,181,184,184,188,189,189,189,191,194,197,196,197,197,197,197,197,197,197,197,197,197,197,197,197,197,197,197,197,197,197,197,197,197,197,197,197,197,197,197,197,197,197,197,197,197,197,197,197,197,197,197,197,197,197,197,197,197,197,197,197,197,197,197,197,197,197,197,197,197,197,197,197,197,197,197,197,197,197,197,197,197,197,197,197,196,197,191,191,189,189,189,185,186,183,181,181,181,180,178,174,174,171,171,161,158,157,152,152,129,97,97,97,97,97,97,97,97,97,97,97,97,97,97,97,97,97,97,97,97,97,97,97,97,97,97,97,97,97,97,97,97,97,97,97,97,97,97
97,97,97,97,97,97,97,97,97,97,97,97,97,97,97,97,97,97,97,97,97,97,97,97,97,97,97,97,97,97,97,97,97,97,97,97,97,97,97,97,142,152,155,158,160,166,171,170,174,174,174,178,177,181,181,183,187,186,188,189,189,190,190,192,196,197,197,197,197,197,197,197,197,197,197,197,197,197,197,197,197,197,197,197,197,197,197,197,197,197,197,197,197,197,197,197,197,197,197,197,197,197,197,197,197,197,197,197,197,197,197,197,197,197,197,197,197,197,197,197,197,197,197,197,197,197,197,197,197,197,197,197,197,197,197,196,196,194,191,189,189,189,185,184,183,183,181,181,178,176,178,174,174,169,166,160,158,153,152,151,101,97,97,97,97,97,97,97,97,97,97,97,97,97,97,97,97,97,97,97,97,97,97,97,97,97,97,97,97,97,97,97,97,97,97,97,97,97,97,97
97,97,97,97,97,97,97,97,97,97,97,97,97,97,97,97,97,97,97,97,97,97,97,97,97,97,97,97,97,97,97,97,97,97,97,97,97,97,97,97,97,97,152,152,156,160,164,166,168,173,174,175,175,178,180,181,181,186,187,187,188,189,189,189,191,195,194,197,197,197,197,197,197,197,197,197,197,197,197,197,197,197,197,197,197,197,197,197,197,197,197,197,197,197,197,197,197,197,197,197,197,197,197,197,197,197,197,197,197,197,197,197,197,197,197,197,197,197,197,197,197,197,197,197,197,197,197,197,197,197,197,197,197,196,191,191,190,194,189,189,188,186,184,186,181,181,177,177,175,174,174,169,166,166,158,157,152,152,142,97,97,97,97,97,97,97,97,97,97,97,97,97,97,97,97,97,97,97,97,97,97,97,97,97,97,97,97,97,97,97,97,97,97,97,97,97,97,97,97,97
97,97,97,97,97,97,97,97,97,97,97,97,97,97,97,97,97,97,97,97,97,97,97,97,97,97,97,97,97,97,97,97,97,97,97,97,97,97,97,97,97,97,97,152,152,154,158,160,166,167,171,174,174,175,177,177,181,181,181,183,186,184,188,189,189,190,191,191,191,194,193,197,197,197,197,197,197,197,197,197,197,197,197,197,197,197,197,197,197,197,197,197,197,197,197,197,197,197,197,197,197,197,197,197,197,197,197,197,197,197,197,197,197,197,197,197,197,197,197,197,197,197,197,197,197,197,197,197,197,197,193,196,192,191,191,189,189,189,189,184,187,182,181,181,181,178,178,175,174,173,168,166,162,158,153,152,152,108,97,97,97,97,97,97,97,97,97,97,97,97,97,97,97,97,97,97,97,97,97,97,97,97,97,97,97,97,97,97,97,97,97,97,97,97,97,97,97,97,97,97
97,97,97,97,97,97,97,97,97,97,97,97,97,97,97,97,97,97,97,97,97,97,97,97,97,97,97,97,97,97,97,97,97,97,97,97,97,97,97,97,97,97,97,97,129,152,152,157,158,161,166,167,171,174,174,175,175,180,181,181,181,183,184,187,185,189,189,189,191,190,191,191,192,197,197,197,197,197,197,197,197,197,197,197,197,197,197,197,197,197,197,197,197,197,197,197,197,197,197,197,197,197,197,197,197,197,197,197,197,197,197,197,197,197,197,197,197,197,197,197,197,197,197,197,197,197,197,196,192,195,191,190,189,189,189,189,189,187,183,183,181,181,181,176,178,178,174,174,168,166,166,158,157,155,152,148,97,97,97,97,97,97,97,97,97,97,97,97,97,97,97,97,97,97,97,97,97,97,97,97,97,97,97,97,97,97,97,97,97,97,97,97,97,97,97,97,97,97,97,97
97,97,97,97,97,97,97,97,97,97,97,97,97,97,97,97,97,97,97,97,97,97,97,97,97,97,97,97,97,97,97,97,97,97,97,97,97,97,97,97,97,97,97,97,97,97,141,152,155,158,163,162,166,172,174,174,174,175,176,177,181,181,181,183,184,183,185,189,189,189,189,191,190,191,195,194,193,197,197,197,197,197,197,197,197,197,197,197,197,197,197,197,197,197,197,197,197,197,197,197,197,197,197,197,197,197,197,197,197,197,197,197,197,197,197,197,197,197,197,197,197,197,197,197,196,196,195,195,194,194,189,189,189,188,184,183,184,181,181,181,181,180,175,178,174,174,173,166,166,163,158,154,152,152,100,97,97,97,97,97,97,97,97,97,97,97,97,97,97,97,97,97,97,97,97,97,97,97,97,97,97,97,97,97,97,97,97,97,97,97,97,97,97,97,97,97,97,97,97,97
97,97,97,97,97,97,97,97,97,97,97,97,97,97,97,97,97,97,97,97,97,97,97,97,97,97,97,97,97,97,97,97,97,97,97,97,97,97,97,97,97,97,97,97,97,97,97,108,152,152,155,158,163,160,166,169,174,174,174,175,178,178,180,181,181,183,181,183,187,189,189,189,189,189,189,191,191,191,195,194,196,197,197,197,197,197,197,197,197,197,197,197,197,197,197,197,197,197,197,197,197,197,197,197,197,197,197,197,197,197,197,197,197,197,197,197,197,197,197,197,196,194,194,194,192,191,190,189,189,189,189,184,186,186,182,181,181,181,181,178,175,175,174,174,169,166,166,160,158,156,152,152,141,97,97,97,97,97,97,97,97,97,97,97,97,97,97,97,97,97,97,97,97,97,97,97,97,97,97,97,97,97,97,97,97,97,97,97,97,97,97,97,97,97,97,97,97,97,97,97
97,97,97,97,97,97,97,97,97,97,97,97,97,97,97,97,97,97,97,97,97,97,97,97,97,97,97,97,97,97,97,97,97,97,97,97,97,97,97,97,97,97,97,97,97,97,97,97,97,121,152,152,153,158,160,166,166,168,173,174,175,177,175,176,180,181,181,181,183,183,188,188,188,189,189,189,189,191,191,195,194,194,192,192,196,197,197,197,197,197,197,197,197,197,197,197,197,197,197,197,197,197,197,197,197,197,197,197,197,197,197,197,197,197,197,197,194,193,191,191,195,191,189,190,189,189,189,189,185,188,186,182,183,181,181,181,177,176,178,178,174,174,173,169,166,161,158,154,152,152,151,97,97,97,97,97,97,97,97,97,97,97,97,97,97,97,97,97,97,97,97,97,97,97,97,97,97,97,97,97,97,97,97,97,97,97,97,97,97,97,97,97,97,97,97,97,97,97,97,97
97,97,97,97,97,97,97,97,97,97,97,97,97,97,97,97,97,97,97,97,97,97,97,97,97,97,97,97,97,97,97,97,97,97,97,97,97,97,97,97,97,97,97,97,97,97,97,97,97,97,97,152,152,152,158,158,163,166,166,169,173,174,174,175,177,178,181,180,181,181,181,183,182,184,186,184,189,189,189,189,189,194,191,194,191,191,195,197,197,197,196,196,196,197,197,197,197,197,197,197,197,197,197,197,197,196,197,196,197,194,194,196,192,195,194,194,194,189,191,189,189,189,189,189,189,189,183,187,186,186,181,181,181,180,178,179,175,174,174,174,169,166,166,161,158,158,153,152,152,97,97,97,97,97,97,97,97,97,97,97,97,97,97,97,97,97,97,97,97,97,97,97,97,97,97,97,97,97,97,97,97,97,97,97,97,97,97,97,97,97,97,97,97,97,97,97,97,97,97,97
97,97,97,97,97,97,97,97,97,97,97,97,97,97,97,97,97,97,97,97,97,97,97,97,97,97,97,97,97,97,97,97,97,97,97,97,97,97,97,97,97,97,97,97,97,97,97,97,97,97,97,97,97,151,152,152,158,158,164,166,166,168,170,174,174,174,175,179,177,177,181,181,181,181,186,183,186,187,184,185,188,189,189,189,189,191,189,190,191,191,191,192,191,192,194,194,192,192,194,194,192,192,194,192,194,194,191,191,194,190,194,192,189,190,194,189,189,189,189,189,189,189,184,183,187,183,184,183,181,181,181,181,180,175,174,174,174,174,170,168,166,164,159,158,152,152,152,111,97,97,97,97,97,97,97,97,97,97,97,97,97,97,97,97,97,97,97,97,97,97,97,97,97,97,97,97,97,97,97,97,97,97,97,97,97,97,97,97,97,97,97,97,97,97,97,97,97,97,97,97
97,97,97,97,97,97,97,97,97,97,97,97,97,97,97,97,97,97,97,97,97,97,97,97,97,97,97,97,97,97,97,97,97,97,97,97,97,97,97,97,97,97,97,97,97,97,97,97,97,97,97,97,97,97,97,151,152,155,158,158,163,165,166,168,171,174,174,174,178,175,179,178,178,180,181,181,181,181,183,183,186,186,183,186,188,188,189,189,189,189,189,189,189,189,189,189,194,191,189,189,191,189,190,189,189,189,189,194,189,189,189,189,189,189,189,189,185,185,184,186,184,186,182,183,181,181,181,181,177,176,177,178,174,174,174,173,169,166,165,160,158,157,153,152,152,128,97,97,97,97,97,97,97,97,97,97,97,97,97,97,97,97,97,97,97,97,97,97,97,97,97,97,97,97,97,97,97,97,97,97,97,97,97,97,97,97,97,97,97,97,97,97,97,97,97,97,97,97,97,97
97,97,97,97,97,97,97,97,97,97,97,97,97,97,97,97,97,97,97,97,97,97,97,97,97,97,97,97,97,97,97,97,97,97,97,97,97,97,97,97,97,97,97,97,97,97,97,97,97,97,97,97,97,97,97,97,97,152,152,153,157,158,160,162,166,167,169,173,174,174,174,175,174,176,177,178,177,181,181,181,183,182,186,186,184,184,184,188,184,188,189,185,189,189,189,189,189,189,189,189,189,189,189,189,189,189,189,189,185,189,188,186,186,184,186,183,187,182,183,183,181,181,181,181,181,177,178,178,175,174,175,174,174,171,167,166,166,160,158,155,153,152,152,142,97,97,97,97,97,97,97,97,97,97,97,97,97,97,97,97,97,97,97,97,97,97,97,97,97,97,97,97,97,97,97,97,97,97,97,97,97,97,97,97,97,97,97,97,97,97,97,97,97,97,97,97,97,97,97,97
97,97,97,97,97,97,97,97,97,97,97,97,97,97,97,97,97,97,97,97,97,97,97,97,97,97,97,97,97,97,97,97,97,97,97,97,97,97,97,97,97,97,97,97,97,97,97,97,97,97,97,97,97,97,97,97,97,97,97,141,152,152,154,158,158,163,166,166,166,173,173,174,174,174,174,175,178,178,179,177,178,181,181,181,181,181,183,183,186,181,182,183,186,187,184,183,186,186,184,184,186,186,184,186,184,184,182,183,186,186,183,181,183,181,181,181,181,181,181,181,180,177,176,178,175,174,174,174,174,173,174,171,166,166,164,163,158,158,152,152,152,128,97,97,97,97,97,97,97,97,97,97,97,97,97,97,97,97,97,97,97,97,97,97,97,97,97,97,97,97,97,97,97,97,97,97,97,97,97,97,97,97,97,97,97,97,97,97,97,97,97,97,97,97,97,97,97,97,97,97
97,97,97,97,97,97,97,97,97,97,97,97,97,97,97,97,97,97,97,97,97,97,97,97,97,97,97,97,97,97,97,97,97,97,97,97,97,97,97,97,97,97,97,97,97,97,97,97,97,97,97,97,97,97,97,97,97,97,97,97,97,111,152,152,152,155,158,158,160,166,166,168,168,171,174,174,174,174,178,175,177,178,177,181,180,180,181,181,181,181,181,181,181,181,181,181,181,183,181,186,181,186,181,183,181,181,181,181,181,181,181,181,181,181,181,177,178,177,178,178,178,174,174,174,174,174,173,173,167,166,166,160,160,158,157,152,152,152,151,97,97,97,97,97,97,97,97,97,97,97,97,97,97,97,97,97,97,97,97,97,97,97,97,97,97,97,97,97,97,97,97,97,97,97,97,97,97,97,97,97,97,97,97,97,97,97,97,97,97,97,97,97,97,97,97,97,97,97,97,97
97,97,97,97,97,97,97,97,97,97,97,97,97,97,97,97,97,97,97,97,97,97,97,97,97,97,97,97,97,97,97,97,97,97,97,97,97,97,97,97,97,97,97,97,97,97,97,97,97,97,97,97,97,97,97,97,97,97,97,97,97,97,97,108,151,152,152,152,154,158,158,161,165,166,166,167,171,174,174,174,174,174,175,174,174,178,177,175,176,180,181,177,180,178,180,181,180,181,180,181,180,181,181,181,181,181,180,177,177,176,181,179,178,178,176,178,175,174,178,174,174,174,173,171,171,166,166,165,160,158,158,156,155,152,152,152,138,97,97,97,97,97,97,97,97,97,97,97,97,97,97,97,97,97,97,97,97,97,97,97,97,97,97,97,97,97,97,97,97,97,97,97,97,97,97,97,97,97,97,97,97,97,97,97,97,97,97,97,97,97,97,97,97,97,97,97,97,97,97,97
97,97,97,97,97,97,97,97,97,97,97,97,97,97,97,97,97,97,97,97,97,97,97,97,97,97,97,97,97,97,97,97,97,97,97,97,97,97,97,97,97,97,97,97,97,97,97,97,97,97,97,97,97,97,97,97,97,97,97,97,97,97,97,97,97,97,111,151,152,152,152,157,158,158,159,160,165,166,166,169,172,171,174,174,174,174,174,174,174,175,174,174,175,174,175,177,176,174,179,177,178,174,178,174,175,179,174,174,178,174,175,174,174,174,174,174,174,174,173,171,167,166,166,166,165,163,159,158,157,155,152,152,152,151,111,97,97,97,97,97,97,97,97,97,97,97,97,97,97,97,97,97,97,97,97,97,97,97,97,97,97,97,97,97,97,97,97,97,97,97,97,97,97,97,97,97,97,97,97,97,97,97,97,97,97,97,97,97,97,97,97,97,97,97,97,97,97,97,97,97
97,97,97,97,97,97,97,97,97,97,97,97,97,97,97,97,97,97,97,97,97,97,97,97,97,97,97,97,97,97,97,97,97,97,97,97,97,97,97,97,97,97,97,97,97,97,97,97,97,97,97,97,97,97,97,97,97,97,97,97,97,97,97,97,97,97,97,97,97,108,152,152,152,152,153,158,158,160,163,163,166,166,166,166,171,172,169,170,174,173,174,174,174,174,174,174,174,174,174,174,174,174,174,174,174,174,174,174,174,174,174,174,174,173,172,171,171,166,166,166,166,163,158,158,158,156,152,152,152,152,151,97,97,97,97,97,97,97,97,97,97,97,97,97,97,97,97,97,97,97,97,97,97,97,97,97,97,97,97,97,97,97,97,97,97,97,97,97,97,97,97,97,97,97,97,97,97,97,97,97,97,97,97,97,97,97,97,97,97,97,97,97,97,97,97,97,97,97,97,97
97,97,97,97,97,97,97,97,97,97,97,97,97,97,97,97,97,97,97,97,97,97,97,97,97,97,97,97,97,97,97,97,97,97,97,97,97,97,97,97,97,97,97,97,97,97,97,97,97,97,97,97,97,97,97,97,97,97,97,97,97,97,97,97,97,97,97,97,97,97,97,97,111,151,152,152,152,153,154,158,158,158,160,161,160,162,166,166,166,166,168,168,168,171,169,168,168,169,171,169,170,173,172,169,168,168,169,168,167,168,166,166,166,166,166,165,161,160,158,158,158,154,152,152,152,152,151,141,111,97,97,97,97,97,97,97,97,97,97,97,97,97,97,97,97,97,97,97,97,97,97,97,97,97,97,97,97,97,97,97,97,97,97,97,97,97,97,97,97,97,97,97,97,97,97,97,97,97,97,97,97,97,97,97,97,97,97,97,97,97,97,97,97,97,97,97,97,97,97,97
97,97,97,97,97,97,97,97,97,97,97,97,97,97,97,97,97,97,97,97,97,97,97,97,97,97,97,97,97,97,97,97,97,97,97,97,97,97,97,97,97,97,97,97,97,97,97,97,97,97,97,97,97,97,97,97,97,97,97,97,97,97,97,97,97,97,97,97,97,97,97,97,97,97,97,97,129,148,152,152,152,152,155,156,157,158,158,158,158,163,163,164,164,164,165,165,161,166,165,165,166,166,165,166,164,164,163,163,163,161,158,163,163,158,158,158,156,153,152,152,152,152,152,138,97,97,97,97,97,97,97,97,97,97,97,97,97,97,97,97,97,97,97,97,97,97,97,97,97,97,97,97,97,97,97,97,97,97,97,97,97,97,97,97,97,97,97,97,97,97,97,97,97,97,97,97,97,97,97,97,97,97,97,97,97,97,97,97,97,97,97,97,97,97,97,97,97,97,97,97
97,97,97,97,97,97,97,97,97,97,97,97,97,97,97,97,97,97,97,97,97,97,97,97,97,97,97,97,97,97,97,97,97,97,97,97,97,97,97,97,97,97,97,97,97,97,97,97,97,97,97,97,97,97,97,97,97,97,97,97,97,97,97,97,97,97,97,97,97,97,97,97,97,97,97,97,97,97,97,97,97,153,152,152,152,152,153,152,153,152,154,155,157,158,158,158,158,158,159,158,158,158,158,158,158,158,158,158,155,157,153,155,153,152,152,152,152,151,152,142,97,97,97,97,97,97,97,97,97,97,97,97,97,97,97,97,97,97,97,97,97,97,97,97,97,97,97,97,97,97,97,97,97,97,97,97,97,97,97,97,97,97,97,97,97,97,97,97,97,97,97,97,97,97,97,97,97,97,97,97,97,97,97,97,97,97,97,97,97,97,97,97,97,97,97,97,97,97,97,97
97,97,97,97,97,97,97,97,97,97,97,97,97,97,97,97,97,97,97,97,97,97,97,97,97,97,97,97,97,97,97,97,97,97,97,97,97,97,97,97,97,97,97,97,97,97,97,97,97,97,97,97,97,97,97,97,97,97,97,97,97,97,97,97,97,97,97,97,97,97,97,97,97,97,97,97,97,97,97,97,97,97,97,97,97,97,97,138,138,151,152,152,152,152,152,152,152,152,152,152,152,152,152,152,152,152,152,152,152,152,151,138,138,138,97,97,97,97,97,97,97,97,97,97,97,97,97,97,97,97,97,97,97,97,97,97,97,97,97,97,97,97,97,97,97,97,97,97,97,97,97,97,97,97,97,97,97,97,97,97,97,97,97,97,97,97,97,97,97,97,97,97,97,97,97,97,97,97,97,97,97,97,97,97,97,97,97,97,97,97,97,97,97,97,97,97,97,97,97,97
